ca65 V2.18 - Ubuntu 2.19-1
Main file   : min_mon.asm
Current file: min_mon.asm

000000r 1               ; Heavily edited to work with the LT6502 project
000000r 1               ;	https://github.com/TechPaula/LT6502
000000r 1               ;
000000r 1               ; TODO	1) Add scrolling when in text mode rather than the screen wrapping
000000r 1               ; TODO	2) Add "MODE" for switching between "MODE 0" (text) and "MODE 1" (Graphics) from basic
000000r 1               ; TODO	3) Add compact flash LOAD/SAVE/DIR
000000r 1               ; TODO  4) Add, if possible, more versatile beep, something with pitch and length?
000000r 1               
000000r 1               	.feature labels_without_colons
000000r 1               	.feature force_range
000000r 1               	.pc02
000000r 1               
000000r 1               ; minimal monitor for EhBASIC and 6502 simulator V1.05
000000r 1               
000000r 1               ; To run EhBASIC on the simulator load and assemble [F7] this file, start the simulator
000000r 1               ; running [F6] then start the code with the RESET [CTRL][SHIFT]R. Just selecting RUN
000000r 1               ; will do nothing, you'll still have to do a reset to run the code.
000000r 1               
000000r 1               	.include "basic.asm"
000000r 2               
000000r 2               ; Enhanced BASIC to assemble under 6502 simulator, $ver 2.22p5
000000r 2               
000000r 2               ; $E7E1 $E7CF $E7C6 $E7D3 $E7D1 $E7D5 $E7CF $E81E $E825
000000r 2               
000000r 2               ; 2.00      new revision numbers start here
000000r 2               ; 2.01      fixed LCASE$() and UCASE$()
000000r 2               ; 2.02      new get value routine done
000000r 2               ; 2.03      changed RND() to galoise method
000000r 2               ; 2.04      fixed SPC()
000000r 2               ; 2.05      new get value routine fixed
000000r 2               ; 2.06      changed USR() code
000000r 2               ; 2.07      fixed STR$()
000000r 2               ; 2.08      changed INPUT and READ to remove need for $00 start to input buffer
000000r 2               ; 2.09      fixed RND()
000000r 2               ; 2.10      integrated missed changes from an earlier version
000000r 2               ; 2.20      added ELSE to IF .. THEN and fixed IF .. GOTO <statement> to cause error
000000r 2               ; 2.21      fixed IF .. THEN RETURN to not cause error
000000r 2               ; 2.22      fixed RND() breaking the get byte routine
000000r 2               ; 2.22p     patched to disable use of decimal mode and fix Ibuff issues
000000r 2               ;              (bugsnquirks.txt notes 2, 4 and 5)
000000r 2               ;              tabs converted to spaces, tabwidth=6
000000r 2               ; 2.22p2    fixed can't continue error on 1st statement after direct mode
000000r 2               ;              changed INPUT to throw "break in line ##" on empty line input
000000r 2               ; 2.22p3    fixed RAM above code / Ibuff above EhBASIC patch breaks STR$()
000000r 2               ;              fix provided by github user mgcaret
000000r 2               ; 2.22p4    fixed string compare of equal strings in direct mode returns FALSE
000000r 2               ;              fixed FALSE stored to a variable after a string compare
000000r 2               ;                 is > 0 and < 1E-16
000000r 2               ;              added additional stack floor protection for background interrupts
000000r 2               ;              fixed conditional LOOP & NEXT cannot find their data strucure on stack
000000r 2               ; 2.22p5    fixes issues reported by users Ruud and dclxvi on the 6502.org forum
000000r 2               ;      5.0     http://forum.6502.org/viewtopic.php?f=5&t=5500
000000r 2               ;              sanity check for RAM top allows values below RAM base
000000r 2               ;      5.1-7   http://forum.6502.org/viewtopic.php?f=5&t=5606
000000r 2               ;              1-7 coresponds to the bug# in the thread
000000r 2               ;      5.1     TO expression with a subtract may evaluate with the sign bit flipped
000000r 2               ;      5.3     call to LAB_1B5B may return to an address -$100 (page not incremented)
000000r 2               ;      5.4     string concatenate followed by MINUS or NOT() crashes EhBASIC
000000r 2               ;      5.5     garbage collection may cause an overlap with temporary strings
000000r 2               ;      5.6     floating point multiply rounding bug
000000r 2               ;      5.7     VAL() may cause string variables to be trashed
000000r 2               
000000r 2               ; zero page use ..
000000r 2               
000000r 2               ; the following locations are bulk initialized from StrTab at LAB_GMEM
000000r 2               LAB_WARM          = $00       ; BASIC warm start entry point
000000r 2               Wrmjpl            = LAB_WARM+1; BASIC warm start vector jump low byte
000000r 2               Wrmjph            = LAB_WARM+2; BASIC warm start vector jump high byte
000000r 2               
000000r 2               Usrjmp            = $0A       ; USR function JMP address
000000r 2               Usrjpl            = Usrjmp+1  ; USR function JMP vector low byte
000000r 2               Usrjph            = Usrjmp+2  ; USR function JMP vector high byte
000000r 2               Nullct            = $0D       ; nulls output after each line
000000r 2               TPos              = $0E       ; BASIC terminal position byte
000000r 2               TWidth            = $0F       ; BASIC terminal width byte
000000r 2               Iclim             = $10       ; input column limit
000000r 2               Itempl            = $11       ; temporary integer low byte
000000r 2               Itemph            = Itempl+1  ; temporary integer high byte
000000r 2               ; end bulk initialize from StrTab at LAB_GMEM
000000r 2               
000000r 2               nums_1            = Itempl    ; number to bin/hex string convert MSB
000000r 2               nums_2            = nums_1+1  ; number to bin/hex string convert
000000r 2               nums_3            = nums_1+2  ; number to bin/hex string convert LSB
000000r 2               
000000r 2               Srchc             = $5B       ; search character
000000r 2               Temp3             = Srchc     ; temp byte used in number routines
000000r 2               Scnquo            = $5C       ; scan-between-quotes flag
000000r 2               Asrch             = Scnquo    ; alt search character
000000r 2               
000000r 2               XOAw_l            = Srchc     ; eXclusive OR, OR and AND word low byte
000000r 2               XOAw_h            = Scnquo    ; eXclusive OR, OR and AND word high byte
000000r 2               
000000r 2               Ibptr             = $5D       ; input buffer pointer
000000r 2               Dimcnt            = Ibptr     ; # of dimensions
000000r 2               Tindx             = Ibptr     ; token index
000000r 2               
000000r 2               Defdim            = $5E       ; default DIM flag
000000r 2               Dtypef            = $5F       ; data type flag, $FF=string, $00=numeric
000000r 2               Oquote            = $60       ; open quote flag (b7) (Flag: DATA scan; LIST quote; memory)
000000r 2               Gclctd            = $60       ; garbage collected flag
000000r 2               Sufnxf            = $61       ; subscript/FNX flag, 1xxx xxx = FN(0xxx xxx)
000000r 2               Imode             = $62       ; input mode flag, $00=INPUT, $80=READ
000000r 2               
000000r 2               Cflag             = $63       ; comparison evaluation flag
000000r 2               
000000r 2               TabSiz            = $64       ; TAB step size (was input flag)
000000r 2               
000000r 2               next_s            = $65       ; next descriptor stack address
000000r 2               
000000r 2                                             ; these two bytes form a word pointer to the item
000000r 2                                             ; currently on top of the descriptor stack
000000r 2               last_sl           = $66       ; last descriptor stack address low byte
000000r 2               last_sh           = $67       ; last descriptor stack address high byte (always $00)
000000r 2               
000000r 2               des_sk            = $68       ; descriptor stack start address (temp strings)
000000r 2               
000000r 2               ;                 = $70       ; End of descriptor stack
000000r 2               
000000r 2               ut1_pl            = $71       ; utility pointer 1 low byte
000000r 2               ut1_ph            = ut1_pl+1  ; utility pointer 1 high byte
000000r 2               ut2_pl            = $73       ; utility pointer 2 low byte
000000r 2               ut2_ph            = ut2_pl+1  ; utility pointer 2 high byte
000000r 2               
000000r 2               Temp_2            = ut1_pl    ; temp byte for block move
000000r 2               
000000r 2               FACt_1            = $75       ; FAC temp mantissa1
000000r 2               FACt_2            = FACt_1+1  ; FAC temp mantissa2
000000r 2               FACt_3            = FACt_2+1  ; FAC temp mantissa3
000000r 2               
000000r 2               dims_l            = FACt_2    ; array dimension size low byte
000000r 2               dims_h            = FACt_3    ; array dimension size high byte
000000r 2               
000000r 2               TempB             = $78       ; temp page 0 byte
000000r 2               
000000r 2               Smeml             = $79       ; start of mem low byte       (Start-of-Basic)
000000r 2               Smemh             = Smeml+1   ; start of mem high byte      (Start-of-Basic)
000000r 2               Svarl             = $7B       ; start of vars low byte      (Start-of-Variables)
000000r 2               Svarh             = Svarl+1   ; start of vars high byte     (Start-of-Variables)
000000r 2               Sarryl            = $7D       ; var mem end low byte        (Start-of-Arrays)
000000r 2               Sarryh            = Sarryl+1  ; var mem end high byte       (Start-of-Arrays)
000000r 2               Earryl            = $7F       ; array mem end low byte      (End-of-Arrays)
000000r 2               Earryh            = Earryl+1  ; array mem end high byte     (End-of-Arrays)
000000r 2               Sstorl            = $81       ; string storage low byte     (String storage (moving down))
000000r 2               Sstorh            = Sstorl+1  ; string storage high byte    (String storage (moving down))
000000r 2               Sutill            = $83       ; string utility ptr low byte
000000r 2               Sutilh            = Sutill+1  ; string utility ptr high byte
000000r 2               Ememl             = $85       ; end of mem low byte         (Limit-of-memory)
000000r 2               Ememh             = Ememl+1   ; end of mem high byte        (Limit-of-memory)
000000r 2               Clinel            = $87       ; current line low byte       (Basic line number)
000000r 2               Clineh            = Clinel+1  ; current line high byte      (Basic line number)
000000r 2               Blinel            = $89       ; break line low byte         (Previous Basic line number)
000000r 2               Blineh            = Blinel+1  ; break line high byte        (Previous Basic line number)
000000r 2               
000000r 2               Cpntrl            = $8B       ; continue pointer low byte
000000r 2               Cpntrh            = Cpntrl+1  ; continue pointer high byte
000000r 2               
000000r 2               Dlinel            = $8D       ; current DATA line low byte
000000r 2               Dlineh            = Dlinel+1  ; current DATA line high byte
000000r 2               
000000r 2               Dptrl             = $8F       ; DATA pointer low byte
000000r 2               Dptrh             = Dptrl+1   ; DATA pointer high byte
000000r 2               
000000r 2               Rdptrl            = $91       ; read pointer low byte
000000r 2               Rdptrh            = Rdptrl+1  ; read pointer high byte
000000r 2               
000000r 2               Varnm1            = $93       ; current var name 1st byte
000000r 2               Varnm2            = Varnm1+1  ; current var name 2nd byte
000000r 2               
000000r 2               Cvaral            = $95       ; current var address low byte
000000r 2               Cvarah            = Cvaral+1  ; current var address high byte
000000r 2               
000000r 2               Frnxtl            = $97       ; var pointer for FOR/NEXT low byte
000000r 2               Frnxth            = Frnxtl+1  ; var pointer for FOR/NEXT high byte
000000r 2               
000000r 2               Tidx1             = Frnxtl    ; temp line index
000000r 2               
000000r 2               Lvarpl            = Frnxtl    ; let var pointer low byte
000000r 2               Lvarph            = Frnxth    ; let var pointer high byte
000000r 2               
000000r 2               prstk             = $99       ; precedence stacked flag
000000r 2               
000000r 2               comp_f            = $9B       ; compare function flag, bits 0,1 and 2 used
000000r 2                                             ; bit 2 set if >
000000r 2                                             ; bit 1 set if =
000000r 2                                             ; bit 0 set if <
000000r 2               
000000r 2               func_l            = $9C       ; function pointer low byte
000000r 2               func_h            = func_l+1  ; function pointer high byte
000000r 2               
000000r 2               garb_l            = func_l    ; garbage collection working pointer low byte
000000r 2               garb_h            = func_h    ; garbage collection working pointer high byte
000000r 2               
000000r 2               des_2l            = $9E       ; string descriptor_2 pointer low byte
000000r 2               des_2h            = des_2l+1  ; string descriptor_2 pointer high byte
000000r 2               
000000r 2               g_step            = $A0       ; garbage collect step size
000000r 2               
000000r 2               Fnxjmp            = $A1       ; jump vector for functions
000000r 2               Fnxjpl            = Fnxjmp+1  ; functions jump vector low byte
000000r 2               Fnxjph            = Fnxjmp+2  ; functions jump vector high byte
000000r 2               
000000r 2               g_indx            = Fnxjpl    ; garbage collect temp index
000000r 2               
000000r 2               FAC2_r            = $A3       ; FAC2 rounding byte
000000r 2               
000000r 2               Adatal            = $A4       ; array data pointer low byte
000000r 2               Adatah            = Adatal+1  ; array data pointer high  byte
000000r 2               
000000r 2               Nbendl            = Adatal    ; new block end pointer low byte
000000r 2               Nbendh            = Adatah    ; new block end pointer high  byte
000000r 2               
000000r 2               Obendl            = $A6       ; old block end pointer low byte
000000r 2               Obendh            = Obendl+1  ; old block end pointer high  byte
000000r 2               
000000r 2               numexp            = $A8       ; string to float number exponent count
000000r 2               expcnt            = $A9       ; string to float exponent count
000000r 2               
000000r 2               numbit            = numexp    ; bit count for array element calculations
000000r 2               
000000r 2               numdpf            = $AA       ; string to float decimal point flag
000000r 2               expneg            = $AB       ; string to float eval exponent -ve flag
000000r 2               
000000r 2               Astrtl            = numdpf    ; array start pointer low byte
000000r 2               Astrth            = expneg    ; array start pointer high  byte
000000r 2               
000000r 2               Histrl            = numdpf    ; highest string low byte
000000r 2               Histrh            = expneg    ; highest string high  byte
000000r 2               
000000r 2               Baslnl            = numdpf    ; BASIC search line pointer low byte
000000r 2               Baslnh            = expneg    ; BASIC search line pointer high  byte
000000r 2               
000000r 2               Fvar_l            = numdpf    ; find/found variable pointer low byte
000000r 2               Fvar_h            = expneg    ; find/found variable pointer high  byte
000000r 2               
000000r 2               Ostrtl            = numdpf    ; old block start pointer low byte
000000r 2               Ostrth            = expneg    ; old block start pointer high  byte
000000r 2               
000000r 2               Vrschl            = numdpf    ; variable search pointer low byte
000000r 2               Vrschh            = expneg    ; variable search pointer high  byte
000000r 2               
000000r 2               FAC1_e            = $AC       ; FAC1 exponent
000000r 2               FAC1_1            = FAC1_e+1  ; FAC1 mantissa1
000000r 2               FAC1_2            = FAC1_e+2  ; FAC1 mantissa2
000000r 2               FAC1_3            = FAC1_e+3  ; FAC1 mantissa3
000000r 2               FAC1_s            = FAC1_e+4  ; FAC1 sign (b7)
000000r 2               
000000r 2               str_ln            = FAC1_e    ; string length
000000r 2               str_pl            = FAC1_1    ; string pointer low byte
000000r 2               str_ph            = FAC1_2    ; string pointer high byte
000000r 2               
000000r 2               des_pl            = FAC1_2    ; string descriptor pointer low byte
000000r 2               des_ph            = FAC1_3    ; string descriptor pointer high byte
000000r 2               
000000r 2               mids_l            = FAC1_3    ; MID$ string temp length byte
000000r 2               
000000r 2               negnum            = $B1       ; string to float eval -ve flag
000000r 2               numcon            = $B1       ; series evaluation constant count
000000r 2               
000000r 2               FAC1_o            = $B2       ; FAC1 overflow byte
000000r 2               
000000r 2               FAC2_e            = $B3       ; FAC2 exponent
000000r 2               FAC2_1            = FAC2_e+1  ; FAC2 mantissa1
000000r 2               FAC2_2            = FAC2_e+2  ; FAC2 mantissa2
000000r 2               FAC2_3            = FAC2_e+3  ; FAC2 mantissa3
000000r 2               FAC2_s            = FAC2_e+4  ; FAC2 sign (b7)
000000r 2               
000000r 2               FAC_sc            = $B8       ; FAC sign comparison, Acc#1 vs #2
000000r 2               FAC1_r            = $B9       ; FAC1 rounding byte
000000r 2               
000000r 2               ssptr_l           = FAC_sc    ; string start pointer low byte
000000r 2               ssptr_h           = FAC1_r    ; string start pointer high byte
000000r 2               
000000r 2               sdescr            = FAC_sc    ; string descriptor pointer
000000r 2               
000000r 2               csidx             = $BA       ; line crunch save index
000000r 2               Asptl             = csidx     ; array size/pointer low byte
000000r 2               Aspth             = $BB       ; array size/pointer high byte
000000r 2               
000000r 2               Btmpl             = Asptl     ; BASIC pointer temp low byte
000000r 2               Btmph             = Aspth     ; BASIC pointer temp low byte
000000r 2               
000000r 2               Cptrl             = Asptl     ; BASIC pointer temp low byte
000000r 2               Cptrh             = Aspth     ; BASIC pointer temp low byte
000000r 2               
000000r 2               Sendl             = Asptl     ; BASIC pointer temp low byte
000000r 2               Sendh             = Aspth     ; BASIC pointer temp low byte
000000r 2               
000000r 2               ; the following locations are bulk initialized from LAB_2CEE at LAB_2D4E
000000r 2               LAB_IGBY          = $BC       ; get next BASIC byte subroutine
000000r 2               
000000r 2               LAB_GBYT          = $C2       ; get current BASIC byte subroutine
000000r 2               Bpntrl            = $C3       ; BASIC execute (get byte) pointer low byte
000000r 2               Bpntrh            = Bpntrl+1  ; BASIC execute (get byte) pointer high byte
000000r 2               
000000r 2               ;                 = $D7       ; end of get BASIC char subroutine
000000r 2               ; end bulk initialize from LAB_2CEE at LAB_2D4E
000000r 2               
000000r 2               Rbyte4            = $D8       ; extra PRNG byte
000000r 2               Rbyte1            = Rbyte4+1  ; most significant PRNG byte
000000r 2               Rbyte2            = Rbyte4+2  ; middle PRNG byte
000000r 2               Rbyte3            = Rbyte4+3  ; least significant PRNG byte
000000r 2               
000000r 2               NmiBase           = $DC       ; NMI handler enabled/setup/triggered flags
000000r 2                                             ; bit function
000000r 2                                             ; === ========
000000r 2                                             ; 7   interrupt enabled
000000r 2                                             ; 6   interrupt setup
000000r 2                                             ; 5   interrupt happened
000000r 2               ;                 = $DD       ; NMI handler addr low byte
000000r 2               ;                 = $DE       ; NMI handler addr high byte
000000r 2               IrqBase           = $DF       ; IRQ handler enabled/setup/triggered flags
000000r 2               ;                 = $E0       ; IRQ handler addr low byte
000000r 2               ;                 = $E1       ; IRQ handler addr high byte
000000r 2               
000000r 2               ; *** removed unused comments for $DE-$E1
000000r 2               
000000r 2               ;                 = $E2       ; unused
000000r 2               ;                 = $E3       ; unused
000000r 2               ;                 = $E4       ; unused
000000r 2               ;                 = $E5       ; unused
000000r 2               ;                 = $E6       ; unused
000000r 2               ;                 = $E7       ; unused
000000r 2               ;                 = $E8       ; unused
000000r 2               ;                 = $E9       ; unused
000000r 2               ;                 = $EA       ; unused
000000r 2               ;                 = $EB       ; unused
000000r 2               ;                 = $EC       ; unused
000000r 2               ;                 = $ED       ; unused
000000r 2               ;                 = $EE       ; unused
000000r 2               
000000r 2               Decss             = $EF       ; number to decimal string start
000000r 2               Decssp1           = Decss+1   ; number to decimal string start
000000r 2               
000000r 2               ;                 = $FF       ; decimal string end
000000r 2               
000000r 2               ; token values needed for BASIC
000000r 2               
000000r 2               ; primary command tokens (can start a statement)
000000r 2               
000000r 2               TK_END            = $80             ; END token
000000r 2               TK_FOR            = TK_END+1        ; FOR token
000000r 2               TK_NEXT           = TK_FOR+1        ; NEXT token
000000r 2               TK_DATA           = TK_NEXT+1       ; DATA token
000000r 2               TK_INPUT          = TK_DATA+1       ; INPUT token
000000r 2               TK_DIM            = TK_INPUT+1      ; DIM token
000000r 2               TK_READ           = TK_DIM+1        ; READ token
000000r 2               TK_LET            = TK_READ+1       ; LET token
000000r 2               TK_DEC            = TK_LET+1        ; DEC token
000000r 2               TK_GOTO           = TK_DEC+1        ; GOTO token
000000r 2               TK_RUN            = TK_GOTO+1       ; RUN token
000000r 2               TK_IF             = TK_RUN+1        ; IF token
000000r 2               TK_RESTORE        = TK_IF+1         ; RESTORE token
000000r 2               TK_GOSUB          = TK_RESTORE+1    ; GOSUB token
000000r 2               TK_RETIRQ         = TK_GOSUB+1      ; RETIRQ token
000000r 2               TK_RETNMI         = TK_RETIRQ+1     ; RETNMI token
000000r 2               TK_RETURN         = TK_RETNMI+1     ; RETURN token
000000r 2               TK_REM            = TK_RETURN+1     ; REM token
000000r 2               TK_STOP           = TK_REM+1        ; STOP token
000000r 2               TK_ON             = TK_STOP+1       ; ON token
000000r 2               TK_NULL           = TK_ON+1         ; NULL token
000000r 2               TK_INC            = TK_NULL+1       ; INC token
000000r 2               TK_WAIT           = TK_INC+1        ; WAIT token
000000r 2               TK_LOAD           = TK_WAIT+1       ; LOAD token
000000r 2               TK_SAVE           = TK_LOAD+1       ; SAVE token
000000r 2               TK_DEF            = TK_SAVE+1       ; DEF token
000000r 2               TK_POKE           = TK_DEF+1        ; POKE token
000000r 2               TK_DOKE           = TK_POKE+1       ; DOKE token
000000r 2               TK_CALL           = TK_DOKE+1       ; CALL token
000000r 2               TK_DO             = TK_CALL+1       ; DO token
000000r 2               TK_LOOP           = TK_DO+1         ; LOOP token
000000r 2               TK_PRINT          = TK_LOOP+1       ; PRINT token
000000r 2               TK_CONT           = TK_PRINT+1      ; CONT token
000000r 2               TK_LIST           = TK_CONT+1       ; LIST token
000000r 2               TK_CLEAR          = TK_LIST+1       ; CLEAR token
000000r 2               TK_NEW            = TK_CLEAR+1      ; NEW token
000000r 2               TK_WIDTH          = TK_NEW+1        ; WIDTH token
000000r 2               TK_GET            = TK_WIDTH+1      ; GET token
000000r 2               TK_SWAP           = TK_GET+1        ; SWAP token
000000r 2               TK_BITSET         = TK_SWAP+1       ; BITSET token
000000r 2               TK_BITCLR         = TK_BITSET+1     ; BITCLR token
000000r 2               TK_IRQ            = TK_BITCLR+1     ; IRQ token
000000r 2               TK_NMI            = TK_IRQ+1        ; NMI token
000000r 2               TK_DIR            = TK_NMI+1        ; ?  DIR          VERY NEW COMMAND
000000r 2               TK_CLS            = TK_DIR+1        ; ?  CLS          VERY NEW COMMAND
000000r 2               ; secondary command tokens, can't start a statement
000000r 2               
000000r 2               TK_TAB            = TK_CLS+1        ; TAB token
000000r 2               TK_ELSE           = TK_TAB+1        ; ELSE token
000000r 2               TK_TO             = TK_ELSE+1       ; TO token
000000r 2               TK_FN             = TK_TO+1         ; FN token
000000r 2               TK_SPC            = TK_FN+1         ; SPC token
000000r 2               TK_THEN           = TK_SPC+1        ; THEN token
000000r 2               TK_NOT            = TK_THEN+1       ; NOT token
000000r 2               TK_STEP           = TK_NOT+1        ; STEP token
000000r 2               TK_UNTIL          = TK_STEP+1       ; UNTIL token
000000r 2               TK_WHILE          = TK_UNTIL+1      ; WHILE token
000000r 2               TK_OFF            = TK_WHILE+1      ; OFF token
000000r 2               
000000r 2               ; opperator tokens
000000r 2               
000000r 2               TK_PLUS           = TK_OFF+1        ; + token
000000r 2               TK_MINUS          = TK_PLUS+1       ; - token
000000r 2               TK_MUL            = TK_MINUS+1      ; * token
000000r 2               TK_DIV            = TK_MUL+1        ; / token
000000r 2               TK_POWER          = TK_DIV+1        ; ^ token
000000r 2               TK_AND            = TK_POWER+1      ; AND token
000000r 2               TK_EOR            = TK_AND+1        ; EOR token
000000r 2               TK_OR             = TK_EOR+1        ; OR token
000000r 2               TK_RSHIFT         = TK_OR+1         ; RSHIFT token
000000r 2               TK_LSHIFT         = TK_RSHIFT+1     ; LSHIFT token
000000r 2               TK_GT             = TK_LSHIFT+1     ; > token
000000r 2               TK_EQUAL          = TK_GT+1         ; = token
000000r 2               TK_LT             = TK_EQUAL+1      ; < token
000000r 2               
000000r 2               ; functions tokens
000000r 2               
000000r 2               TK_SGN            = TK_LT+1         ; SGN token
000000r 2               TK_INT            = TK_SGN+1        ; INT token
000000r 2               TK_ABS            = TK_INT+1        ; ABS token
000000r 2               TK_USR            = TK_ABS+1        ; USR token
000000r 2               TK_FRE            = TK_USR+1        ; FRE token
000000r 2               TK_POS            = TK_FRE+1        ; POS token
000000r 2               TK_SQR            = TK_POS+1        ; SQR token
000000r 2               TK_RND            = TK_SQR+1        ; RND token
000000r 2               TK_LOG            = TK_RND+1        ; LOG token
000000r 2               TK_EXP            = TK_LOG+1        ; EXP token
000000r 2               TK_COS            = TK_EXP+1        ; COS token
000000r 2               TK_SIN            = TK_COS+1        ; SIN token
000000r 2               TK_TAN            = TK_SIN+1        ; TAN token
000000r 2               TK_ATN            = TK_TAN+1        ; ATN token
000000r 2               TK_PEEK           = TK_ATN+1        ; PEEK token
000000r 2               TK_DEEK           = TK_PEEK+1       ; DEEK token
000000r 2               TK_SADD           = TK_DEEK+1       ; SADD token
000000r 2               TK_LEN            = TK_SADD+1       ; LEN token
000000r 2               TK_STRS           = TK_LEN+1        ; STR$ token
000000r 2               TK_VAL            = TK_STRS+1       ; VAL token
000000r 2               TK_ASC            = TK_VAL+1        ; ASC token
000000r 2               TK_UCASES         = TK_ASC+1        ; UCASE$ token
000000r 2               TK_LCASES         = TK_UCASES+1     ; LCASE$ token
000000r 2               TK_CHRS           = TK_LCASES+1     ; CHR$ token
000000r 2               TK_HEXS           = TK_CHRS+1       ; HEX$ token
000000r 2               TK_BINS           = TK_HEXS+1       ; BIN$ token
000000r 2               TK_BITTST         = TK_BINS+1       ; BITTST token
000000r 2               TK_MAX            = TK_BITTST+1     ; MAX token
000000r 2               TK_MIN            = TK_MAX+1        ; MIN token
000000r 2               TK_PI             = TK_MIN+1        ; PI token
000000r 2               TK_TWOPI          = TK_PI+1         ; TWOPI token
000000r 2               TK_VPTR           = TK_TWOPI+1      ; VARPTR token
000000r 2               TK_LEFTS          = TK_VPTR+1       ; LEFT$ token
000000r 2               TK_RIGHTS         = TK_LEFTS+1      ; RIGHT$ token
000000r 2               TK_MIDS           = TK_RIGHTS+1     ; MID$ token
000000r 2               
000000r 2               ; offsets from a base of X or Y
000000r 2               
000000r 2               PLUS_0            = $00       ; X or Y plus 0
000000r 2               PLUS_1            = $01       ; X or Y plus 1
000000r 2               PLUS_2            = $02       ; X or Y plus 2
000000r 2               PLUS_3            = $03       ; X or Y plus 3
000000r 2               
000000r 2               LAB_STAK          = $0100     ; stack bottom, no offset
000000r 2               
000000r 2               LAB_SKFE          = LAB_STAK+$FE
000000r 2                                             ; flushed stack address
000000r 2               LAB_SKFF          = LAB_STAK+$FF
000000r 2                                             ; flushed stack address
000000r 2               
000000r 2               ; the following locations are bulk initialized from PG2_TABS at LAB_COLD
000000r 2               ccflag            = $0200     ; BASIC CTRL-C flag, 00 = enabled, 01 = dis
000000r 2               ccbyte            = ccflag+1  ; BASIC CTRL-C byte
000000r 2               ccnull            = ccbyte+1  ; BASIC CTRL-C byte timeout
000000r 2               
000000r 2               VEC_CC            = ccnull+1  ; ctrl c check vector
000000r 2               ; end bulk initialize from PG2_TABS at LAB_COLD
000000r 2               
000000r 2               ; the following locations are bulk initialized by min_mon.asm from LAB_vec at LAB_stlp
000000r 2               VEC_IN            = VEC_CC+2  ; input vector
000000r 2               VEC_OUT           = VEC_IN+2  ; output vector
000000r 2               VEC_LD            = VEC_OUT+2 ; load vector
000000r 2               VEC_SV            = VEC_LD+2  ; save vector
000000r 2               VEC_DIR           = VEC_SV+2  ; dir vector
000000r 2               VEC_CLS           = VEC_DIR+2 ; CLS vector
000000r 2               ; end bulk initialize by min_mon.asm from LAB_vec at LAB_stlp
000000r 2               
000000r 2               ; Ibuffs can now be anywhere in RAM, ensure that the max length is < $80,
000000r 2               ; the input buffer must not cross a page boundary and must not overlap with
000000r 2               ; program RAM pages!
000000r 2               
000000r 2               ;Ibuffs            = IRQ_vec+$14
000000r 2               Ibuffs            = VEC_SV+$16
000000r 2                                             ; start of input buffer after IRQ/NMI code
000000r 2               Ibuffe            = Ibuffs+$47; end of input buffer
000000r 2               
000000r 2               Ram_base          = $0800     ; start of user RAM (set as needed, should be page aligned)
000000r 2               Ram_top           = $C000     ; end of user RAM+1 (set as needed, should be page aligned)
000000r 2               
000000r 2               Stack_floor       = 16        ; bytes left free on stack for background interrupts
000000r 2               
000000r 2               ; This start can be changed to suit your system
000000r 2                     .segment "CODE"
000000r 2                     .org    $C000
00C000  2               
00C000  2               ; BASIC cold start entry point
00C000  2               
00C000  2               ; new page 2 initialisation, copy block to ccflag on
00C000  2               
00C000  2               LAB_COLD
00C000  2  A0 04              LDY   #PG2_TABE-PG2_TABS-1
00C002  2                                             ; byte count-1
00C002  2               LAB_2D13
00C002  2  B9 08 E1           LDA   PG2_TABS,Y        ; get byte
00C005  2  99 00 02           STA   ccflag,Y          ; store in page 2
00C008  2  88                 DEY                     ; decrement count
00C009  2  10 F7              BPL   LAB_2D13          ; loop if not done
00C00B  2               
00C00B  2  A2 FF              LDX   #$FF              ; set byte
00C00D  2  86 88              STX   Clineh            ; set current line high byte (set immediate mode)
00C00F  2  9A                 TXS                     ; reset stack pointer
00C010  2               
00C010  2  A9 4C              LDA   #$4C              ; code for JMP
00C012  2  85 A1              STA   Fnxjmp            ; save for jump vector for functions
00C014  2               
00C014  2               ; copy block from LAB_2CEE to $00BC - $00D7
00C014  2               
00C014  2  A2 1C              LDX   #StrTab-LAB_2CEE  ; set byte count
00C016  2               LAB_2D4E
00C016  2  BD 0C E1           LDA   LAB_2CEE-1,X      ; get byte from table
00C019  2  95 BB              STA   LAB_IGBY-1,X      ; save byte in page zero
00C01B  2  CA                 DEX                     ; decrement count
00C01C  2  D0 F8              BNE   LAB_2D4E          ; loop if not all done
00C01E  2               
00C01E  2               ; copy block from StrTab to $0000 - $0012
00C01E  2               
00C01E  2               LAB_GMEM
00C01E  2  A2 12              LDX   #EndTab-StrTab-1  ; set byte count-1
00C020  2               TabLoop
00C020  2  BD 29 E1           LDA   StrTab,X          ; get byte from table
00C023  2  95 00              STA   PLUS_0,X          ; save byte in page zero
00C025  2  CA                 DEX                     ; decrement count
00C026  2  10 F8              BPL   TabLoop           ; loop if not all done
00C028  2               
00C028  2               ; set-up start values
00C028  2               
00C028  2  A9 00              LDA   #$00              ; clear A
00C02A  2  85 DC              STA   NmiBase           ; clear NMI handler enabled flag
00C02C  2  85 DF              STA   IrqBase           ; clear IRQ handler enabled flag
00C02E  2  85 B2              STA   FAC1_o            ; clear FAC1 overflow byte
00C030  2  85 67              STA   last_sh           ; clear descriptor stack top item pointer high byte
00C032  2               
00C032  2  A9 0E              LDA   #$0E              ; set default tab size
00C034  2  85 64              STA   TabSiz            ; save it
00C036  2  A9 03              LDA   #$03              ; set garbage collect step size for descriptor stack
00C038  2  85 A0              STA   g_step            ; save it
00C03A  2  A2 68              LDX   #des_sk           ; descriptor stack start
00C03C  2  86 65              STX   next_s            ; set descriptor stack pointer
00C03E  2  20 90 C8           JSR   LAB_CRLF          ; print CR/LF
00C041  2  A9 3C              LDA   #<LAB_MSZM        ; point to memory size message (low addr)
00C043  2  A0 E1              LDY   #>LAB_MSZM        ; point to memory size message (high addr)
00C045  2  20 D1 C8           JSR   LAB_18C3          ; print null terminated string from memory
00C048  2  20 40 C2           JSR   LAB_INLN          ; print "? " and get BASIC input
00C04B  2  86 C3              STX   Bpntrl            ; set BASIC execute pointer low byte
00C04D  2  84 C4              STY   Bpntrh            ; set BASIC execute pointer high byte
00C04F  2  20 C2 00           JSR   LAB_GBYT          ; get last byte back
00C052  2               
00C052  2  D0 1F              BNE   LAB_2DAA          ; branch if not null (user typed something)
00C054  2               
00C054  2  A0 00              LDY   #$00              ; else clear Y
00C056  2                                             ; character was null so get memory size the hard way
00C056  2                                             ; we get here with Y=0 and Itempl/h = Ram_base
00C056  2               LAB_2D93
00C056  2  E6 11              INC   Itempl            ; increment temporary integer low byte
00C058  2  D0 08              BNE   LAB_2D99          ; branch if no overflow
00C05A  2               
00C05A  2  E6 12              INC   Itemph            ; increment temporary integer high byte
00C05C  2  A5 12              LDA   Itemph            ; get high byte
00C05E  2  C9 C0              CMP   #>Ram_top         ; compare with top of RAM+1
00C060  2  F0 1D              BEQ   LAB_2DB6          ; branch if match (end of user RAM)
00C062  2               
00C062  2               LAB_2D99
00C062  2  A9 55              LDA   #$55              ; set test byte
00C064  2  91 11              STA   (Itempl),Y        ; save via temporary integer
00C066  2  D1 11              CMP   (Itempl),Y        ; compare via temporary integer
00C068  2  D0 15              BNE   LAB_2DB6          ; branch if fail
00C06A  2               
00C06A  2  0A                 ASL                     ; shift test byte left (now $AA)
00C06B  2  91 11              STA   (Itempl),Y        ; save via temporary integer
00C06D  2  D1 11              CMP   (Itempl),Y        ; compare via temporary integer
00C06F  2  F0 E5              BEQ   LAB_2D93          ; if ok go do next byte
00C071  2               
00C071  2  D0 0C              BNE   LAB_2DB6          ; branch if fail
00C073  2               
00C073  2               LAB_2DAA
00C073  2  20 B0 D9           JSR   LAB_2887          ; get FAC1 from string
00C076  2  A5 AC              LDA   FAC1_e            ; get FAC1 exponent
00C078  2  C9 98              CMP   #$98              ; compare with exponent = 2^24
00C07A  2  B0 A2              BCS   LAB_GMEM          ; if too large go try again
00C07C  2               
00C07C  2  20 01 D5           JSR   LAB_F2FU          ; save integer part of FAC1 in temporary integer
00C07F  2                                             ; (no range check)
00C07F  2               
00C07F  2               LAB_2DB6
00C07F  2  A5 11              LDA   Itempl            ; get temporary integer low byte
00C081  2  A4 12              LDY   Itemph            ; get temporary integer high byte
00C083  2               ; *** begin patch  2.22p5.0 RAM top sanity check ***
00C083  2               ; *** replace
00C083  2               ;      CPY   #<Ram_base+1      ; compare with start of RAM+$100 high byte
00C083  2               ; +++ with
00C083  2  C0 09              CPY   #>Ram_base+1      ; compare with start of RAM+$100 high byte
00C085  2               ; *** end patch    2.22p5.0 ***
00C085  2  90 97              BCC   LAB_GMEM          ; if too small go try again
00C087  2               
00C087  2               
00C087  2               ; uncomment these lines if you want to check on the high limit of memory. Note if
00C087  2               ; Ram_top is set too low then this will fail. default is ignore it and assume the
00C087  2               ; users know what they're doing!
00C087  2               
00C087  2               ;     CPY   #>Ram_top         ; compare with top of RAM high byte
00C087  2               ;     BCC   MEM_OK            ; branch if < RAM top
00C087  2               
00C087  2               ;     BNE   LAB_GMEM          ; if too large go try again
00C087  2                                             ; else was = so compare low bytes
00C087  2               ;     CMP   #<Ram_top         ; compare with top of RAM low byte
00C087  2               ;     BEQ   MEM_OK            ; branch if = RAM top
00C087  2               
00C087  2               ;     BCS   LAB_GMEM          ; if too large go try again
00C087  2               
00C087  2               ;MEM_OK
00C087  2  85 85              STA   Ememl             ; set end of mem low byte
00C089  2  84 86              STY   Ememh             ; set end of mem high byte
00C08B  2  85 81              STA   Sstorl            ; set bottom of string space low byte
00C08D  2  84 82              STY   Sstorh            ; set bottom of string space high byte
00C08F  2               
00C08F  2  A0 00              LDY   #<Ram_base        ; set start addr low byte
00C091  2  A2 08              LDX   #>Ram_base        ; set start addr high byte
00C093  2  84 79              STY   Smeml             ; save start of mem low byte
00C095  2  86 7A              STX   Smemh             ; save start of mem high byte
00C097  2               
00C097  2               ; this line is only needed if Ram_base is not $xx00
00C097  2                     .IF   Ram_base&$FF>0
00C097  2                     LDY   #$00              ; clear Y
00C097  2                     .ENDIF
00C097  2               
00C097  2  98                 TYA                     ; clear A
00C098  2  91 79              STA   (Smeml),Y         ; clear first byte
00C09A  2  E6 79              INC   Smeml             ; increment start of mem low byte
00C09C  2               
00C09C  2               ; these two lines are only needed if Ram_base is $xxFF
00C09C  2                     .IF   Ram_base&$FF=$FF
00C09C  2                     BNE   LAB_2E05          ; branch if no rollover
00C09C  2                     INC   Smemh             ; increment start of mem high byte
00C09C  2               LAB_2E05
00C09C  2                     .ENDIF
00C09C  2               
00C09C  2               ;      JSR   LAB_CRLF          ; print CR/LF
00C09C  2  20 50 C3           JSR   LAB_1463          ; do "NEW" and "CLEAR"
00C09F  2  A5 85              LDA   Ememl             ; get end of mem low byte
00C0A1  2  38                 SEC                     ; set carry for subtract
00C0A2  2  E5 79              SBC   Smeml             ; subtract start of mem low byte
00C0A4  2  AA                 TAX                     ; copy to X
00C0A5  2  A5 86              LDA   Ememh             ; get end of mem high byte
00C0A7  2  E5 7A              SBC   Smemh             ; subtract start of mem high byte
00C0A9  2  20 8C DA           JSR   LAB_295E          ; print XA as unsigned integer (bytes free)
00C0AC  2  A9 49              LDA   #<LAB_SMSG        ; point to sign-on message (low addr)
00C0AE  2  A0 E1              LDY   #>LAB_SMSG        ; point to sign-on message (high addr)
00C0B0  2  20 D1 C8           JSR   LAB_18C3          ; print null terminated string from memory
00C0B3  2  A9 5A              LDA   #<LAB_1274        ; warm start vector low byte
00C0B5  2  A0 C1              LDY   #>LAB_1274        ; warm start vector high byte
00C0B7  2  85 01              STA   Wrmjpl            ; save warm start vector low byte
00C0B9  2  84 02              STY   Wrmjph            ; save warm start vector high byte
00C0BB  2  6C 01 00           JMP   (Wrmjpl)          ; go do warm start
00C0BE  2               
00C0BE  2               ; open up space in memory
00C0BE  2               ; move (Ostrtl)-(Obendl) to new block ending at (Nbendl)
00C0BE  2               
00C0BE  2               ; Nbendl,Nbendh - new block end address (A/Y)
00C0BE  2               ; Obendl,Obendh - old block end address
00C0BE  2               ; Ostrtl,Ostrth - old block start address
00C0BE  2               
00C0BE  2               ; returns with ..
00C0BE  2               
00C0BE  2               ; Nbendl,Nbendh - new block start address (high byte - $100)
00C0BE  2               ; Obendl,Obendh - old block start address (high byte - $100)
00C0BE  2               ; Ostrtl,Ostrth - old block start address (unchanged)
00C0BE  2               
00C0BE  2               LAB_11CF
00C0BE  2  20 0B C1           JSR   LAB_121F          ; check available memory, "Out of memory" error if no room
00C0C1  2                                             ; addr to check is in AY (low/high)
00C0C1  2  85 7F              STA   Earryl            ; save new array mem end low byte
00C0C3  2  84 80              STY   Earryh            ; save new array mem end high byte
00C0C5  2               
00C0C5  2               ; open up space in memory
00C0C5  2               ; move (Ostrtl)-(Obendl) to new block ending at (Nbendl)
00C0C5  2               ; don't set array end
00C0C5  2               
00C0C5  2               LAB_11D6
00C0C5  2  38                 SEC                     ; set carry for subtract
00C0C6  2  A5 A6              LDA   Obendl            ; get block end low byte
00C0C8  2  E5 AA              SBC   Ostrtl            ; subtract block start low byte
00C0CA  2  A8                 TAY                     ; copy MOD(block length/$100) byte to Y
00C0CB  2  A5 A7              LDA   Obendh            ; get block end high byte
00C0CD  2  E5 AB              SBC   Ostrth            ; subtract block start high byte
00C0CF  2  AA                 TAX                     ; copy block length high byte to X
00C0D0  2  E8                 INX                     ; +1 to allow for count=0 exit
00C0D1  2  98                 TYA                     ; copy block length low byte to A
00C0D2  2  F0 24              BEQ   LAB_120A          ; branch if length low byte=0
00C0D4  2               
00C0D4  2                                             ; block is (X-1)*256+Y bytes, do the Y bytes first
00C0D4  2               
00C0D4  2  38                 SEC                     ; set carry for add + 1, two's complement
00C0D5  2  49 FF              EOR   #$FF              ; invert low byte for subtract
00C0D7  2  65 A6              ADC   Obendl            ; add block end low byte
00C0D9  2               
00C0D9  2  85 A6              STA   Obendl            ; save corrected old block end low byte
00C0DB  2  B0 03              BCS   LAB_11F3          ; branch if no underflow
00C0DD  2               
00C0DD  2  C6 A7              DEC   Obendh            ; else decrement block end high byte
00C0DF  2  38                 SEC                     ; set carry for add + 1, two's complement
00C0E0  2               LAB_11F3
00C0E0  2  98                 TYA                     ; get MOD(block length/$100) byte
00C0E1  2  49 FF              EOR   #$FF              ; invert low byte for subtract
00C0E3  2  65 A4              ADC   Nbendl            ; add destination end low byte
00C0E5  2  85 A4              STA   Nbendl            ; save modified new block end low byte
00C0E7  2  B0 08              BCS   LAB_1203          ; branch if no underflow
00C0E9  2               
00C0E9  2  C6 A5              DEC   Nbendh            ; else decrement block end high byte
00C0EB  2  90 04              BCC   LAB_1203          ; branch always
00C0ED  2               
00C0ED  2               LAB_11FF
00C0ED  2  B1 A6              LDA   (Obendl),Y        ; get byte from source
00C0EF  2  91 A4              STA   (Nbendl),Y        ; copy byte to destination
00C0F1  2               LAB_1203
00C0F1  2  88                 DEY                     ; decrement index
00C0F2  2  D0 F9              BNE   LAB_11FF          ; loop until Y=0
00C0F4  2               
00C0F4  2                                             ; now do Y=0 indexed byte
00C0F4  2  B1 A6              LDA   (Obendl),Y        ; get byte from source
00C0F6  2  91 A4              STA   (Nbendl),Y        ; save byte to destination
00C0F8  2               LAB_120A
00C0F8  2  C6 A7              DEC   Obendh            ; decrement source pointer high byte
00C0FA  2  C6 A5              DEC   Nbendh            ; decrement destination pointer high byte
00C0FC  2  CA                 DEX                     ; decrement block count
00C0FD  2  D0 F2              BNE   LAB_1203          ; loop until count = $0
00C0FF  2               
00C0FF  2  60                 RTS
00C100  2               
00C100  2               ; check room on stack for A bytes
00C100  2               ; stack too deep? do OM error
00C100  2               
00C100  2               LAB_1212
00C100  2               ; *** patch - additional stack floor protection for background interrupts
00C100  2               ; *** add
00C100  2                     .IF   Stack_floor
00C100  2  18                 CLC                     ; prep ADC
00C101  2  69 10              ADC   #Stack_floor      ; stack pointer lower limit before interrupts
00C103  2                     .ENDIF
00C103  2               ; *** end patch
00C103  2  85 78              STA   TempB             ; save result in temp byte
00C105  2  BA                 TSX                     ; copy stack
00C106  2  E4 78              CPX   TempB             ; compare new "limit" with stack
00C108  2  90 30              BCC   LAB_OMER          ; if stack < limit do "Out of memory" error then warm start
00C10A  2               
00C10A  2  60                 RTS
00C10B  2               
00C10B  2               ; check available memory, "Out of memory" error if no room
00C10B  2               ; addr to check is in AY (low/high)
00C10B  2               
00C10B  2               LAB_121F
00C10B  2  C4 82              CPY   Sstorh            ; compare bottom of string mem high byte
00C10D  2  90 2A              BCC   LAB_124B          ; if less then exit (is ok)
00C10F  2               
00C10F  2  D0 04              BNE   LAB_1229          ; skip next test if greater (tested <)
00C111  2               
00C111  2                                             ; high byte was =, now do low byte
00C111  2  C5 81              CMP   Sstorl            ; compare with bottom of string mem low byte
00C113  2  90 24              BCC   LAB_124B          ; if less then exit (is ok)
00C115  2               
00C115  2                                             ; addr is > string storage ptr (oops!)
00C115  2               LAB_1229
00C115  2  48                 PHA                     ; push addr low byte
00C116  2  A2 08              LDX   #$08              ; set index to save Adatal to expneg inclusive
00C118  2  98                 TYA                     ; copy addr high byte (to push on stack)
00C119  2               
00C119  2                                             ; save misc numeric work area
00C119  2               LAB_122D
00C119  2  48                 PHA                     ; push byte
00C11A  2  B5 A3              LDA   Adatal-1,X        ; get byte from Adatal to expneg ( ,$00 not pushed)
00C11C  2  CA                 DEX                     ; decrement index
00C11D  2  10 FA              BPL   LAB_122D          ; loop until all done
00C11F  2               
00C11F  2  20 EC D1           JSR   LAB_GARB          ; garbage collection routine
00C122  2               
00C122  2                                             ; restore misc numeric work area
00C122  2  A2 00              LDX   #$00              ; clear the index to restore bytes
00C124  2               LAB_1238
00C124  2  68                 PLA                     ; pop byte
00C125  2  95 A4              STA   Adatal,X          ; save byte to Adatal to expneg
00C127  2  E8                 INX                     ; increment index
00C128  2  E0 08              CPX   #$08              ; compare with end + 1
00C12A  2  30 F8              BMI   LAB_1238          ; loop if more to do
00C12C  2               
00C12C  2  68                 PLA                     ; pop addr high byte
00C12D  2  A8                 TAY                     ; copy back to Y
00C12E  2  68                 PLA                     ; pop addr low byte
00C12F  2  C4 82              CPY   Sstorh            ; compare bottom of string mem high byte
00C131  2  90 06              BCC   LAB_124B          ; if less then exit (is ok)
00C133  2               
00C133  2  D0 05              BNE   LAB_OMER          ; if greater do "Out of memory" error then warm start
00C135  2               
00C135  2                                             ; high byte was =, now do low byte
00C135  2  C5 81              CMP   Sstorl            ; compare with bottom of string mem low byte
00C137  2  B0 01              BCS   LAB_OMER          ; if >= do "Out of memory" error then warm start
00C139  2               
00C139  2                                             ; ok exit, carry clear
00C139  2               LAB_124B
00C139  2  60                 RTS
00C13A  2               
00C13A  2               ; do "Out of memory" error then warm start
00C13A  2               
00C13A  2               LAB_OMER
00C13A  2  A2 0C              LDX   #$0C              ; error code $0C ("Out of memory" error)
00C13C  2               
00C13C  2               ; do error #X, then warm start
00C13C  2               
00C13C  2               LAB_XERR
00C13C  2               ;      JSR   PWR_BEEP_LOW
00C13C  2  20 36 F8           JSR ERROR_BEEP
00C13F  2               
00C13F  2  BD CD E6           LDA   LAB_BAER,X        ; get error message pointer low byte
00C142  2  BC CE E6           LDY   LAB_BAER+1,X      ; get error message pointer high byte
00C145  2  20 D1 C8           JSR   LAB_18C3          ; print null terminated string from memory
00C148  2               
00C148  2  20 89 C3           JSR   LAB_1491          ; flush stack and clear continue flag
00C14B  2  A9 0A              LDA   #<LAB_EMSG        ; point to " Error" low addr
00C14D  2  A0 E8              LDY   #>LAB_EMSG        ; point to " Error" high addr
00C14F  2               LAB_1269
00C14F  2  20 D1 C8           JSR   LAB_18C3          ; print null terminated string from memory
00C152  2  A4 88              LDY   Clineh            ; get current line high byte
00C154  2  C8                 INY                     ; increment it
00C155  2  F0 03              BEQ   LAB_1274          ; go do warm start (was immediate mode)
00C157  2               
00C157  2                                             ; else print line number
00C157  2  20 81 DA           JSR   LAB_2953          ; print " in line [LINE #]"
00C15A  2               
00C15A  2               ; BASIC warm start entry point
00C15A  2               ; wait for Basic command
00C15A  2               
00C15A  2               LAB_1274
00C15A  2                                             ; clear ON IRQ/NMI bytes
00C15A  2  A9 00              LDA   #$00              ; clear A
00C15C  2  85 DF              STA   IrqBase           ; clear enabled byte
00C15E  2  85 DC              STA   NmiBase           ; clear enabled byte
00C160  2  A9 1B              LDA   #<LAB_RMSG        ; point to "Ready" message low byte
00C162  2  A0 E8              LDY   #>LAB_RMSG        ; point to "Ready" message high byte
00C164  2               
00C164  2  20 D1 C8           JSR   LAB_18C3          ; go do print string
00C167  2               
00C167  2               ; wait for Basic command (no "Ready")
00C167  2               
00C167  2               LAB_127D
00C167  2  20 4D C2           JSR   LAB_1357          ; call for BASIC input
00C16A  2               LAB_1280
00C16A  2  86 C3              STX   Bpntrl            ; set BASIC execute pointer low byte
00C16C  2  84 C4              STY   Bpntrh            ; set BASIC execute pointer high byte
00C16E  2  20 C2 00           JSR   LAB_GBYT          ; scan memory
00C171  2  F0 F4              BEQ   LAB_127D          ; loop while null
00C173  2               
00C173  2               ; got to interpret input line now ..
00C173  2               
00C173  2  A2 FF              LDX   #$FF              ; current line to null value
00C175  2  86 88              STX   Clineh            ; set current line high byte
00C177  2  90 06              BCC   LAB_1295          ; branch if numeric character (handle new BASIC line)
00C179  2               
00C179  2                                             ; no line number .. immediate mode
00C179  2  20 7E C2           JSR   LAB_13A6          ; crunch keywords into Basic tokens
00C17C  2  4C F2 C4           JMP   LAB_15F6          ; go scan and interpret code
00C17F  2               
00C17F  2               ; handle new BASIC line
00C17F  2               
00C17F  2               LAB_1295
00C17F  2  20 53 C7           JSR   LAB_GFPN          ; get fixed-point number into temp integer
00C182  2  20 7E C2           JSR   LAB_13A6          ; crunch keywords into Basic tokens
00C185  2  84 5D              STY   Ibptr             ; save index pointer to end of crunched line
00C187  2  20 24 C3           JSR   LAB_SSLN          ; search BASIC for temp integer line number
00C18A  2  90 44              BCC   LAB_12E6          ; branch if not found
00C18C  2               
00C18C  2                                             ; aroooogah! line # already exists! delete it
00C18C  2  A0 01              LDY   #$01              ; set index to next line pointer high byte
00C18E  2  B1 AA              LDA   (Baslnl),Y        ; get next line pointer high byte
00C190  2  85 72              STA   ut1_ph            ; save it
00C192  2  A5 7B              LDA   Svarl             ; get start of vars low byte
00C194  2  85 71              STA   ut1_pl            ; save it
00C196  2  A5 AB              LDA   Baslnh            ; get found line pointer high byte
00C198  2  85 74              STA   ut2_ph            ; save it
00C19A  2  A5 AA              LDA   Baslnl            ; get found line pointer low byte
00C19C  2  88                 DEY                     ; decrement index
00C19D  2  F1 AA              SBC   (Baslnl),Y        ; subtract next line pointer low byte
00C19F  2  18                 CLC                     ; clear carry for add
00C1A0  2  65 7B              ADC   Svarl             ; add start of vars low byte
00C1A2  2  85 7B              STA   Svarl             ; save new start of vars low byte
00C1A4  2  85 73              STA   ut2_pl            ; save destination pointer low byte
00C1A6  2  A5 7C              LDA   Svarh             ; get start of vars high byte
00C1A8  2  69 FF              ADC   #$FF              ; -1 + carry
00C1AA  2  85 7C              STA   Svarh             ; save start of vars high byte
00C1AC  2  E5 AB              SBC   Baslnh            ; subtract found line pointer high byte
00C1AE  2  AA                 TAX                     ; copy to block count
00C1AF  2  38                 SEC                     ; set carry for subtract
00C1B0  2  A5 AA              LDA   Baslnl            ; get found line pointer low byte
00C1B2  2  E5 7B              SBC   Svarl             ; subtract start of vars low byte
00C1B4  2  A8                 TAY                     ; copy to bytes in first block count
00C1B5  2  B0 03              BCS   LAB_12D0          ; branch if overflow
00C1B7  2               
00C1B7  2  E8                 INX                     ; increment block count (correct for =0 loop exit)
00C1B8  2  C6 74              DEC   ut2_ph            ; decrement destination high byte
00C1BA  2               LAB_12D0
00C1BA  2  18                 CLC                     ; clear carry for add
00C1BB  2  65 71              ADC   ut1_pl            ; add source pointer low byte
00C1BD  2  90 03              BCC   LAB_12D8          ; branch if no overflow
00C1BF  2               
00C1BF  2  C6 72              DEC   ut1_ph            ; else decrement source pointer high byte
00C1C1  2  18                 CLC                     ; clear carry
00C1C2  2               
00C1C2  2                                             ; close up memory to delete old line
00C1C2  2               LAB_12D8
00C1C2  2  B1 71              LDA   (ut1_pl),Y        ; get byte from source
00C1C4  2  91 73              STA   (ut2_pl),Y        ; copy to destination
00C1C6  2  C8                 INY                     ; increment index
00C1C7  2  D0 F9              BNE   LAB_12D8          ; while <> 0 do this block
00C1C9  2               
00C1C9  2  E6 72              INC   ut1_ph            ; increment source pointer high byte
00C1CB  2  E6 74              INC   ut2_ph            ; increment destination pointer high byte
00C1CD  2  CA                 DEX                     ; decrement block count
00C1CE  2  D0 F2              BNE   LAB_12D8          ; loop until all done
00C1D0  2               
00C1D0  2                                             ; got new line in buffer and no existing same #
00C1D0  2               LAB_12E6
00C1D0  2  AD 21 02           LDA   Ibuffs            ; get byte from start of input buffer
00C1D3  2  F0 3F              BEQ   LAB_1319          ; if null line just go flush stack/vars and exit
00C1D5  2               
00C1D5  2                                             ; got new line and it isn't empty line
00C1D5  2  A5 85              LDA   Ememl             ; get end of mem low byte
00C1D7  2  A4 86              LDY   Ememh             ; get end of mem high byte
00C1D9  2  85 81              STA   Sstorl            ; set bottom of string space low byte
00C1DB  2  84 82              STY   Sstorh            ; set bottom of string space high byte
00C1DD  2  A5 7B              LDA   Svarl             ; get start of vars low byte  (end of BASIC)
00C1DF  2  85 A6              STA   Obendl            ; save old block end low byte
00C1E1  2  A4 7C              LDY   Svarh             ; get start of vars high byte (end of BASIC)
00C1E3  2  84 A7              STY   Obendh            ; save old block end high byte
00C1E5  2  65 5D              ADC   Ibptr             ; add input buffer pointer    (also buffer length)
00C1E7  2  90 01              BCC   LAB_1301          ; branch if no overflow from add
00C1E9  2               
00C1E9  2  C8                 INY                     ; else increment high byte
00C1EA  2               LAB_1301
00C1EA  2  85 A4              STA   Nbendl            ; save new block end low byte (move to, low byte)
00C1EC  2  84 A5              STY   Nbendh            ; save new block end high byte
00C1EE  2  20 BE C0           JSR   LAB_11CF          ; open up space in memory
00C1F1  2                                             ; old start pointer Ostrtl,Ostrth set by the find line call
00C1F1  2  A5 7F              LDA   Earryl            ; get array mem end low byte
00C1F3  2  A4 80              LDY   Earryh            ; get array mem end high byte
00C1F5  2  85 7B              STA   Svarl             ; save start of vars low byte
00C1F7  2  84 7C              STY   Svarh             ; save start of vars high byte
00C1F9  2  A4 5D              LDY   Ibptr             ; get input buffer pointer    (also buffer length)
00C1FB  2  88                 DEY                     ; adjust for loop type
00C1FC  2               LAB_1311
00C1FC  2  B9 1D 02           LDA   Ibuffs-4,Y        ; get byte from crunched line
00C1FF  2  91 AA              STA   (Baslnl),Y        ; save it to program memory
00C201  2  88                 DEY                     ; decrement count
00C202  2  C0 03              CPY   #$03              ; compare with first byte-1
00C204  2  D0 F6              BNE   LAB_1311          ; continue while count <> 3
00C206  2               
00C206  2  A5 12              LDA   Itemph            ; get line # high byte
00C208  2  91 AA              STA   (Baslnl),Y        ; save it to program memory
00C20A  2  88                 DEY                     ; decrement count
00C20B  2  A5 11              LDA   Itempl            ; get line # low byte
00C20D  2  91 AA              STA   (Baslnl),Y        ; save it to program memory
00C20F  2  88                 DEY                     ; decrement count
00C210  2  A9 FF              LDA   #$FF              ; set byte to allow chain rebuild. if you didn't set this
00C212  2                                             ; byte then a zero already here would stop the chain rebuild
00C212  2                                             ; as it would think it was the [EOT] marker.
00C212  2  91 AA              STA   (Baslnl),Y        ; save it to program memory
00C214  2               
00C214  2               LAB_1319
00C214  2  20 65 C3           JSR   LAB_1477          ; reset execution to start, clear vars and flush stack
00C217  2  A6 79              LDX   Smeml             ; get start of mem low byte
00C219  2  A5 7A              LDA   Smemh             ; get start of mem high byte
00C21B  2  A0 01              LDY   #$01              ; index to high byte of next line pointer
00C21D  2               LAB_1325
00C21D  2  86 71              STX   ut1_pl            ; set line start pointer low byte
00C21F  2  85 72              STA   ut1_ph            ; set line start pointer high byte
00C221  2  B1 71              LDA   (ut1_pl),Y        ; get it
00C223  2  F0 18              BEQ   LAB_133E          ; exit if end of program
00C225  2               
00C225  2               ; rebuild chaining of Basic lines
00C225  2               
00C225  2  A0 04              LDY   #$04              ; point to first code byte of line
00C227  2                                             ; there is always 1 byte + [EOL] as null entries are deleted
00C227  2               LAB_1330
00C227  2  C8                 INY                     ; next code byte
00C228  2  B1 71              LDA   (ut1_pl),Y        ; get byte
00C22A  2  D0 FB              BNE   LAB_1330          ; loop if not [EOL]
00C22C  2               
00C22C  2  38                 SEC                     ; set carry for add + 1
00C22D  2  98                 TYA                     ; copy end index
00C22E  2  65 71              ADC   ut1_pl            ; add to line start pointer low byte
00C230  2  AA                 TAX                     ; copy to X
00C231  2  A0 00              LDY   #$00              ; clear index, point to this line's next line pointer
00C233  2  91 71              STA   (ut1_pl),Y        ; set next line pointer low byte
00C235  2  98                 TYA                     ; clear A
00C236  2  65 72              ADC   ut1_ph            ; add line start pointer high byte + carry
00C238  2  C8                 INY                     ; increment index to high byte
00C239  2  91 71              STA   (ut1_pl),Y        ; save next line pointer low byte
00C23B  2  90 E0              BCC   LAB_1325          ; go do next line, branch always, carry clear
00C23D  2               
00C23D  2               
00C23D  2               LAB_133E
00C23D  2  4C 67 C1           JMP   LAB_127D          ; else we just wait for Basic command, no "Ready"
00C240  2               
00C240  2               ; print "? " and get BASIC input
00C240  2               
00C240  2               LAB_INLN
00C240  2  20 E9 C8           JSR   LAB_18E3          ; print "?" character
00C243  2  20 E6 C8           JSR   LAB_18E0          ; print " "
00C246  2  D0 05              BNE   LAB_1357          ; call for BASIC input and return
00C248  2               
00C248  2               ; receive line from keyboard
00C248  2               
00C248  2                                             ; $08 as delete key (BACKSPACE on standard keyboard)
00C248  2               LAB_134B
00C248  2  20 EB C8           JSR   LAB_PRNA          ; go print the character
00C24B  2  CA                 DEX                     ; decrement the buffer counter (delete)
00C24C  2  2C                 .byte $2C               ; make LDX into BIT abs
00C24D  2               
00C24D  2               ; call for BASIC input (main entry point)
00C24D  2               
00C24D  2               LAB_1357
00C24D  2  A2 00              LDX   #$00              ; clear BASIC line buffer pointer
00C24F  2               LAB_1359
00C24F  2  20 F6 E0           JSR   V_INPT            ; call scan input device
00C252  2  90 FB              BCC   LAB_1359          ; loop if no byte
00C254  2               
00C254  2  F0 F9              BEQ   LAB_1359          ; loop until valid input (ignore NULLs)
00C256  2               
00C256  2  C9 07              CMP   #$07              ; compare with [BELL]
00C258  2  F0 10              BEQ   LAB_1378          ; branch if [BELL]
00C25A  2               
00C25A  2  C9 0D              CMP   #$0D              ; compare with [CR]
00C25C  2  F0 19              BEQ   LAB_1384          ; do CR/LF exit if [CR]
00C25E  2               
00C25E  2  E0 00              CPX   #$00              ; compare pointer with $00
00C260  2  D0 04              BNE   LAB_1374          ; branch if not empty
00C262  2               
00C262  2               ; next two lines ignore any non print character and [SPACE] if input buffer empty
00C262  2               
00C262  2  C9 21              CMP   #$21              ; compare with [SP]+1
00C264  2  90 E9              BCC   LAB_1359          ; if < ignore character
00C266  2               
00C266  2               LAB_1374
00C266  2  C9 08              CMP   #$08              ; compare with [BACKSPACE] (delete last character)
00C268  2  F0 DE              BEQ   LAB_134B          ; go delete last character
00C26A  2               
00C26A  2               LAB_1378
00C26A  2  E0 47              CPX   #Ibuffe-Ibuffs    ; compare character count with max
00C26C  2  B0 0C              BCS   LAB_138E          ; skip store and do [BELL] if buffer full
00C26E  2               
00C26E  2  9D 21 02           STA   Ibuffs,X          ; else store in buffer
00C271  2  E8                 INX                     ; increment pointer
00C272  2               LAB_137F
00C272  2  20 EB C8           JSR   LAB_PRNA          ; go print the character
00C275  2  D0 D8              BNE   LAB_1359          ; always loop for next character
00C277  2               
00C277  2               LAB_1384
00C277  2  4C 87 C8           JMP   LAB_1866          ; do CR/LF exit to BASIC
00C27A  2               
00C27A  2               ; announce buffer full
00C27A  2               
00C27A  2               LAB_138E
00C27A  2  A9 07              LDA   #$07              ; [BELL] character into A
00C27C  2  D0 F4              BNE   LAB_137F          ; go print the [BELL] but ignore input character
00C27E  2                                             ; branch always
00C27E  2               
00C27E  2               ; crunch keywords into Basic tokens
00C27E  2               ; position independent buffer version ..
00C27E  2               ; faster, dictionary search version ....
00C27E  2               
00C27E  2               LAB_13A6
00C27E  2  A0 FF              LDY   #$FF              ; set save index (makes for easy math later)
00C280  2               
00C280  2  38                 SEC                     ; set carry for subtract
00C281  2  A5 C3              LDA   Bpntrl            ; get basic execute pointer low byte
00C283  2  E9 21              SBC   #<Ibuffs          ; subtract input buffer start pointer
00C285  2  AA                 TAX                     ; copy result to X (index past line # if any)
00C286  2               
00C286  2  86 60              STX   Oquote            ; clear open quote/DATA flag
00C288  2               LAB_13AC
00C288  2  BD 21 02           LDA   Ibuffs,X          ; get byte from input buffer
00C28B  2  F0 51              BEQ   LAB_13EC          ; if null save byte then exit
00C28D  2               
00C28D  2  C9 5F              CMP   #'_'              ; compare with "_"
00C28F  2  B0 4D              BCS   LAB_13EC          ; if >= go save byte then continue crunching
00C291  2               
00C291  2  C9 3C              CMP   #'<'              ; compare with "<"
00C293  2  B0 0E              BCS   LAB_13CC          ; if >= go crunch now
00C295  2               
00C295  2  C9 30              CMP   #'0'              ; compare with "0"
00C297  2  B0 45              BCS   LAB_13EC          ; if >= go save byte then continue crunching
00C299  2               
00C299  2  85 5C              STA   Scnquo            ; save buffer byte as search character
00C29B  2  C9 22              CMP   #$22              ; is it quote character?
00C29D  2  F0 61              BEQ   LAB_1410          ; branch if so (copy quoted string)
00C29F  2               
00C29F  2  C9 2A              CMP   #'*'              ; compare with "*"
00C2A1  2  90 3B              BCC   LAB_13EC          ; if < go save byte then continue crunching
00C2A3  2               
00C2A3  2                                             ; else crunch now
00C2A3  2               LAB_13CC
00C2A3  2  24 60              BIT   Oquote            ; get open quote/DATA token flag
00C2A5  2  70 37              BVS   LAB_13EC          ; branch if b6 of Oquote set (was DATA)
00C2A7  2                                             ; go save byte then continue crunching
00C2A7  2               
00C2A7  2  86 78              STX   TempB             ; save buffer read index
00C2A9  2  84 BA              STY   csidx             ; copy buffer save index
00C2AB  2  A0 26              LDY   #<TAB_1STC        ; get keyword first character table low address
00C2AD  2  84 73              STY   ut2_pl            ; save pointer low byte
00C2AF  2  A0 E3              LDY   #>TAB_1STC        ; get keyword first character table high address
00C2B1  2  84 74              STY   ut2_ph            ; save pointer high byte
00C2B3  2  A0 00              LDY   #$00              ; clear table pointer
00C2B5  2               
00C2B5  2               LAB_13D0
00C2B5  2  D1 73              CMP   (ut2_pl),Y        ; compare with keyword first character table byte
00C2B7  2  F0 05              BEQ   LAB_13D1          ; go do word_table_chr if match
00C2B9  2               
00C2B9  2  90 21              BCC   LAB_13EA          ; if < keyword first character table byte go restore
00C2BB  2                                             ; Y and save to crunched
00C2BB  2               
00C2BB  2  C8                 INY                     ; else increment pointer
00C2BC  2  D0 F7              BNE   LAB_13D0          ; and loop (branch always)
00C2BE  2               
00C2BE  2               ; have matched first character of some keyword
00C2BE  2               
00C2BE  2               LAB_13D1
00C2BE  2  98                 TYA                     ; copy matching index
00C2BF  2  0A                 ASL                     ; *2 (bytes per pointer)
00C2C0  2  AA                 TAX                     ; copy to new index
00C2C1  2  BD 44 E3           LDA   TAB_CHRT,X        ; get keyword table pointer low byte
00C2C4  2  85 73              STA   ut2_pl            ; save pointer low byte
00C2C6  2  BD 45 E3           LDA   TAB_CHRT+1,X      ; get keyword table pointer high byte
00C2C9  2  85 74              STA   ut2_ph            ; save pointer high byte
00C2CB  2               
00C2CB  2  A0 FF              LDY   #$FF              ; clear table pointer (make -1 for start)
00C2CD  2               
00C2CD  2  A6 78              LDX   TempB             ; restore buffer read index
00C2CF  2               
00C2CF  2               LAB_13D6
00C2CF  2  C8                 INY                     ; next table byte
00C2D0  2  B1 73              LDA   (ut2_pl),Y        ; get byte from table
00C2D2  2               LAB_13D8
00C2D2  2  30 08              BMI   LAB_13EA          ; all bytes matched so go save token
00C2D4  2               
00C2D4  2  E8                 INX                     ; next buffer byte
00C2D5  2  DD 21 02           CMP   Ibuffs,X          ; compare with byte from input buffer
00C2D8  2  F0 F5              BEQ   LAB_13D6          ; go compare next if match
00C2DA  2               
00C2DA  2  D0 2B              BNE   LAB_1417          ; branch if >< (not found keyword)
00C2DC  2               
00C2DC  2               LAB_13EA
00C2DC  2  A4 BA              LDY   csidx             ; restore save index
00C2DE  2               
00C2DE  2                                             ; save crunched to output
00C2DE  2               LAB_13EC
00C2DE  2  E8                 INX                     ; increment buffer index (to next input byte)
00C2DF  2  C8                 INY                     ; increment save index (to next output byte)
00C2E0  2  99 21 02           STA   Ibuffs,Y          ; save byte to output
00C2E3  2  C9 00              CMP   #$00              ; set the flags, set carry
00C2E5  2  F0 32              BEQ   LAB_142A          ; do exit if was null [EOL]
00C2E7  2               
00C2E7  2                                             ; A holds token or byte here
00C2E7  2  E9 3A              SBC   #':'              ; subtract ":" (carry set by CMP #00)
00C2E9  2  F0 04              BEQ   LAB_13FF          ; branch if it was ":" (is now $00)
00C2EB  2               
00C2EB  2                                             ; A now holds token-$3A
00C2EB  2  C9 49              CMP   #TK_DATA-$3A      ; compare with DATA token - $3A
00C2ED  2  D0 02              BNE   LAB_1401          ; branch if not DATA
00C2EF  2               
00C2EF  2                                             ; token was : or DATA
00C2EF  2               LAB_13FF
00C2EF  2  85 60              STA   Oquote            ; save token-$3A (clear for ":", TK_DATA-$3A for DATA)
00C2F1  2               LAB_1401
00C2F1  2  49 57              EOR   #TK_REM-$3A       ; effectively subtract REM token offset
00C2F3  2  D0 93              BNE   LAB_13AC          ; If wasn't REM then go crunch rest of line
00C2F5  2               
00C2F5  2  85 5C              STA   Asrch             ; else was REM so set search for [EOL]
00C2F7  2               
00C2F7  2                                             ; loop for REM, "..." etc.
00C2F7  2               LAB_1408
00C2F7  2  BD 21 02           LDA   Ibuffs,X          ; get byte from input buffer
00C2FA  2  F0 E2              BEQ   LAB_13EC          ; branch if null [EOL]
00C2FC  2               
00C2FC  2  C5 5C              CMP   Asrch             ; compare with stored character
00C2FE  2  F0 DE              BEQ   LAB_13EC          ; branch if match (end quote)
00C300  2               
00C300  2                                             ; entry for copy string in quotes, don't crunch
00C300  2               LAB_1410
00C300  2  C8                 INY                     ; increment buffer save index
00C301  2  99 21 02           STA   Ibuffs,Y          ; save byte to output
00C304  2  E8                 INX                     ; increment buffer read index
00C305  2  D0 F0              BNE   LAB_1408          ; loop while <> 0 (should never be 0!)
00C307  2               
00C307  2                                             ; not found keyword this go
00C307  2               LAB_1417
00C307  2  A6 78              LDX   TempB             ; compare has failed, restore buffer index (start byte!)
00C309  2               
00C309  2                                             ; now find the end of this word in the table
00C309  2               LAB_141B
00C309  2  B1 73              LDA   (ut2_pl),Y        ; get table byte
00C30B  2  08                 PHP                     ; save status
00C30C  2  C8                 INY                     ; increment table index
00C30D  2  28                 PLP                     ; restore byte status
00C30E  2  10 F9              BPL   LAB_141B          ; if not end of keyword go do next
00C310  2               
00C310  2  B1 73              LDA   (ut2_pl),Y        ; get byte from keyword table
00C312  2  D0 BE              BNE   LAB_13D8          ; go test next word if not zero byte (end of table)
00C314  2               
00C314  2                                             ; reached end of table with no match
00C314  2  BD 21 02           LDA   Ibuffs,X          ; restore byte from input buffer
00C317  2  10 C3              BPL   LAB_13EA          ; branch always (all bytes in buffer are $00-$7F)
00C319  2                                             ; go save byte in output and continue crunching
00C319  2               
00C319  2                                             ; reached [EOL]
00C319  2               LAB_142A
00C319  2  C8                 INY                     ; increment pointer
00C31A  2  C8                 INY                     ; increment pointer (makes it next line pointer high byte)
00C31B  2  99 21 02           STA   Ibuffs,Y          ; save [EOL] (marks [EOT] in immediate mode)
00C31E  2  C8                 INY                     ; adjust for line copy
00C31F  2  C8                 INY                     ; adjust for line copy
00C320  2  C8                 INY                     ; adjust for line copy
00C321  2               ; *** begin patch for when Ibuffs is $xx00 - Daryl Rictor ***
00C321  2               ; *** insert
00C321  2                     .IF   Ibuffs&$FF=0
00C321  2                     LDA   Bpntrl            ; test for $00
00C321  2                     BNE   LAB_142P          ; not $00
00C321  2                     DEC   Bpntrh            ; allow for increment when $xx00
00C321  2               LAB_142P
00C321  2                     .ENDIF
00C321  2               ; *** end   patch for when Ibuffs is $xx00 - Daryl Rictor ***
00C321  2               ; end of patch
00C321  2  C6 C3              DEC   Bpntrl            ; allow for increment
00C323  2  60                 RTS
00C324  2               
00C324  2               ; search Basic for temp integer line number from start of mem
00C324  2               
00C324  2               LAB_SSLN
00C324  2  A5 79              LDA   Smeml             ; get start of mem low byte
00C326  2  A6 7A              LDX   Smemh             ; get start of mem high byte
00C328  2               
00C328  2               ; search Basic for temp integer line number from AX
00C328  2               ; returns carry set if found
00C328  2               ; returns Baslnl/Baslnh pointer to found or next higher (not found) line
00C328  2               
00C328  2               ; old 541 new 507
00C328  2               
00C328  2               LAB_SHLN
00C328  2  A0 01              LDY   #$01              ; set index
00C32A  2  85 AA              STA   Baslnl            ; save low byte as current
00C32C  2  86 AB              STX   Baslnh            ; save high byte as current
00C32E  2  B1 AA              LDA   (Baslnl),Y        ; get pointer high byte from addr
00C330  2  F0 1A              BEQ   LAB_145F          ; pointer was zero so we're done, do 'not found' exit
00C332  2               
00C332  2  A0 03              LDY   #$03              ; set index to line # high byte
00C334  2  B1 AA              LDA   (Baslnl),Y        ; get line # high byte
00C336  2  88                 DEY                     ; decrement index (point to low byte)
00C337  2  C5 12              CMP   Itemph            ; compare with temporary integer high byte
00C339  2  D0 04              BNE   LAB_1455          ; if <> skip low byte check
00C33B  2               
00C33B  2  B1 AA              LDA   (Baslnl),Y        ; get line # low byte
00C33D  2  C5 11              CMP   Itempl            ; compare with temporary integer low byte
00C33F  2               LAB_1455
00C33F  2  B0 09              BCS   LAB_145E          ; else if temp < this line, exit (passed line#)
00C341  2               
00C341  2               LAB_1456
00C341  2  88                 DEY                     ; decrement index to next line ptr high byte
00C342  2  B1 AA              LDA   (Baslnl),Y        ; get next line pointer high byte
00C344  2  AA                 TAX                     ; copy to X
00C345  2  88                 DEY                     ; decrement index to next line ptr low byte
00C346  2  B1 AA              LDA   (Baslnl),Y        ; get next line pointer low byte
00C348  2  90 DE              BCC   LAB_SHLN          ; go search for line # in temp (Itempl/Itemph) from AX
00C34A  2                                             ; (carry always clear)
00C34A  2               
00C34A  2               LAB_145E
00C34A  2  F0 01              BEQ   LAB_1460          ; exit if temp = found line #, carry is set
00C34C  2               
00C34C  2               LAB_145F
00C34C  2  18                 CLC                     ; clear found flag
00C34D  2               LAB_1460
00C34D  2  60                 RTS
00C34E  2               
00C34E  2               ; perform NEW
00C34E  2               
00C34E  2               LAB_NEW
00C34E  2  D0 FD              BNE   LAB_1460          ; exit if not end of statement (to do syntax error)
00C350  2               
00C350  2               LAB_1463
00C350  2  A9 00              LDA   #$00              ; clear A
00C352  2  A8                 TAY                     ; clear Y
00C353  2  91 79              STA   (Smeml),Y         ; clear first line, next line pointer, low byte
00C355  2  C8                 INY                     ; increment index
00C356  2  91 79              STA   (Smeml),Y         ; clear first line, next line pointer, high byte
00C358  2  18                 CLC                     ; clear carry
00C359  2  A5 79              LDA   Smeml             ; get start of mem low byte
00C35B  2  69 02              ADC   #$02              ; calculate end of BASIC low byte
00C35D  2  85 7B              STA   Svarl             ; save start of vars low byte
00C35F  2  A5 7A              LDA   Smemh             ; get start of mem high byte
00C361  2  69 00              ADC   #$00              ; add any carry
00C363  2  85 7C              STA   Svarh             ; save start of vars high byte
00C365  2               
00C365  2               ; reset execution to start, clear vars and flush stack
00C365  2               
00C365  2               LAB_1477
00C365  2  18                 CLC                     ; clear carry
00C366  2  A5 79              LDA   Smeml             ; get start of mem low byte
00C368  2  69 FF              ADC   #$FF              ; -1
00C36A  2  85 C3              STA   Bpntrl            ; save BASIC execute pointer low byte
00C36C  2  A5 7A              LDA   Smemh             ; get start of mem high byte
00C36E  2  69 FF              ADC   #$FF              ; -1+carry
00C370  2  85 C4              STA   Bpntrh            ; save BASIC execute pointer high byte
00C372  2               
00C372  2               ; "CLEAR" command gets here
00C372  2               
00C372  2               LAB_147A
00C372  2  A5 85              LDA   Ememl             ; get end of mem low byte
00C374  2  A4 86              LDY   Ememh             ; get end of mem high byte
00C376  2  85 81              STA   Sstorl            ; set bottom of string space low byte
00C378  2  84 82              STY   Sstorh            ; set bottom of string space high byte
00C37A  2  A5 7B              LDA   Svarl             ; get start of vars low byte
00C37C  2  A4 7C              LDY   Svarh             ; get start of vars high byte
00C37E  2  85 7D              STA   Sarryl            ; save var mem end low byte
00C380  2  84 7E              STY   Sarryh            ; save var mem end high byte
00C382  2  85 7F              STA   Earryl            ; save array mem end low byte
00C384  2  84 80              STY   Earryh            ; save array mem end high byte
00C386  2  20 3D C5           JSR   LAB_161A          ; perform RESTORE command
00C389  2               
00C389  2               ; flush stack and clear continue flag
00C389  2               
00C389  2               LAB_1491
00C389  2  A2 68              LDX   #des_sk           ; set descriptor stack pointer
00C38B  2  86 65              STX   next_s            ; save descriptor stack pointer
00C38D  2  68                 PLA                     ; pull return address low byte
00C38E  2  AA                 TAX                     ; copy return address low byte
00C38F  2  68                 PLA                     ; pull return address high byte
00C390  2  8E FE 01           STX   LAB_SKFE          ; save to cleared stack
00C393  2  8D FF 01           STA   LAB_SKFF          ; save to cleared stack
00C396  2  A2 FD              LDX   #$FD              ; new stack pointer
00C398  2  9A                 TXS                     ; reset stack
00C399  2  A9 00              LDA   #$00              ; clear byte
00C39B  2               ;*** fix p2: no longer necessary as the continue pointer is saved anyway
00C39B  2               ;      STA   Cpntrh            ; clear continue pointer high byte
00C39B  2  85 61              STA   Sufnxf            ; clear subscript/FNX flag
00C39D  2               LAB_14A6
00C39D  2  60                 RTS
00C39E  2               
00C39E  2               ; perform CLEAR
00C39E  2               
00C39E  2               LAB_CLEAR
00C39E  2  F0 D2              BEQ   LAB_147A          ; if no following token go do "CLEAR"
00C3A0  2               
00C3A0  2                                             ; else there was a following token (go do syntax error)
00C3A0  2  60                 RTS
00C3A1  2               
00C3A1  2               ; perform LIST [n][-m]
00C3A1  2               ; bigger, faster version (a _lot_ faster)
00C3A1  2               
00C3A1  2               LAB_LIST
00C3A1  2  90 06              BCC   LAB_14BD          ; branch if next character numeric (LIST n..)
00C3A3  2               
00C3A3  2  F0 04              BEQ   LAB_14BD          ; branch if next character [NULL] (LIST)
00C3A5  2               
00C3A5  2  C9 B9              CMP   #TK_MINUS         ; compare with token for -
00C3A7  2  D0 F4              BNE   LAB_14A6          ; exit if not - (LIST -m)
00C3A9  2               
00C3A9  2                                             ; LIST [[n][-m]]
00C3A9  2                                             ; this bit sets the n , if present, as the start and end
00C3A9  2               LAB_14BD
00C3A9  2  20 53 C7           JSR   LAB_GFPN          ; get fixed-point number into temp integer
00C3AC  2  20 24 C3           JSR   LAB_SSLN          ; search BASIC for temp integer line number
00C3AF  2                                             ; (pointer in Baslnl/Baslnh)
00C3AF  2  20 C2 00           JSR   LAB_GBYT          ; scan memory
00C3B2  2  F0 0C              BEQ   LAB_14D4          ; branch if no more characters
00C3B4  2               
00C3B4  2                                             ; this bit checks the - is present
00C3B4  2  C9 B9              CMP   #TK_MINUS         ; compare with token for -
00C3B6  2  D0 95              BNE   LAB_1460          ; return if not "-" (will be Syntax error)
00C3B8  2               
00C3B8  2                                             ; LIST [n]-m
00C3B8  2                                             ; the - was there so set m as the end value
00C3B8  2  20 BC 00           JSR   LAB_IGBY          ; increment and scan memory
00C3BB  2  20 53 C7           JSR   LAB_GFPN          ; get fixed-point number into temp integer
00C3BE  2  D0 8D              BNE   LAB_1460          ; exit if not ok
00C3C0  2               
00C3C0  2               LAB_14D4
00C3C0  2  A5 11              LDA   Itempl            ; get temporary integer low byte
00C3C2  2  05 12              ORA   Itemph            ; OR temporary integer high byte
00C3C4  2  D0 06              BNE   LAB_14E2          ; branch if start set
00C3C6  2               
00C3C6  2  A9 FF              LDA   #$FF              ; set for -1
00C3C8  2  85 11              STA   Itempl            ; set temporary integer low byte
00C3CA  2  85 12              STA   Itemph            ; set temporary integer high byte
00C3CC  2               LAB_14E2
00C3CC  2  A0 01              LDY   #$01              ; set index for line
00C3CE  2  84 60              STY   Oquote            ; clear open quote flag
00C3D0  2  20 90 C8           JSR   LAB_CRLF          ; print CR/LF
00C3D3  2  B1 AA              LDA   (Baslnl),Y        ; get next line pointer high byte
00C3D5  2                                             ; pointer initially set by search at LAB_14BD
00C3D5  2  F0 3E              BEQ   LAB_152B          ; if null all done so exit
00C3D7  2  20 13 C5           JSR   LAB_1629          ; do CRTL-C check vector
00C3DA  2               
00C3DA  2  C8                 INY                     ; increment index for line
00C3DB  2  B1 AA              LDA   (Baslnl),Y        ; get line # low byte
00C3DD  2  AA                 TAX                     ; copy to X
00C3DE  2  C8                 INY                     ; increment index
00C3DF  2  B1 AA              LDA   (Baslnl),Y        ; get line # high byte
00C3E1  2  C5 12              CMP   Itemph            ; compare with temporary integer high byte
00C3E3  2  D0 04              BNE   LAB_14FF          ; branch if no high byte match
00C3E5  2               
00C3E5  2  E4 11              CPX   Itempl            ; compare with temporary integer low byte
00C3E7  2  F0 02              BEQ   LAB_1501          ; branch if = last line to do (< will pass next branch)
00C3E9  2               
00C3E9  2               LAB_14FF                      ; else ..
00C3E9  2  B0 2A              BCS   LAB_152B          ; if greater all done so exit
00C3EB  2               
00C3EB  2               LAB_1501
00C3EB  2  84 97              STY   Tidx1             ; save index for line
00C3ED  2  20 8C DA           JSR   LAB_295E          ; print XA as unsigned integer
00C3F0  2  A9 20              LDA   #$20              ; space is the next character
00C3F2  2               LAB_1508
00C3F2  2  A4 97              LDY   Tidx1             ; get index for line
00C3F4  2  29 7F              AND   #$7F              ; mask top out bit of character
00C3F6  2               LAB_150C
00C3F6  2  20 EB C8           JSR   LAB_PRNA          ; go print the character
00C3F9  2  C9 22              CMP   #$22              ; was it " character
00C3FB  2  D0 06              BNE   LAB_1519          ; branch if not
00C3FD  2               
00C3FD  2                                             ; we are either entering or leaving a pair of quotes
00C3FD  2  A5 60              LDA   Oquote            ; get open quote flag
00C3FF  2  49 FF              EOR   #$FF              ; toggle it
00C401  2  85 60              STA   Oquote            ; save it back
00C403  2               LAB_1519
00C403  2  C8                 INY                     ; increment index
00C404  2  B1 AA              LDA   (Baslnl),Y        ; get next byte
00C406  2  D0 0E              BNE   LAB_152E          ; branch if not [EOL] (go print character)
00C408  2  A8                 TAY                     ; else clear index
00C409  2  B1 AA              LDA   (Baslnl),Y        ; get next line pointer low byte
00C40B  2  AA                 TAX                     ; copy to X
00C40C  2  C8                 INY                     ; increment index
00C40D  2  B1 AA              LDA   (Baslnl),Y        ; get next line pointer high byte
00C40F  2  86 AA              STX   Baslnl            ; set pointer to line low byte
00C411  2  85 AB              STA   Baslnh            ; set pointer to line high byte
00C413  2  D0 B7              BNE   LAB_14E2          ; go do next line if not [EOT]
00C415  2                                             ; else ..
00C415  2               LAB_152B
00C415  2  60                 RTS
00C416  2               
00C416  2               LAB_152E
00C416  2  10 DE              BPL   LAB_150C          ; just go print it if not token byte
00C418  2               
00C418  2                                             ; else was token byte so uncrunch it (maybe)
00C418  2  24 60              BIT   Oquote            ; test the open quote flag
00C41A  2  30 DA              BMI   LAB_150C          ; just go print character if open quote set
00C41C  2               
00C41C  2  A2 E5              LDX   #>LAB_KEYT        ; get table address high byte
00C41E  2  0A                 ASL                     ; *2
00C41F  2  0A                 ASL                     ; *4
00C420  2  90 02              BCC   LAB_152F          ; branch if no carry
00C422  2               
00C422  2  E8                 INX                     ; else increment high byte
00C423  2  18                 CLC                     ; clear carry for add
00C424  2               LAB_152F
00C424  2  69 2D              ADC   #<LAB_KEYT        ; add low byte
00C426  2  90 01              BCC   LAB_1530          ; branch if no carry
00C428  2               
00C428  2  E8                 INX                     ; else increment high byte
00C429  2               LAB_1530
00C429  2  85 73              STA   ut2_pl            ; save table pointer low byte
00C42B  2  86 74              STX   ut2_ph            ; save table pointer high byte
00C42D  2  84 97              STY   Tidx1             ; save index for line
00C42F  2  A0 00              LDY   #$00              ; clear index
00C431  2  B1 73              LDA   (ut2_pl),Y        ; get length
00C433  2  AA                 TAX                     ; copy length
00C434  2  C8                 INY                     ; increment index
00C435  2  B1 73              LDA   (ut2_pl),Y        ; get 1st character
00C437  2  CA                 DEX                     ; decrement length
00C438  2  F0 B8              BEQ   LAB_1508          ; if no more characters exit and print
00C43A  2               
00C43A  2  20 EB C8           JSR   LAB_PRNA          ; go print the character
00C43D  2  C8                 INY                     ; increment index
00C43E  2  B1 73              LDA   (ut2_pl),Y        ; get keyword address low byte
00C440  2  48                 PHA                     ; save it for now
00C441  2  C8                 INY                     ; increment index
00C442  2  B1 73              LDA   (ut2_pl),Y        ; get keyword address high byte
00C444  2  A0 00              LDY   #$00
00C446  2  85 74              STA   ut2_ph            ; save keyword pointer high byte
00C448  2  68                 PLA                     ; pull low byte
00C449  2  85 73              STA   ut2_pl            ; save keyword pointer low byte
00C44B  2               LAB_1540
00C44B  2  B1 73              LDA   (ut2_pl),Y        ; get character
00C44D  2  CA                 DEX                     ; decrement character count
00C44E  2  F0 A2              BEQ   LAB_1508          ; if last character exit and print
00C450  2               
00C450  2  20 EB C8           JSR   LAB_PRNA          ; go print the character
00C453  2  C8                 INY                     ; increment index
00C454  2  D0 F5              BNE   LAB_1540          ; loop for next character
00C456  2               
00C456  2               ; perform FOR
00C456  2               
00C456  2               LAB_FOR
00C456  2  A9 80              LDA   #$80              ; set FNX
00C458  2  85 61              STA   Sufnxf            ; set subscript/FNX flag
00C45A  2  20 B2 C7           JSR   LAB_LET           ; go do LET
00C45D  2  68                 PLA                     ; pull return address
00C45E  2  68                 PLA                     ; pull return address
00C45F  2  A9 10              LDA   #$10              ; we need 16d bytes !
00C461  2  20 00 C1           JSR   LAB_1212          ; check room on stack for A bytes
00C464  2  20 98 C6           JSR   LAB_SNBS          ; scan for next BASIC statement ([:] or [EOL])
00C467  2  18                 CLC                     ; clear carry for add
00C468  2  98                 TYA                     ; copy index to A
00C469  2  65 C3              ADC   Bpntrl            ; add BASIC execute pointer low byte
00C46B  2  48                 PHA                     ; push onto stack
00C46C  2  A5 C4              LDA   Bpntrh            ; get BASIC execute pointer high byte
00C46E  2  69 00              ADC   #$00              ; add carry
00C470  2  48                 PHA                     ; push onto stack
00C471  2  A5 88              LDA   Clineh            ; get current line high byte
00C473  2  48                 PHA                     ; push onto stack
00C474  2  A5 87              LDA   Clinel            ; get current line low byte
00C476  2  48                 PHA                     ; push onto stack
00C477  2  A9 AF              LDA   #TK_TO            ; get "TO" token
00C479  2  20 EE CB           JSR   LAB_SCCA          ; scan for CHR$(A) , else do syntax error then warm start
00C47C  2  20 CD CA           JSR   LAB_CTNM          ; check if source is numeric, else do type mismatch
00C47F  2  20 CA CA           JSR   LAB_EVNM          ; evaluate expression and check is numeric,
00C482  2                                             ; else do type mismatch
00C482  2               ; *** begin patch  2.22p5.1   TO expression may get sign bit flipped
00C482  2               ; *** add
00C482  2  20 E3 D8           JSR   LAB_27BA          ; round FAC1
00C485  2               ; *** end   patch  2.22p5.1   TO expression may get sign bit flipped
00C485  2  A5 B0              LDA   FAC1_s            ; get FAC1 sign (b7)
00C487  2  09 7F              ORA   #$7F              ; set all non sign bits
00C489  2  25 AD              AND   FAC1_1            ; and FAC1 mantissa1
00C48B  2  85 AD              STA   FAC1_1            ; save FAC1 mantissa1
00C48D  2  A9 98              LDA   #<LAB_159F        ; set return address low byte
00C48F  2  A0 C4              LDY   #>LAB_159F        ; set return address high byte
00C491  2  85 71              STA   ut1_pl            ; save return address low byte
00C493  2  84 72              STY   ut1_ph            ; save return address high byte
00C495  2  4C 84 CB           JMP   LAB_1B66          ; round FAC1 and put on stack (returns to next instruction)
00C498  2               
00C498  2               LAB_159F
00C498  2  A9 F2              LDA   #<LAB_259C        ; set 1 pointer low addr (default step size)
00C49A  2  A0 E1              LDY   #>LAB_259C        ; set 1 pointer high addr
00C49C  2  20 87 D8           JSR   LAB_UFAC          ; unpack memory (AY) into FAC1
00C49F  2  20 C2 00           JSR   LAB_GBYT          ; scan memory
00C4A2  2  C9 B4              CMP   #TK_STEP          ; compare with STEP token
00C4A4  2  D0 06              BNE   LAB_15B3          ; jump if not "STEP"
00C4A6  2               
00C4A6  2                                             ;.was step so ..
00C4A6  2  20 BC 00           JSR   LAB_IGBY          ; increment and scan memory
00C4A9  2  20 CA CA           JSR   LAB_EVNM          ; evaluate expression and check is numeric,
00C4AC  2                                             ; else do type mismatch
00C4AC  2               LAB_15B3
00C4AC  2  20 F3 D8           JSR   LAB_27CA          ; return A=FF,C=1/-ve A=01,C=0/+ve
00C4AF  2  85 B0              STA   FAC1_s            ; set FAC1 sign (b7)
00C4B1  2                                             ; this is +1 for +ve step and -1 for -ve step, in NEXT we
00C4B1  2                                             ; compare the FOR value and the TO value and return +1 if
00C4B1  2                                             ; FOR > TO, 0 if FOR = TO and -1 if FOR < TO. the value
00C4B1  2                                             ; here (+/-1) is then compared to that result and if they
00C4B1  2                                             ; are the same (+ve and FOR > TO or -ve and FOR < TO) then
00C4B1  2                                             ; the loop is done
00C4B1  2               
00C4B1  2               ; *** begin patch  2.22p5.3   potential return address -$100 (page not incremented) ***
00C4B1  2               ; *** add
00C4B1  2                  .IF (* & $FF) = $FD
00C4B1  2                     NOP                     ; return address of JSR +1 (on  next page)
00C4B1  2                  .ENDIF
00C4B1  2               ; *** end   patch  2.22p5.3   potential return address -$100 (page not incremented) ***
00C4B1  2  20 76 CB           JSR   LAB_1B5B          ; push sign, round FAC1 and put on stack
00C4B4  2  A5 98              LDA   Frnxth            ; get var pointer for FOR/NEXT high byte
00C4B6  2  48                 PHA                     ; push on stack
00C4B7  2  A5 97              LDA   Frnxtl            ; get var pointer for FOR/NEXT low byte
00C4B9  2  48                 PHA                     ; push on stack
00C4BA  2  A9 81              LDA   #TK_FOR           ; get FOR token
00C4BC  2  48                 PHA                     ; push on stack
00C4BD  2               
00C4BD  2               ; interpreter inner loop
00C4BD  2               
00C4BD  2               LAB_15C2
00C4BD  2  20 13 C5           JSR   LAB_1629          ; do CRTL-C check vector
00C4C0  2  A5 C3              LDA   Bpntrl            ; get BASIC execute pointer low byte
00C4C2  2  A4 C4              LDY   Bpntrh            ; get BASIC execute pointer high byte
00C4C4  2               
00C4C4  2  A6 88              LDX   Clineh            ; continue line is $FFxx for immediate mode
00C4C6  2                                             ; ($00xx for RUN from immediate mode)
00C4C6  2  E8                 INX                     ; increment it (now $00 if immediate mode)
00C4C7  2               ;*** fix p2: skip no longer necessary as the continue pointer is saved anyway
00C4C7  2               ;      BEQ   LAB_15D1          ; branch if null (immediate mode)
00C4C7  2               
00C4C7  2  85 8B              STA   Cpntrl            ; save continue pointer low byte
00C4C9  2  84 8C              STY   Cpntrh            ; save continue pointer high byte
00C4CB  2               LAB_15D1
00C4CB  2  A0 00              LDY   #$00              ; clear index
00C4CD  2  B1 C3              LDA   (Bpntrl),Y        ; get next byte
00C4CF  2  F0 07              BEQ   LAB_15DC          ; branch if null [EOL]
00C4D1  2               
00C4D1  2  C9 3A              CMP   #':'              ; compare with ":"
00C4D3  2  F0 1D              BEQ   LAB_15F6          ; branch if = (statement separator)
00C4D5  2               
00C4D5  2               LAB_15D9
00C4D5  2  4C FF CB           JMP   LAB_SNER          ; else syntax error then warm start
00C4D8  2               
00C4D8  2                                             ; have reached [EOL]
00C4D8  2               LAB_15DC
00C4D8  2  A0 02              LDY   #$02              ; set index
00C4DA  2  B1 C3              LDA   (Bpntrl),Y        ; get next line pointer high byte
00C4DC  2  18                 CLC                     ; clear carry for no "BREAK" message
00C4DD  2  F0 50              BEQ   LAB_1651          ; if null go to immediate mode (was immediate or [EOT]
00C4DF  2                                             ; marker)
00C4DF  2               
00C4DF  2  C8                 INY                     ; increment index
00C4E0  2  B1 C3              LDA   (Bpntrl),Y        ; get line # low byte
00C4E2  2  85 87              STA   Clinel            ; save current line low byte
00C4E4  2  C8                 INY                     ; increment index
00C4E5  2  B1 C3              LDA   (Bpntrl),Y        ; get line # high byte
00C4E7  2  85 88              STA   Clineh            ; save current line high byte
00C4E9  2  98                 TYA                     ; A now = 4
00C4EA  2  65 C3              ADC   Bpntrl            ; add BASIC execute pointer low byte
00C4EC  2  85 C3              STA   Bpntrl            ; save BASIC execute pointer low byte
00C4EE  2  90 02              BCC   LAB_15F6          ; branch if no overflow
00C4F0  2               
00C4F0  2  E6 C4              INC   Bpntrh            ; else increment BASIC execute pointer high byte
00C4F2  2               LAB_15F6
00C4F2  2  20 BC 00           JSR   LAB_IGBY          ; increment and scan memory
00C4F5  2               
00C4F5  2               LAB_15F9
00C4F5  2  20 FB C4           JSR   LAB_15FF          ; go interpret BASIC code from (Bpntrl)
00C4F8  2               
00C4F8  2               LAB_15FC
00C4F8  2  4C BD C4           JMP   LAB_15C2          ; loop
00C4FB  2               
00C4FB  2               ; interpret BASIC code from (Bpntrl)
00C4FB  2               
00C4FB  2               LAB_15FF
00C4FB  2  F0 4E              BEQ   LAB_1628          ; exit if zero [EOL]
00C4FD  2               
00C4FD  2               LAB_1602
00C4FD  2  0A                 ASL                     ; *2 bytes per vector and normalise token
00C4FE  2  B0 03              BCS   LAB_1609          ; branch if was token
00C500  2               
00C500  2  4C B2 C7           JMP   LAB_LET           ; else go do implied LET
00C503  2               
00C503  2               LAB_1609
00C503  2  C9 5A              CMP   #(TK_TAB-$80)*2   ; compare normalised token * 2 with TAB
00C505  2  B0 CE              BCS   LAB_15D9          ; branch if A>=TAB (do syntax error then warm start)
00C507  2                                             ; only tokens before TAB can start a line
00C507  2  A8                 TAY                     ; copy to index
00C508  2  B9 1A E2           LDA   LAB_CTBL+1,Y      ; get vector high byte
00C50B  2  48                 PHA                     ; onto stack
00C50C  2  B9 19 E2           LDA   LAB_CTBL,Y        ; get vector low byte
00C50F  2  48                 PHA                     ; onto stack
00C510  2  4C BC 00           JMP   LAB_IGBY          ; jump to increment and scan memory
00C513  2                                             ; then "return" to vector
00C513  2               
00C513  2               ; CTRL-C check jump. this is called as a subroutine but exits back via a jump if a
00C513  2               ; key press is detected.
00C513  2               
00C513  2               LAB_1629
00C513  2  6C 03 02           JMP   (VEC_CC)          ; ctrl c check vector
00C516  2               
00C516  2               ; if there was a key press it gets back here ..
00C516  2               
00C516  2               LAB_1636
00C516  2  C9 03              CMP   #$03              ; compare with CTRL-C
00C518  2               
00C518  2               ; perform STOP
00C518  2               
00C518  2               LAB_STOP
00C518  2  B0 01              BCS   LAB_163B          ; branch if token follows STOP
00C51A  2                                             ; else just END
00C51A  2               ; END
00C51A  2               
00C51A  2               LAB_END
00C51A  2  18                 CLC                     ; clear the carry, indicate a normal program end
00C51B  2               LAB_163B
00C51B  2  D0 61              BNE   LAB_167A          ; if wasn't CTRL-C or there is a following byte return
00C51D  2               
00C51D  2  A5 C4              LDA   Bpntrh            ; get the BASIC execute pointer high byte
00C51F  2               ;*** fix p2: skip no longer necessary as the continue pointer is saved anyway
00C51F  2               ;      EOR   #>Ibuffs          ; compare with buffer address high byte (Cb unchanged)
00C51F  2               ;      BEQ   LAB_164F          ; branch if the BASIC pointer is in the input buffer
00C51F  2               ;                              ; (can't continue in immediate mode)
00C51F  2               ;                              ; else ..
00C51F  2               ;      EOR   #>Ibuffs          ; correct the bits
00C51F  2  A4 C3              LDY   Bpntrl            ; get BASIC execute pointer low byte
00C521  2  84 8B              STY   Cpntrl            ; save continue pointer low byte
00C523  2  85 8C              STA   Cpntrh            ; save continue pointer high byte
00C525  2               LAB_1647
00C525  2  A5 87              LDA   Clinel            ; get current line low byte
00C527  2  A4 88              LDY   Clineh            ; get current line high byte
00C529  2  85 89              STA   Blinel            ; save break line low byte
00C52B  2  84 8A              STY   Blineh            ; save break line high byte
00C52D  2               LAB_164F
00C52D  2  68                 PLA                     ; pull return address low
00C52E  2  68                 PLA                     ; pull return address high
00C52F  2               LAB_1651
00C52F  2  90 07              BCC   LAB_165E          ; if was program end just do warm start
00C531  2               
00C531  2                                             ; else ..
00C531  2  A9 02              LDA   #<LAB_BMSG        ; point to "Break" low byte
00C533  2  A0 E8              LDY   #>LAB_BMSG        ; point to "Break" high byte
00C535  2  4C 4F C1           JMP   LAB_1269          ; print "Break" and do warm start
00C538  2               
00C538  2               LAB_165E
00C538  2  4C 5A C1           JMP   LAB_1274          ; go do warm start
00C53B  2               
00C53B  2               ; perform RESTORE
00C53B  2               
00C53B  2               LAB_RESTORE
00C53B  2  D0 0F              BNE   LAB_RESTOREn      ; branch if next character not null (RESTORE n)
00C53D  2               
00C53D  2               LAB_161A
00C53D  2  38                 SEC                     ; set carry for subtract
00C53E  2  A5 79              LDA   Smeml             ; get start of mem low byte
00C540  2  E9 01              SBC   #$01              ; -1
00C542  2  A4 7A              LDY   Smemh             ; get start of mem high byte
00C544  2  B0 01              BCS   LAB_1624          ; branch if no underflow
00C546  2               
00C546  2               LAB_uflow
00C546  2  88                 DEY                     ; else decrement high byte
00C547  2               LAB_1624
00C547  2  85 8F              STA   Dptrl             ; save DATA pointer low byte
00C549  2  84 90              STY   Dptrh             ; save DATA pointer high byte
00C54B  2               LAB_1628
00C54B  2  60                 RTS
00C54C  2               
00C54C  2                                             ; is RESTORE n
00C54C  2               LAB_RESTOREn
00C54C  2  20 53 C7           JSR   LAB_GFPN          ; get fixed-point number into temp integer
00C54F  2  20 9B C6           JSR   LAB_SNBL          ; scan for next BASIC line
00C552  2  A5 88              LDA   Clineh            ; get current line high byte
00C554  2  C5 12              CMP   Itemph            ; compare with temporary integer high byte
00C556  2  B0 0B              BCS   LAB_reset_search  ; branch if >= (start search from beginning)
00C558  2               
00C558  2  98                 TYA                     ; else copy line index to A
00C559  2  38                 SEC                     ; set carry (+1)
00C55A  2  65 C3              ADC   Bpntrl            ; add BASIC execute pointer low byte
00C55C  2  A6 C4              LDX   Bpntrh            ; get BASIC execute pointer high byte
00C55E  2  90 07              BCC   LAB_go_search     ; branch if no overflow to high byte
00C560  2               
00C560  2  E8                 INX                     ; increment high byte
00C561  2  B0 04              BCS   LAB_go_search     ; branch always (can never be carry clear)
00C563  2               
00C563  2               ; search for line # in temp (Itempl/Itemph) from start of mem pointer (Smeml)
00C563  2               
00C563  2               LAB_reset_search
00C563  2  A5 79              LDA   Smeml             ; get start of mem low byte
00C565  2  A6 7A              LDX   Smemh             ; get start of mem high byte
00C567  2               
00C567  2               ; search for line # in temp (Itempl/Itemph) from (AX)
00C567  2               
00C567  2               LAB_go_search
00C567  2               
00C567  2  20 28 C3           JSR   LAB_SHLN          ; search Basic for temp integer line number from AX
00C56A  2  B0 03              BCS   LAB_line_found    ; if carry set go set pointer
00C56C  2               
00C56C  2  4C 6D C6           JMP   LAB_16F7          ; else go do "Undefined statement" error
00C56F  2               
00C56F  2               LAB_line_found
00C56F  2                                             ; carry already set for subtract
00C56F  2  A5 AA              LDA   Baslnl            ; get pointer low byte
00C571  2  E9 01              SBC   #$01              ; -1
00C573  2  A4 AB              LDY   Baslnh            ; get pointer high byte
00C575  2  B0 D0              BCS   LAB_1624          ; branch if no underflow (save DATA pointer and return)
00C577  2               
00C577  2  90 CD              BCC   LAB_uflow         ; else decrement high byte then save DATA pointer and
00C579  2                                             ; return (branch always)
00C579  2               
00C579  2               ; perform NULL
00C579  2               
00C579  2               LAB_NULL
00C579  2  20 9D D4           JSR   LAB_GTBY          ; get byte parameter
00C57C  2  86 0D              STX   Nullct            ; save new NULL count
00C57E  2               LAB_167A
00C57E  2  60                 RTS
00C57F  2               
00C57F  2               ; perform CONT
00C57F  2               
00C57F  2               LAB_CONT
00C57F  2  D0 FD              BNE   LAB_167A          ; if following byte exit to do syntax error
00C581  2               
00C581  2  A4 8C              LDY   Cpntrh            ; get continue pointer high byte
00C583  2  C0 02              CPY   #>Ibuffs          ; *** fix p2: test direct mode
00C585  2  D0 05              BNE   LAB_166C          ; go do continue if we can
00C587  2               
00C587  2  A2 1E              LDX   #$1E              ; error code $1E ("Can't continue" error)
00C589  2  4C 3C C1           JMP   LAB_XERR          ; do error #X, then warm start
00C58C  2               
00C58C  2                                             ; we can continue so ..
00C58C  2               LAB_166C
00C58C  2  A9 93              LDA   #TK_ON            ; set token for ON
00C58E  2  20 20 DF           JSR   LAB_IRQ           ; set IRQ flags
00C591  2  A9 93              LDA   #TK_ON            ; set token for ON
00C593  2  20 23 DF           JSR   LAB_NMI           ; set NMI flags
00C596  2               
00C596  2  84 C4              STY   Bpntrh            ; save BASIC execute pointer high byte
00C598  2  A5 8B              LDA   Cpntrl            ; get continue pointer low byte
00C59A  2  85 C3              STA   Bpntrl            ; save BASIC execute pointer low byte
00C59C  2  A5 89              LDA   Blinel            ; get break line low byte
00C59E  2  A4 8A              LDY   Blineh            ; get break line high byte
00C5A0  2  85 87              STA   Clinel            ; set current line low byte
00C5A2  2  84 88              STY   Clineh            ; set current line high byte
00C5A4  2  60                 RTS
00C5A5  2               
00C5A5  2               ; perform RUN
00C5A5  2               
00C5A5  2               LAB_RUN
00C5A5  2  D0 03              BNE   LAB_1696          ; branch if RUN n
00C5A7  2  4C 65 C3           JMP   LAB_1477          ; reset execution to start, clear variables, flush stack and
00C5AA  2                                             ; return
00C5AA  2               
00C5AA  2               ; does RUN n
00C5AA  2               
00C5AA  2               LAB_1696
00C5AA  2  20 72 C3           JSR   LAB_147A          ; go do "CLEAR"
00C5AD  2  F0 2E              BEQ   LAB_16B0          ; get n and do GOTO n (branch always as CLEAR sets Z=1)
00C5AF  2               
00C5AF  2               ; perform DO
00C5AF  2               
00C5AF  2               LAB_DO
00C5AF  2  A9 05              LDA   #$05              ; need 5 bytes for DO
00C5B1  2  20 00 C1           JSR   LAB_1212          ; check room on stack for A bytes
00C5B4  2  A5 C4              LDA   Bpntrh            ; get BASIC execute pointer high byte
00C5B6  2  48                 PHA                     ; push on stack
00C5B7  2  A5 C3              LDA   Bpntrl            ; get BASIC execute pointer low byte
00C5B9  2  48                 PHA                     ; push on stack
00C5BA  2  A5 88              LDA   Clineh            ; get current line high byte
00C5BC  2  48                 PHA                     ; push on stack
00C5BD  2  A5 87              LDA   Clinel            ; get current line low byte
00C5BF  2  48                 PHA                     ; push on stack
00C5C0  2  A9 9D              LDA   #TK_DO            ; token for DO
00C5C2  2  48                 PHA                     ; push on stack
00C5C3  2  20 C2 00           JSR   LAB_GBYT          ; scan memory
00C5C6  2  4C BD C4           JMP   LAB_15C2          ; go do interpreter inner loop
00C5C9  2               
00C5C9  2               ; perform GOSUB
00C5C9  2               
00C5C9  2               LAB_GOSUB
00C5C9  2  A9 05              LDA   #$05              ; need 5 bytes for GOSUB
00C5CB  2  20 00 C1           JSR   LAB_1212          ; check room on stack for A bytes
00C5CE  2  A5 C4              LDA   Bpntrh            ; get BASIC execute pointer high byte
00C5D0  2  48                 PHA                     ; push on stack
00C5D1  2  A5 C3              LDA   Bpntrl            ; get BASIC execute pointer low byte
00C5D3  2  48                 PHA                     ; push on stack
00C5D4  2  A5 88              LDA   Clineh            ; get current line high byte
00C5D6  2  48                 PHA                     ; push on stack
00C5D7  2  A5 87              LDA   Clinel            ; get current line low byte
00C5D9  2  48                 PHA                     ; push on stack
00C5DA  2  A9 8D              LDA   #TK_GOSUB         ; token for GOSUB
00C5DC  2  48                 PHA                     ; push on stack
00C5DD  2               LAB_16B0
00C5DD  2  20 C2 00           JSR   LAB_GBYT          ; scan memory
00C5E0  2  20 E6 C5           JSR   LAB_GOTO          ; perform GOTO n
00C5E3  2  4C BD C4           JMP   LAB_15C2          ; go do interpreter inner loop
00C5E6  2                                             ; (can't RTS, we used the stack!)
00C5E6  2               
00C5E6  2               ; perform GOTO
00C5E6  2               
00C5E6  2               LAB_GOTO
00C5E6  2  20 53 C7           JSR   LAB_GFPN          ; get fixed-point number into temp integer
00C5E9  2  20 9B C6           JSR   LAB_SNBL          ; scan for next BASIC line
00C5EC  2  A5 88              LDA   Clineh            ; get current line high byte
00C5EE  2  C5 12              CMP   Itemph            ; compare with temporary integer high byte
00C5F0  2  B0 0B              BCS   LAB_16D0          ; branch if >= (start search from beginning)
00C5F2  2               
00C5F2  2  98                 TYA                     ; else copy line index to A
00C5F3  2  38                 SEC                     ; set carry (+1)
00C5F4  2  65 C3              ADC   Bpntrl            ; add BASIC execute pointer low byte
00C5F6  2  A6 C4              LDX   Bpntrh            ; get BASIC execute pointer high byte
00C5F8  2  90 07              BCC   LAB_16D4          ; branch if no overflow to high byte
00C5FA  2               
00C5FA  2  E8                 INX                     ; increment high byte
00C5FB  2  B0 04              BCS   LAB_16D4          ; branch always (can never be carry)
00C5FD  2               
00C5FD  2               ; search for line # in temp (Itempl/Itemph) from start of mem pointer (Smeml)
00C5FD  2               
00C5FD  2               LAB_16D0
00C5FD  2  A5 79              LDA   Smeml             ; get start of mem low byte
00C5FF  2  A6 7A              LDX   Smemh             ; get start of mem high byte
00C601  2               
00C601  2               ; search for line # in temp (Itempl/Itemph) from (AX)
00C601  2               
00C601  2               LAB_16D4
00C601  2  20 28 C3           JSR   LAB_SHLN          ; search Basic for temp integer line number from AX
00C604  2  90 67              BCC   LAB_16F7          ; if carry clear go do "Undefined statement" error
00C606  2                                             ; (unspecified statement)
00C606  2               
00C606  2                                             ; carry already set for subtract
00C606  2  A5 AA              LDA   Baslnl            ; get pointer low byte
00C608  2  E9 01              SBC   #$01              ; -1
00C60A  2  85 C3              STA   Bpntrl            ; save BASIC execute pointer low byte
00C60C  2  A5 AB              LDA   Baslnh            ; get pointer high byte
00C60E  2  E9 00              SBC   #$00              ; subtract carry
00C610  2  85 C4              STA   Bpntrh            ; save BASIC execute pointer high byte
00C612  2               LAB_16E5
00C612  2  60                 RTS
00C613  2               
00C613  2               LAB_DONOK
00C613  2  A2 22              LDX   #$22              ; error code $22 ("LOOP without DO" error)
00C615  2  4C 3C C1           JMP   LAB_XERR          ; do error #X, then warm start
00C618  2               
00C618  2               ; perform LOOP
00C618  2               
00C618  2               LAB_LOOP
00C618  2  A8                 TAY                     ; save following token
00C619  2  BA                 TSX                     ; copy stack pointer
00C61A  2  BD 03 01           LDA   LAB_STAK+3,X      ; get token byte from stack
00C61D  2  C9 9D              CMP   #TK_DO            ; compare with DO token
00C61F  2  D0 F2              BNE   LAB_DONOK         ; branch if no matching DO
00C621  2               
00C621  2  E8                 INX                     ; dump calling routine return address
00C622  2  E8                 INX                     ; dump calling routine return address
00C623  2  9A                 TXS                     ; correct stack
00C624  2  98                 TYA                     ; get saved following token back
00C625  2  F0 20              BEQ   LoopAlways        ; if no following token loop forever
00C627  2                                             ; (stack pointer in X)
00C627  2               
00C627  2  C9 3A              CMP   #':'              ; could be ':'
00C629  2  F0 1C              BEQ   LoopAlways        ; if :... loop forever
00C62B  2               
00C62B  2  E9 B5              SBC   #TK_UNTIL         ; subtract token for UNTIL, we know carry is set here
00C62D  2  AA                 TAX                     ; copy to X (if it was UNTIL then Y will be correct)
00C62E  2  F0 04              BEQ   DoRest            ; branch if was UNTIL
00C630  2               
00C630  2  CA                 DEX                     ; decrement result
00C631  2  D0 62              BNE   LAB_16FC          ; if not WHILE go do syntax error and warm start
00C633  2                                             ; only if the token was WHILE will this fail
00C633  2               
00C633  2  CA                 DEX                     ; set invert result byte
00C634  2               DoRest
00C634  2  86 98              STX   Frnxth            ; save invert result byte
00C636  2  20 BC 00           JSR   LAB_IGBY          ; increment and scan memory
00C639  2  20 DE CA           JSR   LAB_EVEX          ; evaluate expression
00C63C  2  A5 AC              LDA   FAC1_e            ; get FAC1 exponent
00C63E  2  F0 02              BEQ   DoCmp             ; if =0 go do straight compare
00C640  2               
00C640  2  A9 FF              LDA   #$FF              ; else set all bits
00C642  2               DoCmp
00C642  2  BA                 TSX                     ; copy stack pointer
00C643  2  45 98              EOR   Frnxth            ; EOR with invert byte
00C645  2  D0 1A              BNE   LoopDone          ; if <> 0 clear stack and back to interpreter loop
00C647  2               
00C647  2                                             ; loop condition wasn't met so do it again
00C647  2               LoopAlways
00C647  2  BD 02 01           LDA   LAB_STAK+2,X      ; get current line low byte
00C64A  2  85 87              STA   Clinel            ; save current line low byte
00C64C  2  BD 03 01           LDA   LAB_STAK+3,X      ; get current line high byte
00C64F  2  85 88              STA   Clineh            ; save current line high byte
00C651  2  BD 04 01           LDA   LAB_STAK+4,X      ; get BASIC execute pointer low byte
00C654  2  85 C3              STA   Bpntrl            ; save BASIC execute pointer low byte
00C656  2  BD 05 01           LDA   LAB_STAK+5,X      ; get BASIC execute pointer high byte
00C659  2  85 C4              STA   Bpntrh            ; save BASIC execute pointer high byte
00C65B  2  20 C2 00           JSR   LAB_GBYT          ; scan memory
00C65E  2  4C BD C4           JMP   LAB_15C2          ; go do interpreter inner loop
00C661  2               
00C661  2                                             ; clear stack and back to interpreter loop
00C661  2               LoopDone
00C661  2  E8                 INX                     ; dump DO token
00C662  2  E8                 INX                     ; dump current line low byte
00C663  2  E8                 INX                     ; dump current line high byte
00C664  2  E8                 INX                     ; dump BASIC execute pointer low byte
00C665  2  E8                 INX                     ; dump BASIC execute pointer high byte
00C666  2  9A                 TXS                     ; correct stack
00C667  2  4C 87 C6           JMP   LAB_DATA          ; go perform DATA (find : or [EOL])
00C66A  2               
00C66A  2               ; do the return without gosub error
00C66A  2               
00C66A  2               LAB_16F4
00C66A  2  A2 04              LDX   #$04              ; error code $04 ("RETURN without GOSUB" error)
00C66C  2  2C                 .byte $2C               ; makes next line BIT LAB_0EA2
00C66D  2               
00C66D  2               LAB_16F7                      ; do undefined statement error
00C66D  2  A2 0E              LDX   #$0E              ; error code $0E ("Undefined statement" error)
00C66F  2  4C 3C C1           JMP   LAB_XERR          ; do error #X, then warm start
00C672  2               
00C672  2               ; perform RETURN
00C672  2               
00C672  2               LAB_RETURN
00C672  2  D0 9E              BNE   LAB_16E5          ; exit if following token (to allow syntax error)
00C674  2               
00C674  2               LAB_16E8
00C674  2  68                 PLA                     ; dump calling routine return address
00C675  2  68                 PLA                     ; dump calling routine return address
00C676  2  68                 PLA                     ; pull token
00C677  2  C9 8D              CMP   #TK_GOSUB         ; compare with GOSUB token
00C679  2  D0 EF              BNE   LAB_16F4          ; branch if no matching GOSUB
00C67B  2               
00C67B  2               LAB_16FF
00C67B  2  68                 PLA                     ; pull current line low byte
00C67C  2  85 87              STA   Clinel            ; save current line low byte
00C67E  2  68                 PLA                     ; pull current line high byte
00C67F  2  85 88              STA   Clineh            ; save current line high byte
00C681  2  68                 PLA                     ; pull BASIC execute pointer low byte
00C682  2  85 C3              STA   Bpntrl            ; save BASIC execute pointer low byte
00C684  2  68                 PLA                     ; pull BASIC execute pointer high byte
00C685  2  85 C4              STA   Bpntrh            ; save BASIC execute pointer high byte
00C687  2               
00C687  2                                             ; now do the DATA statement as we could be returning into
00C687  2                                             ; the middle of an ON <var> GOSUB n,m,p,q line
00C687  2                                             ; (the return address used by the DATA statement is the one
00C687  2                                             ; pushed before the GOSUB was executed!)
00C687  2               
00C687  2               ; perform DATA
00C687  2               
00C687  2               LAB_DATA
00C687  2  20 98 C6           JSR   LAB_SNBS          ; scan for next BASIC statement ([:] or [EOL])
00C68A  2               
00C68A  2                                             ; set BASIC execute pointer
00C68A  2               LAB_170F
00C68A  2  98                 TYA                     ; copy index to A
00C68B  2  18                 CLC                     ; clear carry for add
00C68C  2  65 C3              ADC   Bpntrl            ; add BASIC execute pointer low byte
00C68E  2  85 C3              STA   Bpntrl            ; save BASIC execute pointer low byte
00C690  2  90 02              BCC   LAB_1719          ; skip next if no carry
00C692  2               
00C692  2  E6 C4              INC   Bpntrh            ; else increment BASIC execute pointer high byte
00C694  2               LAB_1719
00C694  2  60                 RTS
00C695  2               
00C695  2               LAB_16FC
00C695  2  4C FF CB           JMP   LAB_SNER          ; do syntax error then warm start
00C698  2               
00C698  2               ; scan for next BASIC statement ([:] or [EOL])
00C698  2               ; returns Y as index to [:] or [EOL]
00C698  2               
00C698  2               LAB_SNBS
00C698  2  A2 3A              LDX   #':'              ; set look for character = ":"
00C69A  2  2C                 .byte $2C               ; makes next line BIT $00A2
00C69B  2               
00C69B  2               ; scan for next BASIC line
00C69B  2               ; returns Y as index to [EOL]
00C69B  2               
00C69B  2               LAB_SNBL
00C69B  2  A2 00              LDX   #$00              ; set alt search character = [EOL]
00C69D  2  A0 00              LDY   #$00              ; set search character = [EOL]
00C69F  2  84 5C              STY   Asrch             ; store search character
00C6A1  2               LAB_1725
00C6A1  2  8A                 TXA                     ; get alt search character
00C6A2  2  45 5C              EOR   Asrch             ; toggle search character, effectively swap with $00
00C6A4  2  85 5C              STA   Asrch             ; save swapped search character
00C6A6  2               LAB_172D
00C6A6  2  B1 C3              LDA   (Bpntrl),Y        ; get next byte
00C6A8  2  F0 EA              BEQ   LAB_1719          ; exit if null [EOL]
00C6AA  2               
00C6AA  2  C5 5C              CMP   Asrch             ; compare with search character
00C6AC  2  F0 E6              BEQ   LAB_1719          ; exit if found
00C6AE  2               
00C6AE  2  C8                 INY                     ; increment index
00C6AF  2  C9 22              CMP   #$22              ; compare current character with open quote
00C6B1  2  D0 F3              BNE   LAB_172D          ; if not open quote go get next character
00C6B3  2               
00C6B3  2  F0 EC              BEQ   LAB_1725          ; if found go swap search character for alt search character
00C6B5  2               
00C6B5  2               ; perform IF
00C6B5  2               
00C6B5  2               LAB_IF
00C6B5  2  20 DE CA           JSR   LAB_EVEX          ; evaluate the expression
00C6B8  2  20 C2 00           JSR   LAB_GBYT          ; scan memory
00C6BB  2  C9 B2              CMP   #TK_THEN          ; compare with THEN token
00C6BD  2  F0 11              BEQ   LAB_174B          ; if it was THEN go do IF
00C6BF  2               
00C6BF  2                                             ; wasn't IF .. THEN so must be IF .. GOTO
00C6BF  2  C9 89              CMP   #TK_GOTO          ; compare with GOTO token
00C6C1  2  D0 D2              BNE   LAB_16FC          ; if it wasn't GOTO go do syntax error
00C6C3  2               
00C6C3  2  A6 C3              LDX   Bpntrl            ; save the basic pointer low byte
00C6C5  2  A4 C4              LDY   Bpntrh            ; save the basic pointer high byte
00C6C7  2  20 BC 00           JSR   LAB_IGBY          ; increment and scan memory
00C6CA  2  B0 C9              BCS   LAB_16FC          ; if not numeric go do syntax error
00C6CC  2               
00C6CC  2  86 C3              STX   Bpntrl            ; restore the basic pointer low byte
00C6CE  2  84 C4              STY   Bpntrh            ; restore the basic pointer high byte
00C6D0  2               LAB_174B
00C6D0  2  A5 AC              LDA   FAC1_e            ; get FAC1 exponent
00C6D2  2  F0 1E              BEQ   LAB_174E          ; if the result was zero go look for an ELSE
00C6D4  2               
00C6D4  2  20 BC 00           JSR   LAB_IGBY          ; else increment and scan memory
00C6D7  2  B0 03              BCS   LAB_174D          ; if not numeric go do var or keyword
00C6D9  2               
00C6D9  2               LAB_174C
00C6D9  2  4C E6 C5           JMP   LAB_GOTO          ; else was numeric so do GOTO n
00C6DC  2               
00C6DC  2                                             ; is var or keyword
00C6DC  2               LAB_174D
00C6DC  2               ; *** patch       allow NEXT, LOOP & RETURN to find FOR, DO or GOSUB structure on stack
00C6DC  2               ; *** replace
00C6DC  2               ;      CMP   #TK_RETURN        ; compare the byte with the token for RETURN
00C6DC  2               ;      BNE   LAB_174G          ; if it wasn't RETURN go interpret BASIC code from (Bpntrl)
00C6DC  2               ;                              ; and return to this code to process any following code
00C6DC  2               ;
00C6DC  2               ;      JMP   LAB_1602          ; else it was RETURN so interpret BASIC code from (Bpntrl)
00C6DC  2               ;                              ; but don't return here
00C6DC  2               ;
00C6DC  2               ;LAB_174G
00C6DC  2               ;      JSR   LAB_15FF          ; interpret BASIC code from (Bpntrl)
00C6DC  2               ;
00C6DC  2               ;; the IF was executed and there may be a following ELSE so the code needs to return
00C6DC  2               ;; here to check and ignore the ELSE if present
00C6DC  2               ;
00C6DC  2               ;      LDY   #$00              ; clear the index
00C6DC  2               ;      LDA   (Bpntrl),Y        ; get the next BASIC byte
00C6DC  2               ;      CMP   #TK_ELSE          ; compare it with the token for ELSE
00C6DC  2               ;      BEQ   LAB_DATA          ; if ELSE ignore the following statement
00C6DC  2               ;
00C6DC  2               ;; there was no ELSE so continue execution of IF <expr> THEN <stat> [: <stat>]. any
00C6DC  2               ;; following ELSE will, correctly, cause a syntax error
00C6DC  2               ;
00C6DC  2               ;      RTS                     ; else return to the interpreter inner loop
00C6DC  2               ;
00C6DC  2               ; *** with
00C6DC  2  68                 PLA                     ; discard interpreter loop return address
00C6DD  2  68                 PLA                     ; so data structures are at the correct stack offset
00C6DE  2  20 C2 00           JSR   LAB_GBYT          ; restore token or variable
00C6E1  2  20 FB C4           JSR   LAB_15FF          ; interpret BASIC code from (Bpntrl)
00C6E4  2               
00C6E4  2               ; the IF was executed and there may be a following ELSE so the code needs to return
00C6E4  2               ; here to check and ignore the ELSE if present
00C6E4  2               
00C6E4  2  A0 00              LDY   #$00              ; clear the index
00C6E6  2  B1 C3              LDA   (Bpntrl),Y        ; get the next BASIC byte
00C6E8  2  C9 AE              CMP   #TK_ELSE          ; compare it with the token for ELSE
00C6EA  2  D0 03              BNE   LAB_no_ELSE       ; no - continue on this line
00C6EC  2  20 87 C6           JSR   LAB_DATA          ; yes - skip the rest of the line
00C6EF  2               
00C6EF  2               ; there was no ELSE so continue execution of IF <expr> THEN <stat> [: <stat>]. any
00C6EF  2               ; following ELSE will, correctly, cause a syntax error
00C6EF  2               
00C6EF  2               LAB_no_ELSE
00C6EF  2  4C BD C4           JMP LAB_15C2            ; return to the interpreter inner loop
00C6F2  2               ; *** end patch  allow NEXT, LOOP & RETURN to find FOR, DO or GOSUB structure on stack
00C6F2  2               
00C6F2  2               ; perform ELSE after IF
00C6F2  2               
00C6F2  2               LAB_174E
00C6F2  2  A0 00              LDY   #$00              ; clear the BASIC byte index
00C6F4  2  A2 01              LDX   #$01              ; clear the nesting depth
00C6F6  2               LAB_1750
00C6F6  2  C8                 INY                     ; increment the BASIC byte index
00C6F7  2  B1 C3              LDA   (Bpntrl),Y        ; get the next BASIC byte
00C6F9  2  F0 0F              BEQ   LAB_1753          ; if EOL go add the pointer and return
00C6FB  2               
00C6FB  2  C9 8B              CMP   #TK_IF            ; compare the byte with the token for IF
00C6FD  2  D0 03              BNE   LAB_1752          ; if not IF token skip the depth increment
00C6FF  2               
00C6FF  2  E8                 INX                     ; else increment the nesting depth ..
00C700  2  D0 F4              BNE   LAB_1750          ; .. and continue looking
00C702  2               
00C702  2               LAB_1752
00C702  2  C9 AE              CMP   #TK_ELSE          ; compare the byte with the token for ELSE
00C704  2  D0 F0              BNE   LAB_1750          ; if not ELSE token continue looking
00C706  2               
00C706  2  CA                 DEX                     ; was ELSE so decrement the nesting depth
00C707  2  D0 ED              BNE   LAB_1750          ; loop if still nested
00C709  2               
00C709  2  C8                 INY                     ; increment the BASIC byte index past the ELSE
00C70A  2               
00C70A  2               ; found the matching ELSE, now do <{n|statement}>
00C70A  2               
00C70A  2               LAB_1753
00C70A  2  98                 TYA                     ; else copy line index to A
00C70B  2  18                 CLC                     ; clear carry for add
00C70C  2  65 C3              ADC   Bpntrl            ; add the BASIC execute pointer low byte
00C70E  2  85 C3              STA   Bpntrl            ; save the BASIC execute pointer low byte
00C710  2  90 02              BCC   LAB_1754          ; branch if no overflow to high byte
00C712  2               
00C712  2  E6 C4              INC   Bpntrh            ; else increment the BASIC execute pointer high byte
00C714  2               LAB_1754
00C714  2  20 C2 00           JSR   LAB_GBYT          ; scan memory
00C717  2  90 C0              BCC   LAB_174C          ; if numeric do GOTO n
00C719  2                                             ; the code will return to the interpreter loop at the
00C719  2                                             ; tail end of the GOTO <n>
00C719  2               
00C719  2  4C FB C4           JMP   LAB_15FF          ; interpret BASIC code from (Bpntrl)
00C71C  2                                             ; the code will return to the interpreter loop at the
00C71C  2                                             ; tail end of the <statement>
00C71C  2               
00C71C  2               ; perform REM, skip (rest of) line
00C71C  2               
00C71C  2               LAB_REM
00C71C  2  20 9B C6           JSR   LAB_SNBL          ; scan for next BASIC line
00C71F  2  4C 8A C6           JMP   LAB_170F          ; go set BASIC execute pointer and return, branch always
00C722  2               
00C722  2               LAB_16FD
00C722  2  4C FF CB           JMP   LAB_SNER          ; do syntax error then warm start
00C725  2               
00C725  2               ; perform ON
00C725  2               
00C725  2               LAB_ON
00C725  2  C9 A9              CMP   #TK_IRQ           ; was it IRQ token ?
00C727  2  D0 03              BNE   LAB_NOIN          ; if not go check NMI
00C729  2               
00C729  2  4C 44 DF           JMP   LAB_SIRQ          ; else go set-up IRQ
00C72C  2               
00C72C  2               LAB_NOIN
00C72C  2  C9 AA              CMP   #TK_NMI           ; was it NMI token ?
00C72E  2  D0 03              BNE   LAB_NONM          ; if not go do normal ON command
00C730  2               
00C730  2  4C 48 DF           JMP   LAB_SNMI          ; else go set-up NMI
00C733  2               
00C733  2               LAB_NONM
00C733  2  20 9D D4           JSR   LAB_GTBY          ; get byte parameter
00C736  2  48                 PHA                     ; push GOTO/GOSUB token
00C737  2  C9 8D              CMP   #TK_GOSUB         ; compare with GOSUB token
00C739  2  F0 04              BEQ   LAB_176B          ; branch if GOSUB
00C73B  2               
00C73B  2  C9 89              CMP   #TK_GOTO          ; compare with GOTO token
00C73D  2               LAB_1767
00C73D  2  D0 E3              BNE   LAB_16FD          ; if not GOTO do syntax error then warm start
00C73F  2               
00C73F  2               
00C73F  2               ; next character was GOTO or GOSUB
00C73F  2               
00C73F  2               LAB_176B
00C73F  2  C6 AF              DEC   FAC1_3            ; decrement index (byte value)
00C741  2  D0 04              BNE   LAB_1773          ; branch if not zero
00C743  2               
00C743  2  68                 PLA                     ; pull GOTO/GOSUB token
00C744  2  4C FD C4           JMP   LAB_1602          ; go execute it
00C747  2               
00C747  2               LAB_1773
00C747  2  20 BC 00           JSR   LAB_IGBY          ; increment and scan memory
00C74A  2  20 53 C7           JSR   LAB_GFPN          ; get fixed-point number into temp integer (skip this n)
00C74D  2                                             ; (we could LDX #',' and JSR LAB_SNBL+2, then we
00C74D  2                                             ; just BNE LAB_176B for the loop. should be quicker ..
00C74D  2                                             ; no we can't, what if we meet a colon or [EOL]?)
00C74D  2  C9 2C              CMP   #$2C              ; compare next character with ","
00C74F  2  F0 EE              BEQ   LAB_176B          ; loop if ","
00C751  2               
00C751  2               LAB_177E
00C751  2  68                 PLA                     ; else pull keyword token (run out of options)
00C752  2                                             ; also dump +/-1 pointer low byte and exit
00C752  2               LAB_177F
00C752  2  60                 RTS
00C753  2               
00C753  2               ; takes n * 106 + 11 cycles where n is the number of digits
00C753  2               
00C753  2               ; get fixed-point number into temp integer
00C753  2               
00C753  2               LAB_GFPN
00C753  2  A2 00              LDX   #$00              ; clear reg
00C755  2  86 11              STX   Itempl            ; clear temporary integer low byte
00C757  2               LAB_1785
00C757  2  86 12              STX   Itemph            ; save temporary integer high byte
00C759  2  B0 F7              BCS   LAB_177F          ; return if carry set, end of scan, character was
00C75B  2                                             ; not 0-9
00C75B  2               
00C75B  2  E0 19              CPX   #$19              ; compare high byte with $19
00C75D  2  A8                 TAY                     ; ensure Zb = 0 if the branch is taken
00C75E  2  B0 DD              BCS   LAB_1767          ; branch if >=, makes max line # 63999 because next
00C760  2                                             ; bit does *$0A, = 64000, compare at target will fail
00C760  2                                             ; and do syntax error
00C760  2               
00C760  2  E9 2F              SBC   #'0'-1            ; subtract "0", $2F + carry, from byte
00C762  2  A8                 TAY                     ; copy binary digit
00C763  2  A5 11              LDA   Itempl            ; get temporary integer low byte
00C765  2  0A                 ASL                     ; *2 low byte
00C766  2  26 12              ROL   Itemph            ; *2 high byte
00C768  2  0A                 ASL                     ; *2 low byte
00C769  2  26 12              ROL   Itemph            ; *2 high byte, *4
00C76B  2  65 11              ADC   Itempl            ; + low byte, *5
00C76D  2  85 11              STA   Itempl            ; save it
00C76F  2  8A                 TXA                     ; get high byte copy to A
00C770  2  65 12              ADC   Itemph            ; + high byte, *5
00C772  2  06 11              ASL   Itempl            ; *2 low byte, *10d
00C774  2  2A                 ROL                     ; *2 high byte, *10d
00C775  2  AA                 TAX                     ; copy high byte back to X
00C776  2  98                 TYA                     ; get binary digit back
00C777  2  65 11              ADC   Itempl            ; add number low byte
00C779  2  85 11              STA   Itempl            ; save number low byte
00C77B  2  90 01              BCC   LAB_17B3          ; if no overflow to high byte get next character
00C77D  2               
00C77D  2  E8                 INX                     ; else increment high byte
00C77E  2               LAB_17B3
00C77E  2  20 BC 00           JSR   LAB_IGBY          ; increment and scan memory
00C781  2  4C 57 C7           JMP   LAB_1785          ; loop for next character
00C784  2               
00C784  2               ; perform DEC
00C784  2               
00C784  2               LAB_DEC
00C784  2  A9 F6              LDA   #<LAB_2AFD        ; set -1 pointer low byte
00C786  2  2C                 .byte $2C               ; BIT abs to skip the LDA below
00C787  2               
00C787  2               ; perform INC
00C787  2               
00C787  2               LAB_INC
00C787  2  A9 F2              LDA   #<LAB_259C        ; set 1 pointer low byte
00C789  2               LAB_17B5
00C789  2  48                 PHA                     ; save +/-1 pointer low byte
00C78A  2               LAB_17B7
00C78A  2  20 B5 CD           JSR   LAB_GVAR          ; get var address
00C78D  2  A6 5F              LDX   Dtypef            ; get data type flag, $FF=string, $00=numeric
00C78F  2  30 1E              BMI   IncrErr           ; exit if string
00C791  2               
00C791  2  85 97              STA   Lvarpl            ; save var address low byte
00C793  2  84 98              STY   Lvarph            ; save var address high byte
00C795  2  20 87 D8           JSR   LAB_UFAC          ; unpack memory (AY) into FAC1
00C798  2  68                 PLA                     ; get +/-1 pointer low byte
00C799  2  48                 PHA                     ; save +/-1 pointer low byte
00C79A  2  A0 E1              LDY   #>LAB_259C        ; set +/-1 pointer high byte (both the same)
00C79C  2  20 C8 D5           JSR   LAB_246C          ; add (AY) to FAC1
00C79F  2  20 AD D8           JSR   LAB_PFAC          ; pack FAC1 into variable (Lvarpl)
00C7A2  2               
00C7A2  2  20 C2 00           JSR   LAB_GBYT          ; scan memory
00C7A5  2  C9 2C              CMP   #','              ; compare with ","
00C7A7  2  D0 A8              BNE   LAB_177E          ; exit if not "," (either end or error)
00C7A9  2               
00C7A9  2                                             ; was "," so another INCR variable to do
00C7A9  2  20 BC 00           JSR   LAB_IGBY          ; increment and scan memory
00C7AC  2  4C 8A C7           JMP   LAB_17B7          ; go do next var
00C7AF  2               
00C7AF  2               IncrErr
00C7AF  2  4C D9 CA           JMP   LAB_1ABC          ; do "Type mismatch" error then warm start
00C7B2  2               
00C7B2  2               ; perform LET
00C7B2  2               
00C7B2  2               LAB_LET
00C7B2  2  20 B5 CD           JSR   LAB_GVAR          ; get var address
00C7B5  2  85 97              STA   Lvarpl            ; save var address low byte
00C7B7  2  84 98              STY   Lvarph            ; save var address high byte
00C7B9  2  A9 C3              LDA   #TK_EQUAL         ; get = token
00C7BB  2  20 EE CB           JSR   LAB_SCCA          ; scan for CHR$(A), else do syntax error then warm start
00C7BE  2  A5 5F              LDA   Dtypef            ; get data type flag, $FF=string, $00=numeric
00C7C0  2  48                 PHA                     ; push data type flag
00C7C1  2  20 DE CA           JSR   LAB_EVEX          ; evaluate expression
00C7C4  2  68                 PLA                     ; pop data type flag
00C7C5  2  2A                 ROL                     ; set carry if type = string
00C7C6  2               ; *** begin patch  result of a string compare stores string pointer to variable
00C7C6  2               ;                  but should store FAC1 (true/false value)
00C7C6  2               ; *** replace
00C7C6  2               ;      JSR   LAB_CKTM          ; type match check, set C for string
00C7C6  2               ;      BNE   LAB_17D5          ; branch if string
00C7C6  2               ; *** with
00C7C6  2  20 D0 CA           JSR   LAB_CKTM          ; type match check, keep C (expected type)
00C7C9  2  B0 03              BCS   LAB_17D5          ; branch if string
00C7CB  2               ; *** end patch
00C7CB  2               
00C7CB  2  4C AD D8           JMP   LAB_PFAC          ; pack FAC1 into variable (Lvarpl) and return
00C7CE  2               
00C7CE  2               ; string LET
00C7CE  2               
00C7CE  2               LAB_17D5
00C7CE  2  A0 02              LDY   #$02              ; set index to pointer high byte
00C7D0  2  B1 AE              LDA   (des_pl),Y        ; get string pointer high byte
00C7D2  2  C5 82              CMP   Sstorh            ; compare bottom of string space high byte
00C7D4  2  90 17              BCC   LAB_17F4          ; if less assign value and exit (was in program memory)
00C7D6  2               
00C7D6  2  D0 07              BNE   LAB_17E6          ; branch if >
00C7D8  2                                             ; else was equal so compare low bytes
00C7D8  2  88                 DEY                     ; decrement index
00C7D9  2  B1 AE              LDA   (des_pl),Y        ; get pointer low byte
00C7DB  2  C5 81              CMP   Sstorl            ; compare bottom of string space low byte
00C7DD  2  90 0E              BCC   LAB_17F4          ; if less assign value and exit (was in program memory)
00C7DF  2               
00C7DF  2                                             ; pointer was >= to bottom of string space pointer
00C7DF  2               LAB_17E6
00C7DF  2  A4 AF              LDY   des_ph            ; get descriptor pointer high byte
00C7E1  2  C4 7C              CPY   Svarh             ; compare start of vars high byte
00C7E3  2  90 08              BCC   LAB_17F4          ; branch if less (descriptor is on stack)
00C7E5  2               
00C7E5  2  D0 0D              BNE   LAB_17FB          ; branch if greater (descriptor is not on stack)
00C7E7  2               
00C7E7  2                                             ; else high bytes were equal so ..
00C7E7  2  A5 AE              LDA   des_pl            ; get descriptor pointer low byte
00C7E9  2  C5 7B              CMP   Svarl             ; compare start of vars low byte
00C7EB  2  B0 07              BCS   LAB_17FB          ; branch if >= (descriptor is not on stack)
00C7ED  2               
00C7ED  2               LAB_17F4
00C7ED  2  A5 AE              LDA   des_pl            ; get descriptor pointer low byte
00C7EF  2  A4 AF              LDY   des_ph            ; get descriptor pointer high byte
00C7F1  2  4C 0A C8           JMP   LAB_1811          ; clean stack, copy descriptor to variable and return
00C7F4  2               
00C7F4  2                                             ; make space and copy string
00C7F4  2               LAB_17FB
00C7F4  2  A0 00              LDY   #$00              ; index to length
00C7F6  2  B1 AE              LDA   (des_pl),Y        ; get string length
00C7F8  2  20 3D D1           JSR   LAB_209C          ; copy string
00C7FB  2  A5 9E              LDA   des_2l            ; get descriptor pointer low byte
00C7FD  2  A4 9F              LDY   des_2h            ; get descriptor pointer high byte
00C7FF  2  85 B8              STA   ssptr_l           ; save descriptor pointer low byte
00C801  2  84 B9              STY   ssptr_h           ; save descriptor pointer high byte
00C803  2  20 22 D3           JSR   LAB_228A          ; copy string from descriptor (sdescr) to (Sutill)
00C806  2  A9 AC              LDA   #<FAC1_e          ; set descriptor pointer low byte
00C808  2  A0 00              LDY   #>FAC1_e          ; get descriptor pointer high byte
00C80A  2               
00C80A  2                                             ; clean stack and assign value to string variable
00C80A  2               LAB_1811
00C80A  2  85 9E              STA   des_2l            ; save descriptor_2 pointer low byte
00C80C  2  84 9F              STY   des_2h            ; save descriptor_2 pointer high byte
00C80E  2  20 84 D3           JSR   LAB_22EB          ; clean descriptor stack, YA = pointer
00C811  2  A0 00              LDY   #$00              ; index to length
00C813  2  B1 9E              LDA   (des_2l),Y        ; get string length
00C815  2  91 97              STA   (Lvarpl),Y        ; copy to let string variable
00C817  2  C8                 INY                     ; index to string pointer low byte
00C818  2  B1 9E              LDA   (des_2l),Y        ; get string pointer low byte
00C81A  2  91 97              STA   (Lvarpl),Y        ; copy to let string variable
00C81C  2  C8                 INY                     ; index to string pointer high byte
00C81D  2  B1 9E              LDA   (des_2l),Y        ; get string pointer high byte
00C81F  2  91 97              STA   (Lvarpl),Y        ; copy to let string variable
00C821  2  60                 RTS
00C822  2               
00C822  2               ; perform GET
00C822  2               
00C822  2               LAB_GET
00C822  2  20 B5 CD           JSR   LAB_GVAR          ; get var address
00C825  2  85 97              STA   Lvarpl            ; save var address low byte
00C827  2  84 98              STY   Lvarph            ; save var address high byte
00C829  2  20 0C DF           JSR   INGET             ; get input byte
00C82C  2  A6 5F              LDX   Dtypef            ; get data type flag, $FF=string, $00=numeric
00C82E  2  30 07              BMI   LAB_GETS          ; go get string character
00C830  2               
00C830  2                                             ; was numeric get
00C830  2  A8                 TAY                     ; copy character to Y
00C831  2  20 71 D0           JSR   LAB_1FD0          ; convert Y to byte in FAC1
00C834  2  4C AD D8           JMP   LAB_PFAC          ; pack FAC1 into variable (Lvarpl) and return
00C837  2               
00C837  2               LAB_GETS
00C837  2  48                 PHA                     ; save character
00C838  2  A9 01              LDA   #$01              ; string is single byte
00C83A  2  B0 01              BCS   LAB_IsByte        ; branch if byte received
00C83C  2               
00C83C  2  68                 PLA                     ; string is null
00C83D  2               LAB_IsByte
00C83D  2  20 45 D1           JSR   LAB_MSSP          ; make string space A bytes long A=$AC=length,
00C840  2                                             ; X=$AD=Sutill=ptr low byte, Y=$AE=Sutilh=ptr high byte
00C840  2  F0 05              BEQ   LAB_NoSt          ; skip store if null string
00C842  2               
00C842  2  68                 PLA                     ; get character back
00C843  2  A0 00              LDY   #$00              ; clear index
00C845  2  91 AD              STA   (str_pl),Y        ; save byte in string (byte IS string!)
00C847  2               LAB_NoSt
00C847  2  20 92 D1           JSR   LAB_RTST          ; check for space on descriptor stack then put address
00C84A  2                                             ; and length on descriptor stack and update stack pointers
00C84A  2               
00C84A  2  4C CE C7           JMP   LAB_17D5          ; do string LET and return
00C84D  2               
00C84D  2               ; perform PRINT
00C84D  2               
00C84D  2               LAB_1829
00C84D  2  20 D4 C8           JSR   LAB_18C6          ; print string from Sutill/Sutilh
00C850  2               LAB_182C
00C850  2  20 C2 00           JSR   LAB_GBYT          ; scan memory
00C853  2               
00C853  2               ; PRINT
00C853  2               
00C853  2               LAB_PRINT
00C853  2  F0 3B              BEQ   LAB_CRLF          ; if nothing following just print CR/LF
00C855  2               
00C855  2               LAB_1831
00C855  2  C9 AD              CMP   #TK_TAB           ; compare with TAB( token
00C857  2  F0 56              BEQ   LAB_18A2          ; go do TAB/SPC
00C859  2               
00C859  2  C9 B1              CMP   #TK_SPC           ; compare with SPC( token
00C85B  2  F0 52              BEQ   LAB_18A2          ; go do TAB/SPC
00C85D  2               
00C85D  2  C9 2C              CMP   #','              ; compare with ","
00C85F  2  F0 38              BEQ   LAB_188B          ; go do move to next TAB mark
00C861  2               
00C861  2  C9 3B              CMP   #';'              ; compare with ";"
00C863  2  F0 66              BEQ   LAB_18BD          ; if ";" continue with PRINT processing
00C865  2               
00C865  2  20 DE CA           JSR   LAB_EVEX          ; evaluate expression
00C868  2  24 5F              BIT   Dtypef            ; test data type flag, $FF=string, $00=numeric
00C86A  2  30 E1              BMI   LAB_1829          ; branch if string
00C86C  2               
00C86C  2  20 9F DA           JSR   LAB_296E          ; convert FAC1 to string
00C86F  2  20 4F D1           JSR   LAB_20AE          ; print " terminated string to Sutill/Sutilh
00C872  2  A0 00              LDY   #$00              ; clear index
00C874  2               
00C874  2               ; don't check fit if terminal width byte is zero
00C874  2               
00C874  2  A5 0F              LDA   TWidth            ; get terminal width byte
00C876  2  F0 0A              BEQ   LAB_185E          ; skip check if zero
00C878  2               
00C878  2  38                 SEC                     ; set carry for subtract
00C879  2  E5 0E              SBC   TPos              ; subtract terminal position
00C87B  2  F1 AE              SBC   (des_pl),Y        ; subtract string length
00C87D  2  B0 03              BCS   LAB_185E          ; branch if less than terminal width
00C87F  2               
00C87F  2  20 90 C8           JSR   LAB_CRLF          ; else print CR/LF
00C882  2               LAB_185E
00C882  2  20 D4 C8           JSR   LAB_18C6          ; print string from Sutill/Sutilh
00C885  2  F0 C9              BEQ   LAB_182C          ; always go continue processing line
00C887  2               
00C887  2               ; CR/LF return to BASIC from BASIC input handler
00C887  2               
00C887  2               LAB_1866
00C887  2  A9 00              LDA   #$00              ; clear byte
00C889  2  9D 21 02           STA   Ibuffs,X          ; null terminate input
00C88C  2  A2 21              LDX   #<Ibuffs          ; set X to buffer start-1 low byte
00C88E  2  A0 02              LDY   #>Ibuffs          ; set Y to buffer start-1 high byte
00C890  2               
00C890  2               ; print CR/LF
00C890  2               
00C890  2               LAB_CRLF
00C890  2  A9 0D              LDA   #$0D              ; load [CR]
00C892  2  20 EB C8           JSR   LAB_PRNA          ; go print the character
00C895  2  A9 0A              LDA   #$0A              ; load [LF]
00C897  2  D0 52              BNE   LAB_PRNA          ; go print the character and return, branch always
00C899  2               
00C899  2               LAB_188B
00C899  2  A5 0E              LDA   TPos              ; get terminal position
00C89B  2  C5 10              CMP   Iclim             ; compare with input column limit
00C89D  2  90 05              BCC   LAB_1897          ; branch if less
00C89F  2               
00C89F  2  20 90 C8           JSR   LAB_CRLF          ; else print CR/LF (next line)
00C8A2  2  D0 27              BNE   LAB_18BD          ; continue with PRINT processing (branch always)
00C8A4  2               
00C8A4  2               LAB_1897
00C8A4  2  38                 SEC                     ; set carry for subtract
00C8A5  2               LAB_1898
00C8A5  2  E5 64              SBC   TabSiz            ; subtract TAB size
00C8A7  2  B0 FC              BCS   LAB_1898          ; loop if result was +ve
00C8A9  2               
00C8A9  2  49 FF              EOR   #$FF              ; complement it
00C8AB  2  69 01              ADC   #$01              ; +1 (twos complement)
00C8AD  2  D0 12              BNE   LAB_18B6          ; always print A spaces (result is never $00)
00C8AF  2               
00C8AF  2                                             ; do TAB/SPC
00C8AF  2               LAB_18A2
00C8AF  2  48                 PHA                     ; save token
00C8B0  2  20 9A D4           JSR   LAB_SGBY          ; scan and get byte parameter
00C8B3  2  C9 29              CMP   #$29              ; is next character )
00C8B5  2  D0 7B              BNE   LAB_1910          ; if not do syntax error then warm start
00C8B7  2               
00C8B7  2  68                 PLA                     ; get token back
00C8B8  2  C9 AD              CMP   #TK_TAB           ; was it TAB ?
00C8BA  2  D0 06              BNE   LAB_18B7          ; if not go do SPC
00C8BC  2               
00C8BC  2                                             ; calculate TAB offset
00C8BC  2  8A                 TXA                     ; copy integer value to A
00C8BD  2  E5 0E              SBC   TPos              ; subtract terminal position
00C8BF  2  90 0A              BCC   LAB_18BD          ; branch if result was < 0 (can't TAB backwards)
00C8C1  2               
00C8C1  2                                             ; print A spaces
00C8C1  2               LAB_18B6
00C8C1  2  AA                 TAX                     ; copy result to X
00C8C2  2               LAB_18B7
00C8C2  2  8A                 TXA                     ; set flags on size for SPC
00C8C3  2  F0 06              BEQ   LAB_18BD          ; branch if result was = $0, already here
00C8C5  2               
00C8C5  2                                             ; print X spaces
00C8C5  2               LAB_18BA
00C8C5  2  20 E6 C8           JSR   LAB_18E0          ; print " "
00C8C8  2  CA                 DEX                     ; decrement count
00C8C9  2  D0 FA              BNE   LAB_18BA          ; loop if not all done
00C8CB  2               
00C8CB  2                                             ; continue with PRINT processing
00C8CB  2               LAB_18BD
00C8CB  2  20 BC 00           JSR   LAB_IGBY          ; increment and scan memory
00C8CE  2  D0 85              BNE   LAB_1831          ; if more to print go do it
00C8D0  2               
00C8D0  2  60                 RTS
00C8D1  2               
00C8D1  2               ; print null terminated string from memory
00C8D1  2               
00C8D1  2               LAB_18C3
00C8D1  2  20 4F D1           JSR   LAB_20AE          ; print " terminated string to Sutill/Sutilh
00C8D4  2               
00C8D4  2               ; print string from Sutill/Sutilh
00C8D4  2               
00C8D4  2               LAB_18C6
00C8D4  2  20 4F D3           JSR   LAB_22B6          ; pop string off descriptor stack, or from top of string
00C8D7  2                                             ; space returns with A = length, X=$71=pointer low byte,
00C8D7  2                                             ; Y=$72=pointer high byte
00C8D7  2  A0 00              LDY   #$00              ; reset index
00C8D9  2  AA                 TAX                     ; copy length to X
00C8DA  2  F0 49              BEQ   LAB_188C          ; exit (RTS) if null string
00C8DC  2               
00C8DC  2               LAB_18CD
00C8DC  2               
00C8DC  2  B1 71              LDA   (ut1_pl),Y        ; get next byte
00C8DE  2  20 EB C8           JSR   LAB_PRNA          ; go print the character
00C8E1  2  C8                 INY                     ; increment index
00C8E2  2  CA                 DEX                     ; decrement count
00C8E3  2  D0 F7              BNE   LAB_18CD          ; loop if not done yet
00C8E5  2               
00C8E5  2  60                 RTS
00C8E6  2               
00C8E6  2                                             ; Print single format character
00C8E6  2               ; print " "
00C8E6  2               
00C8E6  2               LAB_18E0
00C8E6  2  A9 20              LDA   #$20              ; load " "
00C8E8  2  2C                 .byte $2C               ; change next line to BIT LAB_3FA9
00C8E9  2               
00C8E9  2               ; print "?" character
00C8E9  2               
00C8E9  2               LAB_18E3
00C8E9  2  A9 3F              LDA   #$3F              ; load "?" character
00C8EB  2               
00C8EB  2               ; print character in A
00C8EB  2               ; now includes the null handler
00C8EB  2               ; also includes infinite line length code
00C8EB  2               ; note! some routines expect this one to exit with Zb=0
00C8EB  2               
00C8EB  2               LAB_PRNA
00C8EB  2  C9 20              CMP   #' '              ; compare with " "
00C8ED  2  90 19              BCC   LAB_18F9          ; branch if less (non printing)
00C8EF  2               
00C8EF  2                                             ; else printable character
00C8EF  2  48                 PHA                     ; save the character
00C8F0  2               
00C8F0  2               ; don't check fit if terminal width byte is zero
00C8F0  2               
00C8F0  2  A5 0F              LDA   TWidth            ; get terminal width
00C8F2  2  D0 0A              BNE   LAB_18F0          ; branch if not zero (not infinite length)
00C8F4  2               
00C8F4  2               ; is "infinite line" so check TAB position
00C8F4  2               
00C8F4  2  A5 0E              LDA   TPos              ; get position
00C8F6  2  E5 64              SBC   TabSiz            ; subtract TAB size, carry set by CMP #$20 above
00C8F8  2  D0 0B              BNE   LAB_18F7          ; skip reset if different
00C8FA  2               
00C8FA  2  85 0E              STA   TPos              ; else reset position
00C8FC  2  F0 07              BEQ   LAB_18F7          ; go print character
00C8FE  2               
00C8FE  2               LAB_18F0
00C8FE  2  C5 0E              CMP   TPos              ; compare with terminal character position
00C900  2  D0 03              BNE   LAB_18F7          ; branch if not at end of line
00C902  2               
00C902  2  20 90 C8           JSR   LAB_CRLF          ; else print CR/LF
00C905  2               LAB_18F7
00C905  2  E6 0E              INC   TPos              ; increment terminal position
00C907  2  68                 PLA                     ; get character back
00C908  2               LAB_18F9
00C908  2  20 F9 E0           JSR   V_OUTP            ; output byte via output vector
00C90B  2  C9 0D              CMP   #$0D              ; compare with [CR]
00C90D  2  D0 14              BNE   LAB_188A          ; branch if not [CR]
00C90F  2               
00C90F  2                                             ; else print nullct nulls after the [CR]
00C90F  2  86 78              STX   TempB             ; save buffer index
00C911  2  A6 0D              LDX   Nullct            ; get null count
00C913  2  F0 0A              BEQ   LAB_1886          ; branch if no nulls
00C915  2               
00C915  2  A9 00              LDA   #$00              ; load [NULL]
00C917  2               LAB_1880
00C917  2  20 EB C8           JSR   LAB_PRNA          ; go print the character
00C91A  2  CA                 DEX                     ; decrement count
00C91B  2  D0 FA              BNE   LAB_1880          ; loop if not all done
00C91D  2               
00C91D  2  A9 0D              LDA   #$0D              ; restore the character (and set the flags)
00C91F  2               LAB_1886
00C91F  2  86 0E              STX   TPos              ; clear terminal position (X always = zero when we get here)
00C921  2  A6 78              LDX   TempB             ; restore buffer index
00C923  2               LAB_188A
00C923  2  29 FF              AND   #$FF              ; set the flags
00C925  2               LAB_188C
00C925  2  60                 RTS
00C926  2               
00C926  2               ; handle bad input data
00C926  2               
00C926  2               LAB_1904
00C926  2  A5 62              LDA   Imode             ; get input mode flag, $00=INPUT, $00=READ
00C928  2  10 0B              BPL   LAB_1913          ; branch if INPUT (go do redo)
00C92A  2               
00C92A  2  A5 8D              LDA   Dlinel            ; get current DATA line low byte
00C92C  2  A4 8E              LDY   Dlineh            ; get current DATA line high byte
00C92E  2  85 87              STA   Clinel            ; save current line low byte
00C930  2  84 88              STY   Clineh            ; save current line high byte
00C932  2               LAB_1910
00C932  2  4C FF CB           JMP   LAB_SNER          ; do syntax error then warm start
00C935  2               
00C935  2                                             ; mode was INPUT
00C935  2               LAB_1913
00C935  2  A9 36              LDA   #<LAB_REDO        ; point to redo message (low addr)
00C937  2  A0 E8              LDY   #>LAB_REDO        ; point to redo message (high addr)
00C939  2  20 D1 C8           JSR   LAB_18C3          ; print null terminated string from memory
00C93C  2  A5 8B              LDA   Cpntrl            ; get continue pointer low byte
00C93E  2  A4 8C              LDY   Cpntrh            ; get continue pointer high byte
00C940  2  85 C3              STA   Bpntrl            ; save BASIC execute pointer low byte
00C942  2  84 C4              STY   Bpntrh            ; save BASIC execute pointer high byte
00C944  2  60                 RTS
00C945  2               
00C945  2               ; perform INPUT
00C945  2               
00C945  2               LAB_INPUT
00C945  2  C9 22              CMP   #$22              ; compare next byte with open quote
00C947  2  D0 0B              BNE   LAB_1934          ; branch if no prompt string
00C949  2               
00C949  2  20 BB CB           JSR   LAB_1BC1          ; print "..." string
00C94C  2  A9 3B              LDA   #$3B              ; load A with ";"
00C94E  2  20 EE CB           JSR   LAB_SCCA          ; scan for CHR$(A), else do syntax error then warm start
00C951  2  20 D4 C8           JSR   LAB_18C6          ; print string from Sutill/Sutilh
00C954  2               
00C954  2                                             ; done with prompt, now get data
00C954  2               LAB_1934
00C954  2  20 75 D0           JSR   LAB_CKRN          ; check not Direct, back here if ok
00C957  2  20 40 C2           JSR   LAB_INLN          ; print "? " and get BASIC input
00C95A  2  A9 00              LDA   #$00              ; set mode = INPUT
00C95C  2  CD 21 02           CMP   Ibuffs            ; test first byte in buffer
00C95F  2  D0 09              BNE   LAB_1953          ; branch if not null input
00C961  2               
00C961  2               ; *** change p2: keep carry set to throw break message
00C961  2               ;      CLC                     ; was null input so clear carry to exit program
00C961  2  4C 25 C5           JMP   LAB_1647          ; go do BREAK exit
00C964  2               
00C964  2               ; perform READ
00C964  2               
00C964  2               LAB_READ
00C964  2  A6 8F              LDX   Dptrl             ; get DATA pointer low byte
00C966  2  A4 90              LDY   Dptrh             ; get DATA pointer high byte
00C968  2  A9 80              LDA   #$80              ; set mode = READ
00C96A  2               
00C96A  2               LAB_1953
00C96A  2  85 62              STA   Imode             ; set input mode flag, $00=INPUT, $80=READ
00C96C  2  86 91              STX   Rdptrl            ; save READ pointer low byte
00C96E  2  84 92              STY   Rdptrh            ; save READ pointer high byte
00C970  2               
00C970  2                                             ; READ or INPUT next variable from list
00C970  2               LAB_195B
00C970  2  20 B5 CD           JSR   LAB_GVAR          ; get (var) address
00C973  2  85 97              STA   Lvarpl            ; save address low byte
00C975  2  84 98              STY   Lvarph            ; save address high byte
00C977  2  A5 C3              LDA   Bpntrl            ; get BASIC execute pointer low byte
00C979  2  A4 C4              LDY   Bpntrh            ; get BASIC execute pointer high byte
00C97B  2  85 11              STA   Itempl            ; save as temporary integer low byte
00C97D  2  84 12              STY   Itemph            ; save as temporary integer high byte
00C97F  2  A6 91              LDX   Rdptrl            ; get READ pointer low byte
00C981  2  A4 92              LDY   Rdptrh            ; get READ pointer high byte
00C983  2  86 C3              STX   Bpntrl            ; set BASIC execute pointer low byte
00C985  2  84 C4              STY   Bpntrh            ; set BASIC execute pointer high byte
00C987  2  20 C2 00           JSR   LAB_GBYT          ; scan memory
00C98A  2  D0 11              BNE   LAB_1988          ; branch if not null
00C98C  2               
00C98C  2                                             ; pointer was to null entry
00C98C  2  24 62              BIT   Imode             ; test input mode flag, $00=INPUT, $80=READ
00C98E  2  30 65              BMI   LAB_19DD          ; branch if READ
00C990  2               
00C990  2                                             ; mode was INPUT
00C990  2  20 E9 C8           JSR   LAB_18E3          ; print "?" character (double ? for extended input)
00C993  2  20 40 C2           JSR   LAB_INLN          ; print "? " and get BASIC input
00C996  2  86 C3              STX   Bpntrl            ; set BASIC execute pointer low byte
00C998  2  84 C4              STY   Bpntrh            ; set BASIC execute pointer high byte
00C99A  2               LAB_1985
00C99A  2  20 C2 00           JSR   LAB_GBYT          ; scan memory
00C99D  2               LAB_1988
00C99D  2  24 5F              BIT   Dtypef            ; test data type flag, $FF=string, $00=numeric
00C99F  2  10 24              BPL   LAB_19B0          ; branch if numeric
00C9A1  2               
00C9A1  2                                             ; else get string
00C9A1  2  85 5B              STA   Srchc             ; save search character
00C9A3  2  C9 22              CMP   #$22              ; was it " ?
00C9A5  2  F0 07              BEQ   LAB_1999          ; branch if so
00C9A7  2               
00C9A7  2  A9 3A              LDA   #':'              ; else search character is ":"
00C9A9  2  85 5B              STA   Srchc             ; set new search character
00C9AB  2  A9 2C              LDA   #','              ; other search character is ","
00C9AD  2  18                 CLC                     ; clear carry for add
00C9AE  2               LAB_1999
00C9AE  2  85 5C              STA   Asrch             ; set second search character
00C9B0  2  A5 C3              LDA   Bpntrl            ; get BASIC execute pointer low byte
00C9B2  2  A4 C4              LDY   Bpntrh            ; get BASIC execute pointer high byte
00C9B4  2               
00C9B4  2  69 00              ADC   #$00              ; c is =1 if we came via the BEQ LAB_1999, else =0
00C9B6  2  90 01              BCC   LAB_19A4          ; branch if no execute pointer low byte rollover
00C9B8  2               
00C9B8  2  C8                 INY                     ; else increment high byte
00C9B9  2               LAB_19A4
00C9B9  2  20 55 D1           JSR   LAB_20B4          ; print Srchc or Asrch terminated string to Sutill/Sutilh
00C9BC  2  20 D9 D4           JSR   LAB_23F3          ; restore BASIC execute pointer from temp (Btmpl/Btmph)
00C9BF  2  20 CE C7           JSR   LAB_17D5          ; go do string LET
00C9C2  2  4C CB C9           JMP   LAB_19B6          ; go check string terminator
00C9C5  2               
00C9C5  2                                             ; get numeric INPUT
00C9C5  2               LAB_19B0
00C9C5  2  20 B0 D9           JSR   LAB_2887          ; get FAC1 from string
00C9C8  2  20 AD D8           JSR   LAB_PFAC          ; pack FAC1 into (Lvarpl)
00C9CB  2               LAB_19B6
00C9CB  2  20 C2 00           JSR   LAB_GBYT          ; scan memory
00C9CE  2  F0 0A              BEQ   LAB_19C5          ; branch if null (last entry)
00C9D0  2               
00C9D0  2  C9 2C              CMP   #','              ; else compare with ","
00C9D2  2  F0 03              BEQ   LAB_19C2          ; branch if ","
00C9D4  2               
00C9D4  2  4C 26 C9           JMP   LAB_1904          ; else go handle bad input data
00C9D7  2               
00C9D7  2                                             ; got good input data
00C9D7  2               LAB_19C2
00C9D7  2  20 BC 00           JSR   LAB_IGBY          ; increment and scan memory
00C9DA  2               LAB_19C5
00C9DA  2  A5 C3              LDA   Bpntrl            ; get BASIC execute pointer low byte (temp READ/INPUT ptr)
00C9DC  2  A4 C4              LDY   Bpntrh            ; get BASIC execute pointer high byte (temp READ/INPUT ptr)
00C9DE  2  85 91              STA   Rdptrl            ; save for now
00C9E0  2  84 92              STY   Rdptrh            ; save for now
00C9E2  2  A5 11              LDA   Itempl            ; get temporary integer low byte (temp BASIC execute ptr)
00C9E4  2  A4 12              LDY   Itemph            ; get temporary integer high byte (temp BASIC execute ptr)
00C9E6  2  85 C3              STA   Bpntrl            ; set BASIC execute pointer low byte
00C9E8  2  84 C4              STY   Bpntrh            ; set BASIC execute pointer high byte
00C9EA  2  20 C2 00           JSR   LAB_GBYT          ; scan memory
00C9ED  2  F0 2C              BEQ   LAB_1A03          ; if null go do extra ignored message
00C9EF  2               
00C9EF  2  20 FB CB           JSR   LAB_1C01          ; else scan for "," , else do syntax error then warm start
00C9F2  2  4C 70 C9           JMP   LAB_195B          ; go INPUT next variable from list
00C9F5  2               
00C9F5  2                                             ; find next DATA statement or do "Out of DATA" error
00C9F5  2               LAB_19DD
00C9F5  2  20 98 C6           JSR   LAB_SNBS          ; scan for next BASIC statement ([:] or [EOL])
00C9F8  2  C8                 INY                     ; increment index
00C9F9  2  AA                 TAX                     ; copy character ([:] or [EOL])
00C9FA  2  D0 12              BNE   LAB_19F6          ; branch if [:]
00C9FC  2               
00C9FC  2  A2 06              LDX   #$06              ; set for "Out of DATA" error
00C9FE  2  C8                 INY                     ; increment index, now points to next line pointer high byte
00C9FF  2  B1 C3              LDA   (Bpntrl),Y        ; get next line pointer high byte
00CA01  2  F0 73              BEQ   LAB_1A54          ; branch if end (eventually does error X)
00CA03  2               
00CA03  2  C8                 INY                     ; increment index
00CA04  2  B1 C3              LDA   (Bpntrl),Y        ; get next line # low byte
00CA06  2  85 8D              STA   Dlinel            ; save current DATA line low byte
00CA08  2  C8                 INY                     ; increment index
00CA09  2  B1 C3              LDA   (Bpntrl),Y        ; get next line # high byte
00CA0B  2  C8                 INY                     ; increment index
00CA0C  2  85 8E              STA   Dlineh            ; save current DATA line high byte
00CA0E  2               LAB_19F6
00CA0E  2  B1 C3              LDA   (Bpntrl),Y        ; get byte
00CA10  2  C8                 INY                     ; increment index
00CA11  2  AA                 TAX                     ; copy to X
00CA12  2  20 8A C6           JSR   LAB_170F          ; set BASIC execute pointer
00CA15  2  E0 83              CPX   #TK_DATA          ; compare with "DATA" token
00CA17  2  F0 81              BEQ   LAB_1985          ; was "DATA" so go do next READ
00CA19  2               
00CA19  2  D0 DA              BNE   LAB_19DD          ; go find next statement if not "DATA"
00CA1B  2               
00CA1B  2               ; end of INPUT/READ routine
00CA1B  2               
00CA1B  2               LAB_1A03
00CA1B  2  A5 91              LDA   Rdptrl            ; get temp READ pointer low byte
00CA1D  2  A4 92              LDY   Rdptrh            ; get temp READ pointer high byte
00CA1F  2  A6 62              LDX   Imode             ; get input mode flag, $00=INPUT, $80=READ
00CA21  2  10 03              BPL   LAB_1A0E          ; branch if INPUT
00CA23  2               
00CA23  2  4C 47 C5           JMP   LAB_1624          ; save AY as DATA pointer and return
00CA26  2               
00CA26  2                                             ; we were getting INPUT
00CA26  2               LAB_1A0E
00CA26  2  A0 00              LDY   #$00              ; clear index
00CA28  2  B1 91              LDA   (Rdptrl),Y        ; get next byte
00CA2A  2  D0 01              BNE   LAB_1A1B          ; error if not end of INPUT
00CA2C  2               
00CA2C  2  60                 RTS
00CA2D  2               
00CA2D  2                                             ; user typed too much
00CA2D  2               LAB_1A1B
00CA2D  2  A9 25              LDA   #<LAB_IMSG        ; point to extra ignored message (low addr)
00CA2F  2  A0 E8              LDY   #>LAB_IMSG        ; point to extra ignored message (high addr)
00CA31  2  4C D1 C8           JMP   LAB_18C3          ; print null terminated string from memory and return
00CA34  2               
00CA34  2               ; search the stack for FOR activity
00CA34  2               ; exit with z=1 if FOR else exit with z=0
00CA34  2               
00CA34  2               LAB_11A1
00CA34  2  BA                 TSX                     ; copy stack pointer
00CA35  2  E8                 INX                     ; +1 pass return address
00CA36  2  E8                 INX                     ; +2 pass return address
00CA37  2  E8                 INX                     ; +3 pass calling routine return address
00CA38  2  E8                 INX                     ; +4 pass calling routine return address
00CA39  2               LAB_11A6
00CA39  2  BD 01 01           LDA   LAB_STAK+1,X      ; get token byte from stack
00CA3C  2  C9 81              CMP   #TK_FOR           ; is it FOR token
00CA3E  2  D0 21              BNE   LAB_11CE          ; exit if not FOR token
00CA40  2               
00CA40  2                                             ; was FOR token
00CA40  2  A5 98              LDA   Frnxth            ; get var pointer for FOR/NEXT high byte
00CA42  2  D0 0A              BNE   LAB_11BB          ; branch if not null
00CA44  2               
00CA44  2  BD 02 01           LDA   LAB_STAK+2,X      ; get FOR variable pointer low byte
00CA47  2  85 97              STA   Frnxtl            ; save var pointer for FOR/NEXT low byte
00CA49  2  BD 03 01           LDA   LAB_STAK+3,X      ; get FOR variable pointer high byte
00CA4C  2  85 98              STA   Frnxth            ; save var pointer for FOR/NEXT high byte
00CA4E  2               LAB_11BB
00CA4E  2  DD 03 01           CMP   LAB_STAK+3,X      ; compare var pointer with stacked var pointer (high byte)
00CA51  2  D0 07              BNE   LAB_11C7          ; branch if no match
00CA53  2               
00CA53  2  A5 97              LDA   Frnxtl            ; get var pointer for FOR/NEXT low byte
00CA55  2  DD 02 01           CMP   LAB_STAK+2,X      ; compare var pointer with stacked var pointer (low byte)
00CA58  2  F0 07              BEQ   LAB_11CE          ; exit if match found
00CA5A  2               
00CA5A  2               LAB_11C7
00CA5A  2  8A                 TXA                     ; copy index
00CA5B  2  18                 CLC                     ; clear carry for add
00CA5C  2  69 10              ADC   #$10              ; add FOR stack use size
00CA5E  2  AA                 TAX                     ; copy back to index
00CA5F  2  D0 D8              BNE   LAB_11A6          ; loop if not at start of stack
00CA61  2               
00CA61  2               LAB_11CE
00CA61  2  60                 RTS
00CA62  2               
00CA62  2               ; perform NEXT
00CA62  2               
00CA62  2               LAB_NEXT
00CA62  2  D0 04              BNE   LAB_1A46          ; branch if NEXT var
00CA64  2               
00CA64  2  A0 00              LDY   #$00              ; else clear Y
00CA66  2  F0 03              BEQ   LAB_1A49          ; branch always (no variable to search for)
00CA68  2               
00CA68  2               ; NEXT var
00CA68  2               
00CA68  2               LAB_1A46
00CA68  2  20 B5 CD           JSR   LAB_GVAR          ; get variable address
00CA6B  2               LAB_1A49
00CA6B  2  85 97              STA   Frnxtl            ; store variable pointer low byte
00CA6D  2  84 98              STY   Frnxth            ; store variable pointer high byte
00CA6F  2                                             ; (both cleared if no variable defined)
00CA6F  2  20 34 CA           JSR   LAB_11A1          ; search the stack for FOR activity
00CA72  2  F0 04              BEQ   LAB_1A56          ; branch if found
00CA74  2               
00CA74  2  A2 00              LDX   #$00              ; else set error $00 ("NEXT without FOR" error)
00CA76  2               LAB_1A54
00CA76  2  F0 63              BEQ   LAB_1ABE          ; do error #X, then warm start
00CA78  2               
00CA78  2               LAB_1A56
00CA78  2  9A                 TXS                     ; set stack pointer, X set by search, dumps return addresses
00CA79  2               
00CA79  2  8A                 TXA                     ; copy stack pointer
00CA7A  2  38                 SEC                     ; set carry for subtract
00CA7B  2  E9 F7              SBC   #$F7              ; point to TO var
00CA7D  2  85 73              STA   ut2_pl            ; save pointer to TO var for compare
00CA7F  2  69 FB              ADC   #$FB              ; point to STEP var
00CA81  2               
00CA81  2  A0 01              LDY   #>LAB_STAK        ; point to stack page high byte
00CA83  2  20 87 D8           JSR   LAB_UFAC          ; unpack memory (STEP value) into FAC1
00CA86  2  BA                 TSX                     ; get stack pointer back
00CA87  2  BD 08 01           LDA   LAB_STAK+8,X      ; get step sign
00CA8A  2  85 B0              STA   FAC1_s            ; save FAC1 sign (b7)
00CA8C  2  A5 97              LDA   Frnxtl            ; get FOR variable pointer low byte
00CA8E  2  A4 98              LDY   Frnxth            ; get FOR variable pointer high byte
00CA90  2  20 C8 D5           JSR   LAB_246C          ; add (FOR variable) to FAC1
00CA93  2  20 AD D8           JSR   LAB_PFAC          ; pack FAC1 into (FOR variable)
00CA96  2  A0 01              LDY   #>LAB_STAK        ; point to stack page high byte
00CA98  2  20 23 D9           JSR   LAB_27FA          ; compare FAC1 with (Y,ut2_pl) (TO value)
00CA9B  2  BA                 TSX                     ; get stack pointer back
00CA9C  2  DD 08 01           CMP   LAB_STAK+8,X      ; compare step sign
00CA9F  2  F0 17              BEQ   LAB_1A9B          ; branch if = (loop complete)
00CAA1  2               
00CAA1  2                                             ; loop back and do it all again
00CAA1  2  BD 0D 01           LDA   LAB_STAK+$0D,X    ; get FOR line low byte
00CAA4  2  85 87              STA   Clinel            ; save current line low byte
00CAA6  2  BD 0E 01           LDA   LAB_STAK+$0E,X    ; get FOR line high byte
00CAA9  2  85 88              STA   Clineh            ; save current line high byte
00CAAB  2  BD 10 01           LDA   LAB_STAK+$10,X    ; get BASIC execute pointer low byte
00CAAE  2  85 C3              STA   Bpntrl            ; save BASIC execute pointer low byte
00CAB0  2  BD 0F 01           LDA   LAB_STAK+$0F,X    ; get BASIC execute pointer high byte
00CAB3  2  85 C4              STA   Bpntrh            ; save BASIC execute pointer high byte
00CAB5  2               LAB_1A98
00CAB5  2  4C BD C4           JMP   LAB_15C2          ; go do interpreter inner loop
00CAB8  2               
00CAB8  2                                             ; loop complete so carry on
00CAB8  2               LAB_1A9B
00CAB8  2  8A                 TXA                     ; stack copy to A
00CAB9  2  69 0F              ADC   #$0F              ; add $10 ($0F+carry) to dump FOR structure
00CABB  2  AA                 TAX                     ; copy back to index
00CABC  2  9A                 TXS                     ; copy to stack pointer
00CABD  2  20 C2 00           JSR   LAB_GBYT          ; scan memory
00CAC0  2  C9 2C              CMP   #','              ; compare with ","
00CAC2  2  D0 F1              BNE   LAB_1A98          ; branch if not "," (go do interpreter inner loop)
00CAC4  2               
00CAC4  2                                             ; was "," so another NEXT variable to do
00CAC4  2  20 BC 00           JSR   LAB_IGBY          ; else increment and scan memory
00CAC7  2  20 68 CA           JSR   LAB_1A46          ; do NEXT (var)
00CACA  2               
00CACA  2               ; evaluate expression and check is numeric, else do type mismatch
00CACA  2               
00CACA  2               LAB_EVNM
00CACA  2  20 DE CA           JSR   LAB_EVEX          ; evaluate expression
00CACD  2               
00CACD  2               ; check if source is numeric, else do type mismatch
00CACD  2               
00CACD  2               LAB_CTNM
00CACD  2  18                 CLC                     ; destination is numeric
00CACE  2  24                 .byte $24               ; makes next line BIT $38
00CACF  2               
00CACF  2               ; check if source is string, else do type mismatch
00CACF  2               
00CACF  2               LAB_CTST
00CACF  2  38                 SEC                     ; required type is string
00CAD0  2               
00CAD0  2               ; type match check, set C for string, clear C for numeric
00CAD0  2               
00CAD0  2               LAB_CKTM
00CAD0  2  24 5F              BIT   Dtypef            ; test data type flag, $FF=string, $00=numeric
00CAD2  2  30 03              BMI   LAB_1ABA          ; branch if data type is string
00CAD4  2               
00CAD4  2                                             ; else data type was numeric
00CAD4  2  B0 03              BCS   LAB_1ABC          ; if required type is string do type mismatch error
00CAD6  2               LAB_1AB9
00CAD6  2  60                 RTS
00CAD7  2               
00CAD7  2                                             ; data type was string, now check required type
00CAD7  2               LAB_1ABA
00CAD7  2  B0 FD              BCS   LAB_1AB9          ; exit if required type is string
00CAD9  2               
00CAD9  2                                             ; else do type mismatch error
00CAD9  2               LAB_1ABC
00CAD9  2  A2 18              LDX   #$18              ; error code $18 ("Type mismatch" error)
00CADB  2               LAB_1ABE
00CADB  2  4C 3C C1           JMP   LAB_XERR          ; do error #X, then warm start
00CADE  2               
00CADE  2               ; evaluate expression
00CADE  2               
00CADE  2               LAB_EVEX
00CADE  2  A6 C3              LDX   Bpntrl            ; get BASIC execute pointer low byte
00CAE0  2  D0 02              BNE   LAB_1AC7          ; skip next if not zero
00CAE2  2               
00CAE2  2  C6 C4              DEC   Bpntrh            ; else decrement BASIC execute pointer high byte
00CAE4  2               LAB_1AC7
00CAE4  2  C6 C3              DEC   Bpntrl            ; decrement BASIC execute pointer low byte
00CAE6  2               
00CAE6  2               LAB_EVEZ
00CAE6  2  A9 00              LDA   #$00              ; set null precedence (flag done)
00CAE8  2               LAB_1ACC
00CAE8  2  48                 PHA                     ; push precedence byte
00CAE9  2  A9 02              LDA   #$02              ; 2 bytes
00CAEB  2  20 00 C1           JSR   LAB_1212          ; check room on stack for A bytes
00CAEE  2  20 CA CB           JSR   LAB_GVAL          ; get value from line
00CAF1  2  A9 00              LDA   #$00              ; clear A
00CAF3  2  85 9B              STA   comp_f            ; clear compare function flag
00CAF5  2               LAB_1ADB
00CAF5  2  20 C2 00           JSR   LAB_GBYT          ; scan memory
00CAF8  2               LAB_1ADE
00CAF8  2  38                 SEC                     ; set carry for subtract
00CAF9  2  E9 C2              SBC   #TK_GT            ; subtract token for > (lowest comparison function)
00CAFB  2  90 17              BCC   LAB_1AFA          ; branch if < TK_GT
00CAFD  2               
00CAFD  2  C9 03              CMP   #$03              ; compare with ">" to "<" tokens
00CAFF  2  B0 13              BCS   LAB_1AFA          ; branch if >= TK_SGN (highest evaluation function +1)
00CB01  2               
00CB01  2                                             ; was token for > = or < (A = 0, 1 or 2)
00CB01  2  C9 01              CMP   #$01              ; compare with token for =
00CB03  2  2A                 ROL                     ; *2, b0 = carry (=1 if token was = or <)
00CB04  2                                             ; (A = 0, 3 or 5)
00CB04  2  49 01              EOR   #$01              ; toggle b0
00CB06  2                                             ; (A = 1, 2 or 4. 1 if >, 2 if =, 4 if <)
00CB06  2  45 9B              EOR   comp_f            ; EOR with compare function flag bits
00CB08  2  C5 9B              CMP   comp_f            ; compare with compare function flag
00CB0A  2  90 67              BCC   LAB_1B53          ; if <(comp_f) do syntax error then warm start
00CB0C  2                                             ; was more than one <, = or >)
00CB0C  2               
00CB0C  2  85 9B              STA   comp_f            ; save new compare function flag
00CB0E  2  20 BC 00           JSR   LAB_IGBY          ; increment and scan memory
00CB11  2  4C F8 CA           JMP   LAB_1ADE          ; go do next character
00CB14  2               
00CB14  2                                             ; token is < ">" or > "<" tokens
00CB14  2               LAB_1AFA
00CB14  2  A6 9B              LDX   comp_f            ; get compare function flag
00CB16  2  D0 2C              BNE   LAB_1B2A          ; branch if compare function
00CB18  2               
00CB18  2  B0 79              BCS   LAB_1B78          ; go do functions
00CB1A  2               
00CB1A  2                                             ; else was <  TK_GT so is operator or lower
00CB1A  2  69 0A              ADC   #TK_GT-TK_PLUS    ; add # of operators (+, -, *, /, ^, AND, OR or EOR)
00CB1C  2  90 75              BCC   LAB_1B78          ; branch if < + operator
00CB1E  2               
00CB1E  2                                             ; carry was set so token was +, -, *, /, ^, AND, OR or EOR
00CB1E  2  D0 07              BNE   LAB_1B0B          ; branch if not + token
00CB20  2               
00CB20  2  24 5F              BIT   Dtypef            ; test data type flag, $FF=string, $00=numeric
00CB22  2  10 03              BPL   LAB_1B0B          ; branch if not string
00CB24  2               
00CB24  2                                             ; will only be $00 if type is string and token was +
00CB24  2  4C E5 D2           JMP   LAB_224D          ; add strings, string 1 is in descriptor des_pl, string 2
00CB27  2                                             ; is in line, and return
00CB27  2               
00CB27  2               LAB_1B0B
00CB27  2  85 71              STA   ut1_pl            ; save it
00CB29  2  0A                 ASL                     ; *2
00CB2A  2  65 71              ADC   ut1_pl            ; *3
00CB2C  2  A8                 TAY                     ; copy to index
00CB2D  2               LAB_1B13
00CB2D  2  68                 PLA                     ; pull previous precedence
00CB2E  2  D9 FF E2           CMP   LAB_OPPT,Y        ; compare with precedence byte
00CB31  2  B0 65              BCS   LAB_1B7D          ; branch if A >=
00CB33  2               
00CB33  2  20 CD CA           JSR   LAB_CTNM          ; check if source is numeric, else do type mismatch
00CB36  2               LAB_1B1C
00CB36  2  48                 PHA                     ; save precedence
00CB37  2               LAB_1B1D
00CB37  2  20 5F CB           JSR   LAB_1B43          ; get vector, execute function then continue evaluation
00CB3A  2  68                 PLA                     ; restore precedence
00CB3B  2  A4 99              LDY   prstk             ; get precedence stacked flag
00CB3D  2  10 19              BPL   LAB_1B3C          ; branch if stacked values
00CB3F  2               
00CB3F  2  AA                 TAX                     ; copy precedence (set flags)
00CB40  2  F0 76              BEQ   LAB_1B9D          ; exit if done
00CB42  2               
00CB42  2  D0 5D              BNE   LAB_1B86          ; else pop FAC2 and return, branch always
00CB44  2               
00CB44  2               LAB_1B2A
00CB44  2  26 5F              ROL   Dtypef            ; shift data type flag into Cb
00CB46  2  8A                 TXA                     ; copy compare function flag
00CB47  2  85 5F              STA   Dtypef            ; clear data type flag, X is 0xxx xxxx
00CB49  2  2A                 ROL                     ; shift data type into compare function byte b0
00CB4A  2  A6 C3              LDX   Bpntrl            ; get BASIC execute pointer low byte
00CB4C  2  D0 02              BNE   LAB_1B34          ; branch if no underflow
00CB4E  2               
00CB4E  2  C6 C4              DEC   Bpntrh            ; else decrement BASIC execute pointer high byte
00CB50  2               LAB_1B34
00CB50  2  C6 C3              DEC   Bpntrl            ; decrement BASIC execute pointer low byte
00CB52  2               TK_LT_PLUS  = TK_LT-TK_PLUS
00CB52  2  A0 24              LDY   #TK_LT_PLUS*3     ; set offset to last operator entry
00CB54  2  85 9B              STA   comp_f            ; save new compare function flag
00CB56  2  D0 D5              BNE   LAB_1B13          ; branch always
00CB58  2               
00CB58  2               LAB_1B3C
00CB58  2  D9 FF E2           CMP   LAB_OPPT,Y        ;.compare with stacked function precedence
00CB5B  2  B0 44              BCS   LAB_1B86          ; branch if A >=, pop FAC2 and return
00CB5D  2               
00CB5D  2  90 D7              BCC   LAB_1B1C          ; branch always
00CB5F  2               
00CB5F  2               ;.get vector, execute function then continue evaluation
00CB5F  2               
00CB5F  2               LAB_1B43
00CB5F  2  B9 01 E3           LDA   LAB_OPPT+2,Y      ; get function vector high byte
00CB62  2  48                 PHA                     ; onto stack
00CB63  2  B9 00 E3           LDA   LAB_OPPT+1,Y      ; get function vector low byte
00CB66  2  48                 PHA                     ; onto stack
00CB67  2                                             ; now push sign, round FAC1 and put on stack
00CB67  2               ; *** begin patch  2.22p5.3   potential return address -$100 (page not incremented) ***
00CB67  2               ; *** add
00CB67  2                  .IF (* & $FF) = $FD
00CB67  2                     NOP                     ; return address of JSR +1 (on  next page)
00CB67  2                  .ENDIF
00CB67  2               ; *** end   patch  2.22p5.3   potential return address -$100 (page not incremented) ***
00CB67  2  20 76 CB           JSR   LAB_1B5B          ; function will return here, then the next RTS will call
00CB6A  2                                             ; the function
00CB6A  2  A5 9B              LDA   comp_f            ; get compare function flag
00CB6C  2  48                 PHA                     ; push compare evaluation byte
00CB6D  2  B9 FF E2           LDA   LAB_OPPT,Y        ; get precedence byte
00CB70  2  4C E8 CA           JMP   LAB_1ACC          ; continue evaluating expression
00CB73  2               
00CB73  2               LAB_1B53
00CB73  2  4C FF CB           JMP   LAB_SNER          ; do syntax error then warm start
00CB76  2               
00CB76  2               ; push sign, round FAC1 and put on stack
00CB76  2               
00CB76  2               LAB_1B5B
00CB76  2  68                 PLA                     ; get return addr low byte
00CB77  2  85 71              STA   ut1_pl            ; save it
00CB79  2  E6 71              INC   ut1_pl            ; increment it (was ret-1 pushed? yes!)
00CB7B  2                                             ; note! no check is made on the high byte! if the calling
00CB7B  2                                             ; routine assembles to a page edge then this all goes
00CB7B  2                                             ; horribly wrong !!!
00CB7B  2  68                 PLA                     ; get return addr high byte
00CB7C  2  85 72              STA   ut1_ph            ; save it
00CB7E  2  A5 B0              LDA   FAC1_s            ; get FAC1 sign (b7)
00CB80  2  48                 PHA                     ; push sign
00CB81  2               
00CB81  2               ; round FAC1 and put on stack
00CB81  2               
00CB81  2               ; *** begin patch  2.22p5.1   TO expression may get sign bit flipped
00CB81  2               ; *** replace
00CB81  2               ;LAB_1B66
00CB81  2               ;      JSR   LAB_27BA          ; round FAC1
00CB81  2               ; *** with
00CB81  2  20 E3 D8           JSR   LAB_27BA          ; round FAC1
00CB84  2               LAB_1B66
00CB84  2               ; *** end   patch  2.22p5.1   TO expression may get sign bit flipped
00CB84  2  A5 AF              LDA   FAC1_3            ; get FAC1 mantissa3
00CB86  2  48                 PHA                     ; push on stack
00CB87  2  A5 AE              LDA   FAC1_2            ; get FAC1 mantissa2
00CB89  2  48                 PHA                     ; push on stack
00CB8A  2  A5 AD              LDA   FAC1_1            ; get FAC1 mantissa1
00CB8C  2  48                 PHA                     ; push on stack
00CB8D  2  A5 AC              LDA   FAC1_e            ; get FAC1 exponent
00CB8F  2  48                 PHA                     ; push on stack
00CB90  2  6C 71 00           JMP   (ut1_pl)          ; return, sort of
00CB93  2               
00CB93  2               ; do functions
00CB93  2               
00CB93  2               LAB_1B78
00CB93  2  A0 FF              LDY   #$FF              ; flag function
00CB95  2  68                 PLA                     ; pull precedence byte
00CB96  2               LAB_1B7B
00CB96  2  F0 20              BEQ   LAB_1B9D          ; exit if done
00CB98  2               
00CB98  2               LAB_1B7D
00CB98  2  C9 64              CMP   #$64              ; compare previous precedence with $64
00CB9A  2  F0 03              BEQ   LAB_1B84          ; branch if was $64 (< function)
00CB9C  2               
00CB9C  2  20 CD CA           JSR   LAB_CTNM          ; check if source is numeric, else do type mismatch
00CB9F  2               LAB_1B84
00CB9F  2  84 99              STY   prstk             ; save precedence stacked flag
00CBA1  2               
00CBA1  2                                             ; pop FAC2 and return
00CBA1  2               LAB_1B86
00CBA1  2  68                 PLA                     ; pop byte
00CBA2  2  4A                 LSR                     ; shift out comparison evaluation lowest bit
00CBA3  2  85 63              STA   Cflag             ; save comparison evaluation flag
00CBA5  2  68                 PLA                     ; pop exponent
00CBA6  2  85 B3              STA   FAC2_e            ; save FAC2 exponent
00CBA8  2  68                 PLA                     ; pop mantissa1
00CBA9  2  85 B4              STA   FAC2_1            ; save FAC2 mantissa1
00CBAB  2  68                 PLA                     ; pop mantissa2
00CBAC  2  85 B5              STA   FAC2_2            ; save FAC2 mantissa2
00CBAE  2  68                 PLA                     ; pop mantissa3
00CBAF  2  85 B6              STA   FAC2_3            ; save FAC2 mantissa3
00CBB1  2  68                 PLA                     ; pop sign
00CBB2  2  85 B7              STA   FAC2_s            ; save FAC2 sign (b7)
00CBB4  2  45 B0              EOR   FAC1_s            ; EOR FAC1 sign (b7)
00CBB6  2  85 B8              STA   FAC_sc            ; save sign compare (FAC1 EOR FAC2)
00CBB8  2               LAB_1B9D
00CBB8  2  A5 AC              LDA   FAC1_e            ; get FAC1 exponent
00CBBA  2  60                 RTS
00CBBB  2               
00CBBB  2               ; print "..." string to string util area
00CBBB  2               
00CBBB  2               LAB_1BC1
00CBBB  2  A5 C3              LDA   Bpntrl            ; get BASIC execute pointer low byte
00CBBD  2  A4 C4              LDY   Bpntrh            ; get BASIC execute pointer high byte
00CBBF  2  69 00              ADC   #$00              ; add carry to low byte
00CBC1  2  90 01              BCC   LAB_1BCA          ; branch if no overflow
00CBC3  2               
00CBC3  2  C8                 INY                     ; increment high byte
00CBC4  2               LAB_1BCA
00CBC4  2  20 4F D1           JSR   LAB_20AE          ; print " terminated string to Sutill/Sutilh
00CBC7  2  4C D9 D4           JMP   LAB_23F3          ; restore BASIC execute pointer from temp and return
00CBCA  2               
00CBCA  2               ; get value from line
00CBCA  2               
00CBCA  2               LAB_GVAL
00CBCA  2  20 BC 00           JSR   LAB_IGBY          ; increment and scan memory
00CBCD  2  B0 03              BCS   LAB_1BAC          ; branch if not numeric character
00CBCF  2               
00CBCF  2                                             ; else numeric string found (e.g. 123)
00CBCF  2               LAB_1BA9
00CBCF  2  4C B0 D9           JMP   LAB_2887          ; get FAC1 from string and return
00CBD2  2               
00CBD2  2               ; get value from line .. continued
00CBD2  2               
00CBD2  2                                             ; wasn't a number so ..
00CBD2  2               LAB_1BAC
00CBD2  2  AA                 TAX                     ; set the flags
00CBD3  2  30 2F              BMI   LAB_1BD0          ; if -ve go test token values
00CBD5  2               
00CBD5  2                                             ; else it is either a string, number, variable or (<expr>)
00CBD5  2  C9 24              CMP   #'$'              ; compare with "$"
00CBD7  2  F0 F6              BEQ   LAB_1BA9          ; branch if "$", hex number
00CBD9  2               
00CBD9  2  C9 25              CMP   #'%'              ; else compare with "%"
00CBDB  2  F0 F2              BEQ   LAB_1BA9          ; branch if "%", binary number
00CBDD  2               
00CBDD  2  C9 2E              CMP   #'.'              ; compare with "."
00CBDF  2  F0 EE              BEQ   LAB_1BA9          ; if so get FAC1 from string and return (e.g. was .123)
00CBE1  2               
00CBE1  2                                             ; it wasn't any sort of number so ..
00CBE1  2  C9 22              CMP   #$22              ; compare with "
00CBE3  2  F0 D6              BEQ   LAB_1BC1          ; branch if open quote
00CBE5  2               
00CBE5  2                                             ; wasn't any sort of number so ..
00CBE5  2               
00CBE5  2               ; evaluate expression within parentheses
00CBE5  2               
00CBE5  2  C9 28              CMP   #'('              ; compare with "("
00CBE7  2  D0 5B              BNE   LAB_1C18          ; if not "(" get (var), return value in FAC1 and $ flag
00CBE9  2               
00CBE9  2               LAB_1BF7
00CBE9  2  20 E6 CA           JSR   LAB_EVEZ          ; evaluate expression, no decrement
00CBEC  2               
00CBEC  2               ; all the 'scan for' routines return the character after the sought character
00CBEC  2               
00CBEC  2               ; scan for ")" , else do syntax error then warm start
00CBEC  2               
00CBEC  2               LAB_1BFB
00CBEC  2  A9 29              LDA   #$29              ; load A with ")"
00CBEE  2               
00CBEE  2               ; scan for CHR$(A) , else do syntax error then warm start
00CBEE  2               
00CBEE  2               LAB_SCCA
00CBEE  2  A0 00              LDY   #$00              ; clear index
00CBF0  2  D1 C3              CMP   (Bpntrl),Y        ; check next byte is = A
00CBF2  2  D0 0B              BNE   LAB_SNER          ; if not do syntax error then warm start
00CBF4  2               
00CBF4  2  4C BC 00           JMP   LAB_IGBY          ; increment and scan memory then return
00CBF7  2               
00CBF7  2               ; scan for "(" , else do syntax error then warm start
00CBF7  2               
00CBF7  2               LAB_1BFE
00CBF7  2  A9 28              LDA   #$28              ; load A with "("
00CBF9  2  D0 F3              BNE   LAB_SCCA          ; scan for CHR$(A), else do syntax error then warm start
00CBFB  2                                             ; (branch always)
00CBFB  2               
00CBFB  2               ; scan for "," , else do syntax error then warm start
00CBFB  2               
00CBFB  2               LAB_1C01
00CBFB  2  A9 2C              LDA   #$2C              ; load A with ","
00CBFD  2  D0 EF              BNE   LAB_SCCA          ; scan for CHR$(A), else do syntax error then warm start
00CBFF  2                                             ; (branch always)
00CBFF  2               
00CBFF  2               ; syntax error then warm start
00CBFF  2               
00CBFF  2               LAB_SNER
00CBFF  2  A2 02              LDX   #$02              ; error code $02 ("Syntax" error)
00CC01  2  4C 3C C1           JMP   LAB_XERR          ; do error #X, then warm start
00CC04  2               
00CC04  2               ; get value from line .. continued
00CC04  2               ; do tokens
00CC04  2               
00CC04  2               LAB_1BD0
00CC04  2  C9 B9              CMP   #TK_MINUS         ; compare with token for -
00CC06  2  F0 29              BEQ   LAB_1C11          ; branch if - token (do set-up for functions)
00CC08  2               
00CC08  2                                             ; wasn't -n so ..
00CC08  2  C9 B8              CMP   #TK_PLUS          ; compare with token for +
00CC0A  2  F0 BE              BEQ   LAB_GVAL          ; branch if + token (+n = n so ignore leading +)
00CC0C  2               
00CC0C  2  C9 B3              CMP   #TK_NOT           ; compare with token for NOT
00CC0E  2  D0 13              BNE   LAB_1BE7          ; branch if not token for NOT
00CC10  2               
00CC10  2                                             ; was NOT token
00CC10  2               TK_EQUAL_PLUS     = TK_EQUAL-TK_PLUS
00CC10  2  A0 21              LDY   #TK_EQUAL_PLUS*3  ; offset to NOT function
00CC12  2  D0 1F              BNE   LAB_1C13          ; do set-up for function then execute (branch always)
00CC14  2               
00CC14  2               ; do = compare
00CC14  2               
00CC14  2               LAB_EQUAL
00CC14  2  20 B1 CE           JSR   LAB_EVIR          ; evaluate integer expression (no sign check)
00CC17  2  A5 AF              LDA   FAC1_3            ; get FAC1 mantissa3
00CC19  2  49 FF              EOR   #$FF              ; invert it
00CC1B  2  A8                 TAY                     ; copy it
00CC1C  2  A5 AE              LDA   FAC1_2            ; get FAC1 mantissa2
00CC1E  2  49 FF              EOR   #$FF              ; invert it
00CC20  2  4C 64 D0           JMP   LAB_AYFC          ; save and convert integer AY to FAC1 and return
00CC23  2               
00CC23  2               ; get value from line .. continued
00CC23  2               
00CC23  2                                             ; wasn't +, -, or NOT so ..
00CC23  2               LAB_1BE7
00CC23  2  C9 B0              CMP   #TK_FN            ; compare with token for FN
00CC25  2  D0 03              BNE   LAB_1BEE          ; branch if not token for FN
00CC27  2               
00CC27  2  4C BF D0           JMP   LAB_201E          ; go evaluate FNx
00CC2A  2               
00CC2A  2               ; get value from line .. continued
00CC2A  2               
00CC2A  2                                             ; wasn't +, -, NOT or FN so ..
00CC2A  2               LAB_1BEE
00CC2A  2  E9 C5              SBC   #TK_SGN           ; subtract with token for SGN
00CC2C  2  B0 27              BCS   LAB_1C27          ; if a function token go do it
00CC2E  2               
00CC2E  2  4C FF CB           JMP   LAB_SNER          ; else do syntax error
00CC31  2               
00CC31  2               ; set-up for functions
00CC31  2               
00CC31  2               LAB_1C11
00CC31  2               TK_GT_PLUS  = TK_GT-TK_PLUS
00CC31  2  A0 1E              LDY   #TK_GT_PLUS*3     ; set offset from base to > operator
00CC33  2               LAB_1C13
00CC33  2  68                 PLA                     ; dump return address low byte
00CC34  2               ; *** begin patch  2.22p5.4  concatenate MINUS or NOT() crashes EhBASIC  ***
00CC34  2               ; *** replace
00CC34  2               ;      PLA                     ; dump return address high byte
00CC34  2               ;      JMP   LAB_1B1D          ; execute function then continue evaluation
00CC34  2               ; *** with
00CC34  2  AA                 TAX                     ; save to trap concatenate
00CC35  2  68                 PLA                     ; dump return address high byte
00CC36  2  E0 ED              CPX   #<(LAB_224Da+2)   ; from concatenate low return address?
00CC38  2  D0 04              BNE   LAB_1C13b         ; No - continue!
00CC3A  2  C9 D2              CMP   #>(LAB_224Da+2)   ; from concatenate high return address?
00CC3C  2  F0 03              BEQ   LAB_1C13a         ; Yes - error!
00CC3E  2               LAB_1C13b
00CC3E  2  4C 37 CB           JMP   LAB_1B1D          ; execute function then continue evaluation
00CC41  2               LAB_1C13a
00CC41  2  4C D9 CA           JMP   LAB_1ABC          ; throw "type mismatch error" then warm start
00CC44  2               ; *** end   patch  2.22p5.4  concatenate MINUS or NOT() crashes EhBASIC  ***
00CC44  2               
00CC44  2               ; variable name set-up
00CC44  2               ; get (var), return value in FAC_1 and $ flag
00CC44  2               
00CC44  2               LAB_1C18
00CC44  2  20 B5 CD           JSR   LAB_GVAR          ; get (var) address
00CC47  2  85 AE              STA   FAC1_2            ; save address low byte in FAC1 mantissa2
00CC49  2  84 AF              STY   FAC1_3            ; save address high byte in FAC1 mantissa3
00CC4B  2  A6 5F              LDX   Dtypef            ; get data type flag, $FF=string, $00=numeric
00CC4D  2  30 03              BMI   LAB_1C25          ; if string then return (does RTS)
00CC4F  2               
00CC4F  2               LAB_1C24
00CC4F  2  4C 87 D8           JMP   LAB_UFAC          ; unpack memory (AY) into FAC1
00CC52  2               
00CC52  2               LAB_1C25
00CC52  2               ; *** begin patch  string pointer high byte trashed when moved to stack
00CC52  2               ; *** add
00CC52  2  46 B9              LSR   FAC1_r            ; clear bit 7 (<$80) = do not round up
00CC54  2               ; *** end patch
00CC54  2  60                 RTS
00CC55  2               
00CC55  2               ; get value from line .. continued
00CC55  2               ; only functions left so ..
00CC55  2               
00CC55  2               ; set up function references
00CC55  2               
00CC55  2               ; new for V2.0+ this replaces a lot of IF .. THEN .. ELSEIF .. THEN .. that was needed
00CC55  2               ; to process function calls. now the function vector is computed and pushed on the stack
00CC55  2               ; and the preprocess offset is read. if the preprocess offset is non zero then the vector
00CC55  2               ; is calculated and the routine called, if not this routine just does RTS. whichever
00CC55  2               ; happens the RTS at the end of this routine, or the end of the preprocess routine, calls
00CC55  2               ; the function code
00CC55  2               
00CC55  2               ; this also removes some less than elegant code that was used to bypass type checking
00CC55  2               ; for functions that returned strings
00CC55  2               
00CC55  2               LAB_1C27
00CC55  2  0A                 ASL                     ; *2 (2 bytes per function address)
00CC56  2  A8                 TAY                     ; copy to index
00CC57  2               
00CC57  2  B9 BA E2           LDA   LAB_FTBM,Y        ; get function jump vector high byte
00CC5A  2  48                 PHA                     ; push functions jump vector high byte
00CC5B  2  B9 B9 E2           LDA   LAB_FTBL,Y        ; get function jump vector low byte
00CC5E  2  48                 PHA                     ; push functions jump vector low byte
00CC5F  2               
00CC5F  2  B9 74 E2           LDA   LAB_FTPM,Y        ; get function pre process vector high byte
00CC62  2  F0 05              BEQ   LAB_1C56          ; skip pre process if null vector
00CC64  2               
00CC64  2  48                 PHA                     ; push functions pre process vector high byte
00CC65  2  B9 73 E2           LDA   LAB_FTPL,Y        ; get function pre process vector low byte
00CC68  2  48                 PHA                     ; push functions pre process vector low byte
00CC69  2               
00CC69  2               LAB_1C56
00CC69  2  60                 RTS                     ; do function, or pre process, call
00CC6A  2               
00CC6A  2               ; process string expression in parenthesis
00CC6A  2               
00CC6A  2               LAB_PPFS
00CC6A  2  20 E9 CB           JSR   LAB_1BF7          ; process expression in parenthesis
00CC6D  2  4C CF CA           JMP   LAB_CTST          ; check if source is string then do function,
00CC70  2                                             ; else do type mismatch
00CC70  2               
00CC70  2               ; process numeric expression in parenthesis
00CC70  2               
00CC70  2               LAB_PPFN
00CC70  2  20 E9 CB           JSR   LAB_1BF7          ; process expression in parenthesis
00CC73  2  4C CD CA           JMP   LAB_CTNM          ; check if source is numeric then do function,
00CC76  2                                             ; else do type mismatch
00CC76  2               
00CC76  2               ; set numeric data type and increment BASIC execute pointer
00CC76  2               
00CC76  2               LAB_PPBI
00CC76  2  46 5F              LSR   Dtypef            ; clear data type flag, $FF=string, $00=numeric
00CC78  2  4C BC 00           JMP   LAB_IGBY          ; increment and scan memory then do function
00CC7B  2               
00CC7B  2               ; process string for LEFT$, RIGHT$ or MID$
00CC7B  2               
00CC7B  2               LAB_LRMS
00CC7B  2  20 E6 CA           JSR   LAB_EVEZ          ; evaluate (should be string) expression
00CC7E  2  20 FB CB           JSR   LAB_1C01          ; scan for ",", else do syntax error then warm start
00CC81  2  20 CF CA           JSR   LAB_CTST          ; check if source is string, else do type mismatch
00CC84  2               
00CC84  2  68                 PLA                     ; get function jump vector low byte
00CC85  2  AA                 TAX                     ; save functions jump vector low byte
00CC86  2  68                 PLA                     ; get function jump vector high byte
00CC87  2  A8                 TAY                     ; save functions jump vector high byte
00CC88  2  A5 AF              LDA   des_ph            ; get descriptor pointer high byte
00CC8A  2  48                 PHA                     ; push string pointer high byte
00CC8B  2  A5 AE              LDA   des_pl            ; get descriptor pointer low byte
00CC8D  2  48                 PHA                     ; push string pointer low byte
00CC8E  2  98                 TYA                     ; get function jump vector high byte back
00CC8F  2  48                 PHA                     ; save functions jump vector high byte
00CC90  2  8A                 TXA                     ; get function jump vector low byte back
00CC91  2  48                 PHA                     ; save functions jump vector low byte
00CC92  2  20 9D D4           JSR   LAB_GTBY          ; get byte parameter
00CC95  2  8A                 TXA                     ; copy byte parameter to A
00CC96  2  60                 RTS                     ; go do function
00CC97  2               
00CC97  2               ; process numeric expression(s) for BIN$ or HEX$
00CC97  2               
00CC97  2               LAB_BHSS
00CC97  2  20 E6 CA           JSR   LAB_EVEZ          ; process expression
00CC9A  2  20 CD CA           JSR   LAB_CTNM          ; check if source is numeric, else do type mismatch
00CC9D  2  A5 AC              LDA   FAC1_e            ; get FAC1 exponent
00CC9F  2  C9 98              CMP   #$98              ; compare with exponent = 2^24
00CCA1  2  B0 20              BCS   LAB_BHER          ; branch if n>=2^24 (is too big)
00CCA3  2               
00CCA3  2  20 5A D9           JSR   LAB_2831          ; convert FAC1 floating-to-fixed
00CCA6  2  A2 02              LDX   #$02              ; 3 bytes to do
00CCA8  2               LAB_CFAC
00CCA8  2  B5 AD              LDA   FAC1_1,X          ; get byte from FAC1
00CCAA  2  95 11              STA   nums_1,X          ; save byte to temp
00CCAC  2  CA                 DEX                     ; decrement index
00CCAD  2  10 F9              BPL   LAB_CFAC          ; copy FAC1 mantissa to temp
00CCAF  2               
00CCAF  2  20 C2 00           JSR   LAB_GBYT          ; get next BASIC byte
00CCB2  2  A2 00              LDX   #$00              ; set default to no leading "0"s
00CCB4  2  C9 29              CMP   #')'              ; compare with close bracket
00CCB6  2  F0 0A              BEQ   LAB_1C54          ; if ")" go do rest of function
00CCB8  2               
00CCB8  2  20 E8 D4           JSR   LAB_SCGB          ; scan for "," and get byte
00CCBB  2  20 C2 00           JSR   LAB_GBYT          ; get last byte back
00CCBE  2  C9 29              CMP   #')'              ; is next character )
00CCC0  2  D0 01              BNE   LAB_BHER          ; if not ")" go do error
00CCC2  2               
00CCC2  2               LAB_1C54
00CCC2  2  60                 RTS                     ; else do function
00CCC3  2               
00CCC3  2               LAB_BHER
00CCC3  2  4C 34 CF           JMP   LAB_FCER          ; do function call error then warm start
00CCC6  2               
00CCC6  2               ; perform EOR
00CCC6  2               
00CCC6  2               ; added operator format is the same as AND or OR, precedence is the same as OR
00CCC6  2               
00CCC6  2               ; this bit worked first time but it took a while to sort out the operator table
00CCC6  2               ; pointers and offsets afterwards!
00CCC6  2               
00CCC6  2               LAB_EOR
00CCC6  2  20 ED CC           JSR   GetFirst          ; get first integer expression (no sign check)
00CCC9  2  45 5B              EOR   XOAw_l            ; EOR with expression 1 low byte
00CCCB  2  A8                 TAY                     ; save in Y
00CCCC  2  A5 AE              LDA   FAC1_2            ; get FAC1 mantissa2
00CCCE  2  45 5C              EOR   XOAw_h            ; EOR with expression 1 high byte
00CCD0  2  4C 64 D0           JMP   LAB_AYFC          ; save and convert integer AY to FAC1 and return
00CCD3  2               
00CCD3  2               ; perform OR
00CCD3  2               
00CCD3  2               LAB_OR
00CCD3  2  20 ED CC           JSR   GetFirst          ; get first integer expression (no sign check)
00CCD6  2  05 5B              ORA   XOAw_l            ; OR with expression 1 low byte
00CCD8  2  A8                 TAY                     ; save in Y
00CCD9  2  A5 AE              LDA   FAC1_2            ; get FAC1 mantissa2
00CCDB  2  05 5C              ORA   XOAw_h            ; OR with expression 1 high byte
00CCDD  2  4C 64 D0           JMP   LAB_AYFC          ; save and convert integer AY to FAC1 and return
00CCE0  2               
00CCE0  2               ; perform AND
00CCE0  2               
00CCE0  2               LAB_AND
00CCE0  2  20 ED CC           JSR   GetFirst          ; get first integer expression (no sign check)
00CCE3  2  25 5B              AND   XOAw_l            ; AND with expression 1 low byte
00CCE5  2  A8                 TAY                     ; save in Y
00CCE6  2  A5 AE              LDA   FAC1_2            ; get FAC1 mantissa2
00CCE8  2  25 5C              AND   XOAw_h            ; AND with expression 1 high byte
00CCEA  2  4C 64 D0           JMP   LAB_AYFC          ; save and convert integer AY to FAC1 and return
00CCED  2               
00CCED  2               ; get first value for OR, AND or EOR
00CCED  2               
00CCED  2               GetFirst
00CCED  2  20 B1 CE           JSR   LAB_EVIR          ; evaluate integer expression (no sign check)
00CCF0  2  A5 AE              LDA   FAC1_2            ; get FAC1 mantissa2
00CCF2  2  85 5C              STA   XOAw_h            ; save it
00CCF4  2  A5 AF              LDA   FAC1_3            ; get FAC1 mantissa3
00CCF6  2  85 5B              STA   XOAw_l            ; save it
00CCF8  2  20 CD D5           JSR   LAB_279B          ; copy FAC2 to FAC1 (get 2nd value in expression)
00CCFB  2  20 B1 CE           JSR   LAB_EVIR          ; evaluate integer expression (no sign check)
00CCFE  2  A5 AF              LDA   FAC1_3            ; get FAC1 mantissa3
00CD00  2               LAB_1C95
00CD00  2  60                 RTS
00CD01  2               
00CD01  2               ; perform comparisons
00CD01  2               
00CD01  2               ; do < compare
00CD01  2               
00CD01  2               LAB_LTHAN
00CD01  2  20 D0 CA           JSR   LAB_CKTM          ; type match check, set C for string
00CD04  2  B0 13              BCS   LAB_1CAE          ; branch if string
00CD06  2               
00CD06  2                                             ; do numeric < compare
00CD06  2  A5 B7              LDA   FAC2_s            ; get FAC2 sign (b7)
00CD08  2  09 7F              ORA   #$7F              ; set all non sign bits
00CD0A  2  25 B4              AND   FAC2_1            ; and FAC2 mantissa1 (AND in sign bit)
00CD0C  2  85 B4              STA   FAC2_1            ; save FAC2 mantissa1
00CD0E  2  A9 B3              LDA   #<FAC2_e          ; set pointer low byte to FAC2
00CD10  2  A0 00              LDY   #>FAC2_e          ; set pointer high byte to FAC2
00CD12  2  20 21 D9           JSR   LAB_27F8          ; compare FAC1 with FAC2 (AY)
00CD15  2  AA                 TAX                     ; copy result
00CD16  2  4C 4A CD           JMP   LAB_1CE1          ; go evaluate result
00CD19  2               
00CD19  2                                             ; do string < compare
00CD19  2               LAB_1CAE
00CD19  2  46 5F              LSR   Dtypef            ; clear data type flag, $FF=string, $00=numeric
00CD1B  2  C6 9B              DEC   comp_f            ; clear < bit in compare function flag
00CD1D  2  20 4F D3           JSR   LAB_22B6          ; pop string off descriptor stack, or from top of string
00CD20  2                                             ; space returns with A = length, X=pointer low byte,
00CD20  2                                             ; Y=pointer high byte
00CD20  2  85 AC              STA   str_ln            ; save length
00CD22  2  86 AD              STX   str_pl            ; save string pointer low byte
00CD24  2  84 AE              STY   str_ph            ; save string pointer high byte
00CD26  2  A5 B5              LDA   FAC2_2            ; get descriptor pointer low byte
00CD28  2  A4 B6              LDY   FAC2_3            ; get descriptor pointer high byte
00CD2A  2  20 53 D3           JSR   LAB_22BA          ; pop (YA) descriptor off stack or from top of string space
00CD2D  2                                             ; returns with A = length, X=pointer low byte,
00CD2D  2                                             ; Y=pointer high byte
00CD2D  2  86 B5              STX   FAC2_2            ; save string pointer low byte
00CD2F  2  84 B6              STY   FAC2_3            ; save string pointer high byte
00CD31  2  AA                 TAX                     ; copy length
00CD32  2  38                 SEC                     ; set carry for subtract
00CD33  2  E5 AC              SBC   str_ln            ; subtract string 1 length
00CD35  2  F0 08              BEQ   LAB_1CD6          ; branch if str 1 length = string 2 length
00CD37  2               
00CD37  2  A9 01              LDA   #$01              ; set str 1 length > string 2 length
00CD39  2  90 04              BCC   LAB_1CD6          ; branch if so
00CD3B  2               
00CD3B  2  A6 AC              LDX   str_ln            ; get string 1 length
00CD3D  2  A9 FF              LDA   #$FF              ; set str 1 length < string 2 length
00CD3F  2               LAB_1CD6
00CD3F  2  85 B0              STA   FAC1_s            ; save length compare
00CD41  2  A0 FF              LDY   #$FF              ; set index
00CD43  2  E8                 INX                     ; adjust for loop
00CD44  2               LAB_1CDB
00CD44  2  C8                 INY                     ; increment index
00CD45  2  CA                 DEX                     ; decrement count
00CD46  2  D0 07              BNE   LAB_1CE6          ; branch if still bytes to do
00CD48  2               
00CD48  2  A6 B0              LDX   FAC1_s            ; get length compare back
00CD4A  2               LAB_1CE1
00CD4A  2  30 0F              BMI   LAB_1CF2          ; branch if str 1 < str 2
00CD4C  2               
00CD4C  2  18                 CLC                     ; flag str 1 <= str 2
00CD4D  2  90 0C              BCC   LAB_1CF2          ; go evaluate result
00CD4F  2               
00CD4F  2               LAB_1CE6
00CD4F  2  B1 B5              LDA   (FAC2_2),Y        ; get string 2 byte
00CD51  2  D1 AD              CMP   (FAC1_1),Y        ; compare with string 1 byte
00CD53  2  F0 EF              BEQ   LAB_1CDB          ; loop if bytes =
00CD55  2               
00CD55  2  A2 FF              LDX   #$FF              ; set str 1 < string 2
00CD57  2  B0 02              BCS   LAB_1CF2          ; branch if so
00CD59  2               
00CD59  2  A2 01              LDX   #$01              ;  set str 1 > string 2
00CD5B  2               LAB_1CF2
00CD5B  2  E8                 INX                     ; x = 0, 1 or 2
00CD5C  2  8A                 TXA                     ; copy to A
00CD5D  2  2A                 ROL                     ; *2 (1, 2 or 4)
00CD5E  2  25 63              AND   Cflag             ; AND with comparison evaluation flag
00CD60  2  F0 02              BEQ   LAB_1CFB          ; branch if 0 (compare is false)
00CD62  2               
00CD62  2  A9 FF              LDA   #$FF              ; else set result true
00CD64  2               LAB_1CFB
00CD64  2  4C 04 D9           JMP   LAB_27DB          ; save A as integer byte and return
00CD67  2               
00CD67  2               LAB_1CFE
00CD67  2  20 FB CB           JSR   LAB_1C01          ; scan for ",", else do syntax error then warm start
00CD6A  2               
00CD6A  2               ; perform DIM
00CD6A  2               
00CD6A  2               LAB_DIM
00CD6A  2  AA                 TAX                     ; copy "DIM" flag to X
00CD6B  2  20 BA CD           JSR   LAB_1D10          ; search for variable
00CD6E  2  20 C2 00           JSR   LAB_GBYT          ; scan memory
00CD71  2  D0 F4              BNE   LAB_1CFE          ; scan for "," and loop if not null
00CD73  2               
00CD73  2  60                 RTS
00CD74  2               
00CD74  2               ; perform << (left shift)
00CD74  2               
00CD74  2               LAB_LSHIFT
00CD74  2  20 AA CD           JSR   GetPair           ; get integer expression and byte (no sign check)
00CD77  2  A5 AE              LDA   FAC1_2            ; get expression high byte
00CD79  2  A6 78              LDX   TempB             ; get shift count
00CD7B  2  F0 22              BEQ   NoShift           ; branch if zero
00CD7D  2               
00CD7D  2  E0 10              CPX   #$10              ; compare bit count with 16d
00CD7F  2  B0 23              BCS   TooBig            ; branch if >=
00CD81  2               
00CD81  2               Ls_loop
00CD81  2  06 AF              ASL   FAC1_3            ; shift low byte
00CD83  2  2A                 ROL                     ; shift high byte
00CD84  2  CA                 DEX                     ; decrement bit count
00CD85  2  D0 FA              BNE   Ls_loop           ; loop if shift not complete
00CD87  2               
00CD87  2  A4 AF              LDY   FAC1_3            ; get expression low byte
00CD89  2  4C 64 D0           JMP   LAB_AYFC          ; save and convert integer AY to FAC1 and return
00CD8C  2               
00CD8C  2               ; perform >> (right shift)
00CD8C  2               
00CD8C  2               LAB_RSHIFT
00CD8C  2  20 AA CD           JSR   GetPair           ; get integer expression and byte (no sign check)
00CD8F  2  A5 AE              LDA   FAC1_2            ; get expression high byte
00CD91  2  A6 78              LDX   TempB             ; get shift count
00CD93  2  F0 0A              BEQ   NoShift           ; branch if zero
00CD95  2               
00CD95  2  E0 10              CPX   #$10              ; compare bit count with 16d
00CD97  2  B0 0B              BCS   TooBig            ; branch if >=
00CD99  2               
00CD99  2               Rs_loop
00CD99  2  4A                 LSR                     ; shift high byte
00CD9A  2  66 AF              ROR   FAC1_3            ; shift low byte
00CD9C  2  CA                 DEX                     ; decrement bit count
00CD9D  2  D0 FA              BNE   Rs_loop           ; loop if shift not complete
00CD9F  2               
00CD9F  2               NoShift
00CD9F  2  A4 AF              LDY   FAC1_3            ; get expression low byte
00CDA1  2  4C 64 D0           JMP   LAB_AYFC          ; save and convert integer AY to FAC1 and return
00CDA4  2               
00CDA4  2               TooBig
00CDA4  2  A9 00              LDA   #$00              ; clear high byte
00CDA6  2  A8                 TAY                     ; copy to low byte
00CDA7  2  4C 64 D0           JMP   LAB_AYFC          ; save and convert integer AY to FAC1 and return
00CDAA  2               
00CDAA  2               GetPair
00CDAA  2  20 A0 D4           JSR   LAB_EVBY          ; evaluate byte expression, result in X
00CDAD  2  86 78              STX   TempB             ; save it
00CDAF  2  20 CD D5           JSR   LAB_279B          ; copy FAC2 to FAC1 (get 2nd value in expression)
00CDB2  2  4C B1 CE           JMP   LAB_EVIR          ; evaluate integer expression (no sign check)
00CDB5  2               
00CDB5  2               ; search for variable
00CDB5  2               
00CDB5  2               ; return pointer to variable in Cvaral/Cvarah
00CDB5  2               
00CDB5  2               LAB_GVAR
00CDB5  2  A2 00              LDX   #$00              ; set DIM flag = $00
00CDB7  2  20 C2 00           JSR   LAB_GBYT          ; scan memory (1st character)
00CDBA  2               LAB_1D10
00CDBA  2  86 5E              STX   Defdim            ; save DIM flag
00CDBC  2               LAB_1D12
00CDBC  2  85 93              STA   Varnm1            ; save 1st character
00CDBE  2  29 7F              AND   #$7F              ; clear FN flag bit
00CDC0  2  20 29 CE           JSR   LAB_CASC          ; check byte, return C=0 if<"A" or >"Z"
00CDC3  2  B0 03              BCS   LAB_1D1F          ; branch if ok
00CDC5  2               
00CDC5  2  4C FF CB           JMP   LAB_SNER          ; else syntax error then warm start
00CDC8  2               
00CDC8  2                                             ; was variable name so ..
00CDC8  2               LAB_1D1F
00CDC8  2  A2 00              LDX   #$00              ; clear 2nd character temp
00CDCA  2  86 5F              STX   Dtypef            ; clear data type flag, $FF=string, $00=numeric
00CDCC  2  20 BC 00           JSR   LAB_IGBY          ; increment and scan memory (2nd character)
00CDCF  2  90 05              BCC   LAB_1D2D          ; branch if character = "0"-"9" (ok)
00CDD1  2               
00CDD1  2                                             ; 2nd character wasn't "0" to "9" so ..
00CDD1  2  20 29 CE           JSR   LAB_CASC          ; check byte, return C=0 if<"A" or >"Z"
00CDD4  2  90 0B              BCC   LAB_1D38          ; branch if <"A" or >"Z" (go check if string)
00CDD6  2               
00CDD6  2               LAB_1D2D
00CDD6  2  AA                 TAX                     ; copy 2nd character
00CDD7  2               
00CDD7  2                                             ; ignore further (valid) characters in the variable name
00CDD7  2               LAB_1D2E
00CDD7  2  20 BC 00           JSR   LAB_IGBY          ; increment and scan memory (3rd character)
00CDDA  2  90 FB              BCC   LAB_1D2E          ; loop if character = "0"-"9" (ignore)
00CDDC  2               
00CDDC  2  20 29 CE           JSR   LAB_CASC          ; check byte, return C=0 if<"A" or >"Z"
00CDDF  2  B0 F6              BCS   LAB_1D2E          ; loop if character = "A"-"Z" (ignore)
00CDE1  2               
00CDE1  2                                             ; check if string variable
00CDE1  2               LAB_1D38
00CDE1  2  C9 24              CMP   #'$'              ; compare with "$"
00CDE3  2  D0 0B              BNE   LAB_1D47          ; branch if not string
00CDE5  2               
00CDE5  2               ; to introduce a new variable type (% suffix for integers say) then this branch
00CDE5  2               ; will need to go to that check and then that branch, if it fails, go to LAB_1D47
00CDE5  2               
00CDE5  2                                             ; type is string
00CDE5  2  A9 FF              LDA   #$FF              ; set data type = string
00CDE7  2  85 5F              STA   Dtypef            ; set data type flag, $FF=string, $00=numeric
00CDE9  2  8A                 TXA                     ; get 2nd character back
00CDEA  2  09 80              ORA   #$80              ; set top bit (indicate string var)
00CDEC  2  AA                 TAX                     ; copy back to 2nd character temp
00CDED  2  20 BC 00           JSR   LAB_IGBY          ; increment and scan memory
00CDF0  2               
00CDF0  2               ; after we have determined the variable type we need to come back here to determine
00CDF0  2               ; if it's an array of type. this would plug in a%(b[,c[,d]])) integer arrays nicely
00CDF0  2               
00CDF0  2               
00CDF0  2               LAB_1D47                      ; gets here with character after var name in A
00CDF0  2  86 94              STX   Varnm2            ; save 2nd character
00CDF2  2  05 61              ORA   Sufnxf            ; or with subscript/FNX flag (or FN name)
00CDF4  2  C9 28              CMP   #'('              ; compare with "("
00CDF6  2  D0 03              BNE   LAB_1D53          ; branch if not "("
00CDF8  2               
00CDF8  2  4C C3 CE           JMP   LAB_1E17          ; go find, or make, array
00CDFB  2               
00CDFB  2               ; either find or create var
00CDFB  2               ; var name (1st two characters only!) is in Varnm1,Varnm2
00CDFB  2               
00CDFB  2                                             ; variable name wasn't var(... so look for plain var
00CDFB  2               LAB_1D53
00CDFB  2  A9 00              LDA   #$00              ; clear A
00CDFD  2  85 61              STA   Sufnxf            ; clear subscript/FNX flag
00CDFF  2  A5 7B              LDA   Svarl             ; get start of vars low byte
00CE01  2  A6 7C              LDX   Svarh             ; get start of vars high byte
00CE03  2  A0 00              LDY   #$00              ; clear index
00CE05  2               LAB_1D5D
00CE05  2  86 AB              STX   Vrschh            ; save search address high byte
00CE07  2               LAB_1D5F
00CE07  2  85 AA              STA   Vrschl            ; save search address low byte
00CE09  2  E4 7E              CPX   Sarryh            ; compare high address with var space end
00CE0B  2  D0 04              BNE   LAB_1D69          ; skip next compare if <>
00CE0D  2               
00CE0D  2                                             ; high addresses were = so compare low addresses
00CE0D  2  C5 7D              CMP   Sarryl            ; compare low address with var space end
00CE0F  2  F0 2C              BEQ   LAB_1D8B          ; if not found go make new var
00CE11  2               
00CE11  2               LAB_1D69
00CE11  2  A5 93              LDA   Varnm1            ; get 1st character of var to find
00CE13  2  D1 AA              CMP   (Vrschl),Y        ; compare with variable name 1st character
00CE15  2  D0 08              BNE   LAB_1D77          ; branch if no match
00CE17  2               
00CE17  2                                             ; 1st characters match so compare 2nd characters
00CE17  2  A5 94              LDA   Varnm2            ; get 2nd character of var to find
00CE19  2  C8                 INY                     ; index to point to variable name 2nd character
00CE1A  2  D1 AA              CMP   (Vrschl),Y        ; compare with variable name 2nd character
00CE1C  2  F0 69              BEQ   LAB_1DD7          ; branch if match (found var)
00CE1E  2               
00CE1E  2  88                 DEY                     ; else decrement index (now = $00)
00CE1F  2               LAB_1D77
00CE1F  2  18                 CLC                     ; clear carry for add
00CE20  2  A5 AA              LDA   Vrschl            ; get search address low byte
00CE22  2  69 06              ADC   #$06              ; +6 (offset to next var name)
00CE24  2  90 E1              BCC   LAB_1D5F          ; loop if no overflow to high byte
00CE26  2               
00CE26  2  E8                 INX                     ; else increment high byte
00CE27  2  D0 DC              BNE   LAB_1D5D          ; loop always (RAM doesn't extend to $FFFF !)
00CE29  2               
00CE29  2               ; check byte, return C=0 if<"A" or >"Z" or "a" to "z"
00CE29  2               
00CE29  2               LAB_CASC
00CE29  2  C9 61              CMP   #'a'              ; compare with "a"
00CE2B  2  B0 0A              BCS   LAB_1D83          ; go check <"z"+1
00CE2D  2               
00CE2D  2               ; check byte, return C=0 if<"A" or >"Z"
00CE2D  2               
00CE2D  2               LAB_1D82
00CE2D  2  C9 41              CMP   #'A'              ; compare with "A"
00CE2F  2  90 05              BCC   LAB_1D8A          ; exit if less
00CE31  2               
00CE31  2                                             ; carry is set
00CE31  2  E9 5B              SBC   #$5B              ; subtract "Z"+1
00CE33  2  38                 SEC                     ; set carry
00CE34  2  E9 A5              SBC   #$A5              ; subtract $A5 (restore byte)
00CE36  2                                             ; carry clear if byte>$5A
00CE36  2               LAB_1D8A
00CE36  2  60                 RTS
00CE37  2               
00CE37  2               LAB_1D83
00CE37  2  E9 7B              SBC   #$7B              ; subtract "z"+1
00CE39  2  38                 SEC                     ; set carry
00CE3A  2  E9 85              SBC   #$85              ; subtract $85 (restore byte)
00CE3C  2                                             ; carry clear if byte>$7A
00CE3C  2  60                 RTS
00CE3D  2               
00CE3D  2                                             ; reached end of variable mem without match
00CE3D  2                                             ; .. so create new variable
00CE3D  2               LAB_1D8B
00CE3D  2  68                 PLA                     ; pop return address low byte
00CE3E  2  48                 PHA                     ; push return address low byte
00CE3F  2               LAB_1C18p2  = LAB_1C18+2
00CE3F  2  C9 46              CMP   #<LAB_1C18p2      ; compare with expected calling routine return low byte
00CE41  2  D0 05              BNE   LAB_1D98          ; if not get (var) go create new var
00CE43  2               
00CE43  2               ; This will only drop through if the call was from LAB_1C18 and is only called
00CE43  2               ; from there if it is searching for a variable from the RHS of a LET a=b statement
00CE43  2               ; it prevents the creation of variables not assigned a value.
00CE43  2               
00CE43  2               ; value returned by this is either numeric zero (exponent byte is $00) or null string
00CE43  2               ; (descriptor length byte is $00). in fact a pointer to any $00 byte would have done.
00CE43  2               
00CE43  2               ; doing this saves 6 bytes of variable memory and 168 machine cycles of time
00CE43  2               
00CE43  2               ; this is where you would put the undefined variable error call e.g.
00CE43  2               
00CE43  2               ;                             ; variable doesn't exist so flag error
00CE43  2               ;     LDX   #$24              ; error code $24 ("undefined variable" error)
00CE43  2               ;     JMP   LAB_XERR          ; do error #X then warm start
00CE43  2               
00CE43  2               ; the above code has been tested and works a treat! (it replaces the three code lines
00CE43  2               ; below)
00CE43  2               
00CE43  2                                             ; else return dummy null value
00CE43  2  A9 F3              LDA   #<LAB_1D96        ; low byte point to $00,$00
00CE45  2                                             ; (uses part of misc constants table)
00CE45  2  A0 E1              LDY   #>LAB_1D96        ; high byte point to $00,$00
00CE47  2  60                 RTS
00CE48  2               
00CE48  2                                             ; create new numeric variable
00CE48  2               LAB_1D98
00CE48  2  A5 7D              LDA   Sarryl            ; get var mem end low byte
00CE4A  2  A4 7E              LDY   Sarryh            ; get var mem end high byte
00CE4C  2  85 AA              STA   Ostrtl            ; save old block start low byte
00CE4E  2  84 AB              STY   Ostrth            ; save old block start high byte
00CE50  2  A5 7F              LDA   Earryl            ; get array mem end low byte
00CE52  2  A4 80              LDY   Earryh            ; get array mem end high byte
00CE54  2  85 A6              STA   Obendl            ; save old block end low byte
00CE56  2  84 A7              STY   Obendh            ; save old block end high byte
00CE58  2  18                 CLC                     ; clear carry for add
00CE59  2  69 06              ADC   #$06              ; +6 (space for one var)
00CE5B  2  90 01              BCC   LAB_1DAE          ; branch if no overflow to high byte
00CE5D  2               
00CE5D  2  C8                 INY                     ; else increment high byte
00CE5E  2               LAB_1DAE
00CE5E  2  85 A4              STA   Nbendl            ; set new block end low byte
00CE60  2  84 A5              STY   Nbendh            ; set new block end high byte
00CE62  2  20 BE C0           JSR   LAB_11CF          ; open up space in memory
00CE65  2  A5 A4              LDA   Nbendl            ; get new start low byte
00CE67  2  A4 A5              LDY   Nbendh            ; get new start high byte (-$100)
00CE69  2  C8                 INY                     ; correct high byte
00CE6A  2  85 7D              STA   Sarryl            ; save new var mem end low byte
00CE6C  2  84 7E              STY   Sarryh            ; save new var mem end high byte
00CE6E  2  A0 00              LDY   #$00              ; clear index
00CE70  2  A5 93              LDA   Varnm1            ; get var name 1st character
00CE72  2  91 AA              STA   (Vrschl),Y        ; save var name 1st character
00CE74  2  C8                 INY                     ; increment index
00CE75  2  A5 94              LDA   Varnm2            ; get var name 2nd character
00CE77  2  91 AA              STA   (Vrschl),Y        ; save var name 2nd character
00CE79  2  A9 00              LDA   #$00              ; clear A
00CE7B  2  C8                 INY                     ; increment index
00CE7C  2  91 AA              STA   (Vrschl),Y        ; initialise var byte
00CE7E  2  C8                 INY                     ; increment index
00CE7F  2  91 AA              STA   (Vrschl),Y        ; initialise var byte
00CE81  2  C8                 INY                     ; increment index
00CE82  2  91 AA              STA   (Vrschl),Y        ; initialise var byte
00CE84  2  C8                 INY                     ; increment index
00CE85  2  91 AA              STA   (Vrschl),Y        ; initialise var byte
00CE87  2               
00CE87  2                                             ; found a match for var ((Vrschl) = ptr)
00CE87  2               LAB_1DD7
00CE87  2  A5 AA              LDA   Vrschl            ; get var address low byte
00CE89  2  18                 CLC                     ; clear carry for add
00CE8A  2  69 02              ADC   #$02              ; +2 (offset past var name bytes)
00CE8C  2  A4 AB              LDY   Vrschh            ; get var address high byte
00CE8E  2  90 01              BCC   LAB_1DE1          ; branch if no overflow from add
00CE90  2               
00CE90  2  C8                 INY                     ; else increment high byte
00CE91  2               LAB_1DE1
00CE91  2  85 95              STA   Cvaral            ; save current var address low byte
00CE93  2  84 96              STY   Cvarah            ; save current var address high byte
00CE95  2  60                 RTS
00CE96  2               
00CE96  2               ; set-up array pointer (Adatal/h) to first element in array
00CE96  2               ; set Adatal,Adatah to Astrtl,Astrth+2*Dimcnt+#$05
00CE96  2               
00CE96  2               LAB_1DE6
00CE96  2  A5 5D              LDA   Dimcnt            ; get # of dimensions (1, 2 or 3)
00CE98  2  0A                 ASL                     ; *2 (also clears the carry !)
00CE99  2  69 05              ADC   #$05              ; +5 (result is 7, 9 or 11 here)
00CE9B  2  65 AA              ADC   Astrtl            ; add array start pointer low byte
00CE9D  2  A4 AB              LDY   Astrth            ; get array pointer high byte
00CE9F  2  90 01              BCC   LAB_1DF2          ; branch if no overflow
00CEA1  2               
00CEA1  2  C8                 INY                     ; else increment high byte
00CEA2  2               LAB_1DF2
00CEA2  2  85 A4              STA   Adatal            ; save array data pointer low byte
00CEA4  2  84 A5              STY   Adatah            ; save array data pointer high byte
00CEA6  2  60                 RTS
00CEA7  2               
00CEA7  2               ; evaluate integer expression
00CEA7  2               
00CEA7  2               LAB_EVIN
00CEA7  2  20 BC 00           JSR   LAB_IGBY          ; increment and scan memory
00CEAA  2  20 CA CA           JSR   LAB_EVNM          ; evaluate expression and check is numeric,
00CEAD  2                                             ; else do type mismatch
00CEAD  2               
00CEAD  2               ; evaluate integer expression (no check)
00CEAD  2               
00CEAD  2               LAB_EVPI
00CEAD  2  A5 B0              LDA   FAC1_s            ; get FAC1 sign (b7)
00CEAF  2  30 0D              BMI   LAB_1E12          ; do function call error if -ve
00CEB1  2               
00CEB1  2               ; evaluate integer expression (no sign check)
00CEB1  2               
00CEB1  2               LAB_EVIR
00CEB1  2  A5 AC              LDA   FAC1_e            ; get FAC1 exponent
00CEB3  2  C9 90              CMP   #$90              ; compare with exponent = 2^16 (n>2^15)
00CEB5  2  90 09              BCC   LAB_1E14          ; branch if n<2^16 (is ok)
00CEB7  2               
00CEB7  2  A9 FA              LDA   #<LAB_1DF7        ; set pointer low byte to -32768
00CEB9  2  A0 E1              LDY   #>LAB_1DF7        ; set pointer high byte to -32768
00CEBB  2  20 21 D9           JSR   LAB_27F8          ; compare FAC1 with (AY)
00CEBE  2               LAB_1E12
00CEBE  2  D0 74              BNE   LAB_FCER          ; if <> do function call error then warm start
00CEC0  2               
00CEC0  2               LAB_1E14
00CEC0  2  4C 5A D9           JMP   LAB_2831          ; convert FAC1 floating-to-fixed and return
00CEC3  2               
00CEC3  2               ; find or make array
00CEC3  2               
00CEC3  2               LAB_1E17
00CEC3  2  A5 5E              LDA   Defdim            ; get DIM flag
00CEC5  2  48                 PHA                     ; push it
00CEC6  2  A5 5F              LDA   Dtypef            ; get data type flag, $FF=string, $00=numeric
00CEC8  2  48                 PHA                     ; push it
00CEC9  2  A0 00              LDY   #$00              ; clear dimensions count
00CECB  2               
00CECB  2               ; now get the array dimension(s) and stack it (them) before the data type and DIM flag
00CECB  2               
00CECB  2               LAB_1E1F
00CECB  2  98                 TYA                     ; copy dimensions count
00CECC  2  48                 PHA                     ; save it
00CECD  2  A5 94              LDA   Varnm2            ; get array name 2nd byte
00CECF  2  48                 PHA                     ; save it
00CED0  2  A5 93              LDA   Varnm1            ; get array name 1st byte
00CED2  2  48                 PHA                     ; save it
00CED3  2  20 A7 CE           JSR   LAB_EVIN          ; evaluate integer expression
00CED6  2  68                 PLA                     ; pull array name 1st byte
00CED7  2  85 93              STA   Varnm1            ; restore array name 1st byte
00CED9  2  68                 PLA                     ; pull array name 2nd byte
00CEDA  2  85 94              STA   Varnm2            ; restore array name 2nd byte
00CEDC  2  68                 PLA                     ; pull dimensions count
00CEDD  2  A8                 TAY                     ; restore it
00CEDE  2  BA                 TSX                     ; copy stack pointer
00CEDF  2  BD 02 01           LDA   LAB_STAK+2,X      ; get DIM flag
00CEE2  2  48                 PHA                     ; push it
00CEE3  2  BD 01 01           LDA   LAB_STAK+1,X      ; get data type flag
00CEE6  2  48                 PHA                     ; push it
00CEE7  2  A5 AE              LDA   FAC1_2            ; get this dimension size high byte
00CEE9  2  9D 02 01           STA   LAB_STAK+2,X      ; stack before flag bytes
00CEEC  2  A5 AF              LDA   FAC1_3            ; get this dimension size low byte
00CEEE  2  9D 01 01           STA   LAB_STAK+1,X      ; stack before flag bytes
00CEF1  2  C8                 INY                     ; increment dimensions count
00CEF2  2  20 C2 00           JSR   LAB_GBYT          ; scan memory
00CEF5  2  C9 2C              CMP   #','              ; compare with ","
00CEF7  2  F0 D2              BEQ   LAB_1E1F          ; if found go do next dimension
00CEF9  2               
00CEF9  2  84 5D              STY   Dimcnt            ; store dimensions count
00CEFB  2  20 EC CB           JSR   LAB_1BFB          ; scan for ")" , else do syntax error then warm start
00CEFE  2  68                 PLA                     ; pull data type flag
00CEFF  2  85 5F              STA   Dtypef            ; restore data type flag, $FF=string, $00=numeric
00CF01  2  68                 PLA                     ; pull DIM flag
00CF02  2  85 5E              STA   Defdim            ; restore DIM flag
00CF04  2  A6 7D              LDX   Sarryl            ; get array mem start low byte
00CF06  2  A5 7E              LDA   Sarryh            ; get array mem start high byte
00CF08  2               
00CF08  2               ; now check to see if we are at the end of array memory (we would be if there were
00CF08  2               ; no arrays).
00CF08  2               
00CF08  2               LAB_1E5C
00CF08  2  86 AA              STX   Astrtl            ; save as array start pointer low byte
00CF0A  2  85 AB              STA   Astrth            ; save as array start pointer high byte
00CF0C  2  C5 80              CMP   Earryh            ; compare with array mem end high byte
00CF0E  2  D0 04              BNE   LAB_1E68          ; branch if not reached array mem end
00CF10  2               
00CF10  2  E4 7F              CPX   Earryl            ; else compare with array mem end low byte
00CF12  2  F0 39              BEQ   LAB_1EA1          ; go build array if not found
00CF14  2               
00CF14  2                                             ; search for array
00CF14  2               LAB_1E68
00CF14  2  A0 00              LDY   #$00              ; clear index
00CF16  2  B1 AA              LDA   (Astrtl),Y        ; get array name first byte
00CF18  2  C8                 INY                     ; increment index to second name byte
00CF19  2  C5 93              CMP   Varnm1            ; compare with this array name first byte
00CF1B  2  D0 06              BNE   LAB_1E77          ; branch if no match
00CF1D  2               
00CF1D  2  A5 94              LDA   Varnm2            ; else get this array name second byte
00CF1F  2  D1 AA              CMP   (Astrtl),Y        ; compare with array name second byte
00CF21  2  F0 16              BEQ   LAB_1E8D          ; array found so branch
00CF23  2               
00CF23  2                                             ; no match
00CF23  2               LAB_1E77
00CF23  2  C8                 INY                     ; increment index
00CF24  2  B1 AA              LDA   (Astrtl),Y        ; get array size low byte
00CF26  2  18                 CLC                     ; clear carry for add
00CF27  2  65 AA              ADC   Astrtl            ; add array start pointer low byte
00CF29  2  AA                 TAX                     ; copy low byte to X
00CF2A  2  C8                 INY                     ; increment index
00CF2B  2  B1 AA              LDA   (Astrtl),Y        ; get array size high byte
00CF2D  2  65 AB              ADC   Astrth            ; add array mem pointer high byte
00CF2F  2  90 D7              BCC   LAB_1E5C          ; if no overflow go check next array
00CF31  2               
00CF31  2               ; do array bounds error
00CF31  2               
00CF31  2               LAB_1E85
00CF31  2  A2 10              LDX   #$10              ; error code $10 ("Array bounds" error)
00CF33  2  2C                 .byte $2C               ; makes next bit BIT LAB_08A2
00CF34  2               
00CF34  2               ; do function call error
00CF34  2               
00CF34  2               LAB_FCER
00CF34  2  A2 08              LDX   #$08              ; error code $08 ("Function call" error)
00CF36  2               LAB_1E8A
00CF36  2  4C 3C C1           JMP   LAB_XERR          ; do error #X, then warm start
00CF39  2               
00CF39  2                                             ; found array, are we trying to dimension it?
00CF39  2               LAB_1E8D
00CF39  2  A2 12              LDX   #$12              ; set error $12 ("Double dimension" error)
00CF3B  2  A5 5E              LDA   Defdim            ; get DIM flag
00CF3D  2  D0 F7              BNE   LAB_1E8A          ; if we are trying to dimension it do error #X, then warm
00CF3F  2                                             ; start
00CF3F  2               
00CF3F  2               ; found the array and we're not dimensioning it so we must find an element in it
00CF3F  2               
00CF3F  2  20 96 CE           JSR   LAB_1DE6          ; set-up array pointer (Adatal/h) to first element in array
00CF42  2                                             ; (Astrtl,Astrth points to start of array)
00CF42  2  A5 5D              LDA   Dimcnt            ; get dimensions count
00CF44  2  A0 04              LDY   #$04              ; set index to array's # of dimensions
00CF46  2  D1 AA              CMP   (Astrtl),Y        ; compare with no of dimensions
00CF48  2  D0 E7              BNE   LAB_1E85          ; if wrong do array bounds error, could do "Wrong
00CF4A  2                                             ; dimensions" error here .. if we want a different
00CF4A  2                                             ; error message
00CF4A  2               
00CF4A  2  4C D0 CF           JMP   LAB_1F28          ; found array so go get element
00CF4D  2                                             ; (could jump to LAB_1F28 as all LAB_1F24 does is take
00CF4D  2                                             ; Dimcnt and save it at (Astrtl),Y which is already the
00CF4D  2                                             ; same or we would have taken the BNE)
00CF4D  2               
00CF4D  2                                             ; array not found, so build it
00CF4D  2               LAB_1EA1
00CF4D  2  20 96 CE           JSR   LAB_1DE6          ; set-up array pointer (Adatal/h) to first element in array
00CF50  2                                             ; (Astrtl,Astrth points to start of array)
00CF50  2  20 0B C1           JSR   LAB_121F          ; check available memory, "Out of memory" error if no room
00CF53  2                                             ; addr to check is in AY (low/high)
00CF53  2  A0 00              LDY   #$00              ; clear Y (don't need to clear A)
00CF55  2  84 BB              STY   Aspth             ; clear array data size high byte
00CF57  2  A5 93              LDA   Varnm1            ; get variable name 1st byte
00CF59  2  91 AA              STA   (Astrtl),Y        ; save array name 1st byte
00CF5B  2  C8                 INY                     ; increment index
00CF5C  2  A5 94              LDA   Varnm2            ; get variable name 2nd byte
00CF5E  2  91 AA              STA   (Astrtl),Y        ; save array name 2nd byte
00CF60  2  A5 5D              LDA   Dimcnt            ; get dimensions count
00CF62  2  A0 04              LDY   #$04              ; index to dimension count
00CF64  2  84 BA              STY   Asptl             ; set array data size low byte (four bytes per element)
00CF66  2  91 AA              STA   (Astrtl),Y        ; set array's dimensions count
00CF68  2               
00CF68  2                                             ; now calculate the size of the data space for the array
00CF68  2  18                 CLC                     ; clear carry for add (clear on subsequent loops)
00CF69  2               LAB_1EC0
00CF69  2  A2 0B              LDX   #$0B              ; set default dimension value low byte
00CF6B  2  A9 00              LDA   #$00              ; set default dimension value high byte
00CF6D  2  24 5E              BIT   Defdim            ; test default DIM flag
00CF6F  2  50 07              BVC   LAB_1ED0          ; branch if b6 of Defdim is clear
00CF71  2               
00CF71  2  68                 PLA                     ; else pull dimension value low byte
00CF72  2  69 01              ADC   #$01              ; +1 (allow for zeroeth element)
00CF74  2  AA                 TAX                     ; copy low byte to X
00CF75  2  68                 PLA                     ; pull dimension value high byte
00CF76  2  69 00              ADC   #$00              ; add carry from low byte
00CF78  2               
00CF78  2               LAB_1ED0
00CF78  2  C8                 INY                     ; index to dimension value high byte
00CF79  2  91 AA              STA   (Astrtl),Y        ; save dimension value high byte
00CF7B  2  C8                 INY                     ; index to dimension value high byte
00CF7C  2  8A                 TXA                     ; get dimension value low byte
00CF7D  2  91 AA              STA   (Astrtl),Y        ; save dimension value low byte
00CF7F  2  20 1F D0           JSR   LAB_1F7C          ; does XY = (Astrtl),Y * (Asptl)
00CF82  2  86 BA              STX   Asptl             ; save array data size low byte
00CF84  2  85 BB              STA   Aspth             ; save array data size high byte
00CF86  2  A4 71              LDY   ut1_pl            ; restore index (saved by subroutine)
00CF88  2  C6 5D              DEC   Dimcnt            ; decrement dimensions count
00CF8A  2  D0 DD              BNE   LAB_1EC0          ; loop while not = 0
00CF8C  2               
00CF8C  2  65 A5              ADC   Adatah            ; add size high byte to first element high byte
00CF8E  2                                             ; (carry is always clear here)
00CF8E  2  B0 5D              BCS   LAB_1F45          ; if overflow go do "Out of memory" error
00CF90  2               
00CF90  2  85 A5              STA   Adatah            ; save end of array high byte
00CF92  2  A8                 TAY                     ; copy end high byte to Y
00CF93  2  8A                 TXA                     ; get array size low byte
00CF94  2  65 A4              ADC   Adatal            ; add array start low byte
00CF96  2  90 03              BCC   LAB_1EF3          ; branch if no carry
00CF98  2               
00CF98  2  C8                 INY                     ; else increment end of array high byte
00CF99  2  F0 52              BEQ   LAB_1F45          ; if overflow go do "Out of memory" error
00CF9B  2               
00CF9B  2                                             ; set-up mostly complete, now zero the array
00CF9B  2               LAB_1EF3
00CF9B  2  20 0B C1           JSR   LAB_121F          ; check available memory, "Out of memory" error if no room
00CF9E  2                                             ; addr to check is in AY (low/high)
00CF9E  2  85 7F              STA   Earryl            ; save array mem end low byte
00CFA0  2  84 80              STY   Earryh            ; save array mem end high byte
00CFA2  2  A9 00              LDA   #$00              ; clear byte for array clear
00CFA4  2  E6 BB              INC   Aspth             ; increment array size high byte (now block count)
00CFA6  2  A4 BA              LDY   Asptl             ; get array size low byte (now index to block)
00CFA8  2  F0 05              BEQ   LAB_1F07          ; branch if low byte = $00
00CFAA  2               
00CFAA  2               LAB_1F02
00CFAA  2  88                 DEY                     ; decrement index (do 0 to n-1)
00CFAB  2  91 A4              STA   (Adatal),Y        ; zero byte
00CFAD  2  D0 FB              BNE   LAB_1F02          ; loop until this block done
00CFAF  2               
00CFAF  2               LAB_1F07
00CFAF  2  C6 A5              DEC   Adatah            ; decrement array pointer high byte
00CFB1  2  C6 BB              DEC   Aspth             ; decrement block count high byte
00CFB3  2  D0 F5              BNE   LAB_1F02          ; loop until all blocks done
00CFB5  2               
00CFB5  2  E6 A5              INC   Adatah            ; correct for last loop
00CFB7  2  38                 SEC                     ; set carry for subtract
00CFB8  2  A0 02              LDY   #$02              ; index to array size low byte
00CFBA  2  A5 7F              LDA   Earryl            ; get array mem end low byte
00CFBC  2  E5 AA              SBC   Astrtl            ; subtract array start low byte
00CFBE  2  91 AA              STA   (Astrtl),Y        ; save array size low byte
00CFC0  2  C8                 INY                     ; index to array size high byte
00CFC1  2  A5 80              LDA   Earryh            ; get array mem end high byte
00CFC3  2  E5 AB              SBC   Astrth            ; subtract array start high byte
00CFC5  2  91 AA              STA   (Astrtl),Y        ; save array size high byte
00CFC7  2  A5 5E              LDA   Defdim            ; get default DIM flag
00CFC9  2  D0 53              BNE   LAB_1F7B          ; exit (RET) if this was a DIM command
00CFCB  2               
00CFCB  2                                             ; else, find element
00CFCB  2  C8                 INY                     ; index to # of dimensions
00CFCC  2               
00CFCC  2               LAB_1F24
00CFCC  2  B1 AA              LDA   (Astrtl),Y        ; get array's dimension count
00CFCE  2  85 5D              STA   Dimcnt            ; save it
00CFD0  2               
00CFD0  2               ; we have found, or built, the array. now we need to find the element
00CFD0  2               
00CFD0  2               LAB_1F28
00CFD0  2  A9 00              LDA   #$00              ; clear byte
00CFD2  2  85 BA              STA   Asptl             ; clear array data pointer low byte
00CFD4  2               LAB_1F2C
00CFD4  2  85 BB              STA   Aspth             ; save array data pointer high byte
00CFD6  2  C8                 INY                     ; increment index (point to array bound high byte)
00CFD7  2  68                 PLA                     ; pull array index low byte
00CFD8  2  AA                 TAX                     ; copy to X
00CFD9  2  85 AE              STA   FAC1_2            ; save index low byte to FAC1 mantissa2
00CFDB  2  68                 PLA                     ; pull array index high byte
00CFDC  2  85 AF              STA   FAC1_3            ; save index high byte to FAC1 mantissa3
00CFDE  2  D1 AA              CMP   (Astrtl),Y        ; compare with array bound high byte
00CFE0  2  90 0E              BCC   LAB_1F48          ; branch if within bounds
00CFE2  2               
00CFE2  2  D0 06              BNE   LAB_1F42          ; if outside bounds do array bounds error
00CFE4  2               
00CFE4  2                                             ; else high byte was = so test low bytes
00CFE4  2  C8                 INY                     ; index to array bound low byte
00CFE5  2  8A                 TXA                     ; get array index low byte
00CFE6  2  D1 AA              CMP   (Astrtl),Y        ; compare with array bound low byte
00CFE8  2  90 07              BCC   LAB_1F49          ; branch if within bounds
00CFEA  2               
00CFEA  2               LAB_1F42
00CFEA  2  4C 31 CF           JMP   LAB_1E85          ; else do array bounds error
00CFED  2               
00CFED  2               LAB_1F45
00CFED  2  4C 3A C1           JMP   LAB_OMER          ; do "Out of memory" error then warm start
00CFF0  2               
00CFF0  2               LAB_1F48
00CFF0  2  C8                 INY                     ; index to array bound low byte
00CFF1  2               LAB_1F49
00CFF1  2  A5 BB              LDA   Aspth             ; get array data pointer high byte
00CFF3  2  05 BA              ORA   Asptl             ; OR with array data pointer low byte
00CFF5  2  F0 0A              BEQ   LAB_1F5A          ; branch if array data pointer = null (skip multiply)
00CFF7  2               
00CFF7  2  20 1F D0           JSR   LAB_1F7C          ; does XY = (Astrtl),Y * (Asptl)
00CFFA  2  8A                 TXA                     ; get result low byte
00CFFB  2  65 AE              ADC   FAC1_2            ; add index low byte from FAC1 mantissa2
00CFFD  2  AA                 TAX                     ; save result low byte
00CFFE  2  98                 TYA                     ; get result high byte
00CFFF  2  A4 71              LDY   ut1_pl            ; restore index
00D001  2               LAB_1F5A
00D001  2  65 AF              ADC   FAC1_3            ; add index high byte from FAC1 mantissa3
00D003  2  86 BA              STX   Asptl             ; save array data pointer low byte
00D005  2  C6 5D              DEC   Dimcnt            ; decrement dimensions count
00D007  2  D0 CB              BNE   LAB_1F2C          ; loop if dimensions still to do
00D009  2               
00D009  2  06 BA              ASL   Asptl             ; array data pointer low byte * 2
00D00B  2  2A                 ROL                     ; array data pointer high byte * 2
00D00C  2  06 BA              ASL   Asptl             ; array data pointer low byte * 4
00D00E  2  2A                 ROL                     ; array data pointer high byte * 4
00D00F  2  A8                 TAY                     ; copy high byte
00D010  2  A5 BA              LDA   Asptl             ; get low byte
00D012  2  65 A4              ADC   Adatal            ; add array data start pointer low byte
00D014  2  85 95              STA   Cvaral            ; save as current var address low byte
00D016  2  98                 TYA                     ; get high byte back
00D017  2  65 A5              ADC   Adatah            ; add array data start pointer high byte
00D019  2  85 96              STA   Cvarah            ; save as current var address high byte
00D01B  2  A8                 TAY                     ; copy high byte to Y
00D01C  2  A5 95              LDA   Cvaral            ; get current var address low byte
00D01E  2               LAB_1F7B
00D01E  2  60                 RTS
00D01F  2               
00D01F  2               ; does XY = (Astrtl),Y * (Asptl)
00D01F  2               
00D01F  2               LAB_1F7C
00D01F  2  84 71              STY   ut1_pl            ; save index
00D021  2  B1 AA              LDA   (Astrtl),Y        ; get dimension size low byte
00D023  2  85 76              STA   dims_l            ; save dimension size low byte
00D025  2  88                 DEY                     ; decrement index
00D026  2  B1 AA              LDA   (Astrtl),Y        ; get dimension size high byte
00D028  2  85 77              STA   dims_h            ; save dimension size high byte
00D02A  2               
00D02A  2  A9 10              LDA   #$10              ; count = $10 (16 bit multiply)
00D02C  2  85 A8              STA   numbit            ; save bit count
00D02E  2  A2 00              LDX   #$00              ; clear result low byte
00D030  2  A0 00              LDY   #$00              ; clear result high byte
00D032  2               LAB_1F8F
00D032  2  8A                 TXA                     ; get result low byte
00D033  2  0A                 ASL                     ; *2
00D034  2  AA                 TAX                     ; save result low byte
00D035  2  98                 TYA                     ; get result high byte
00D036  2  2A                 ROL                     ; *2
00D037  2  A8                 TAY                     ; save result high byte
00D038  2  B0 B3              BCS   LAB_1F45          ; if overflow go do "Out of memory" error
00D03A  2               
00D03A  2  06 BA              ASL   Asptl             ; shift multiplier low byte
00D03C  2  26 BB              ROL   Aspth             ; shift multiplier high byte
00D03E  2  90 0B              BCC   LAB_1FA8          ; skip add if no carry
00D040  2               
00D040  2  18                 CLC                     ; else clear carry for add
00D041  2  8A                 TXA                     ; get result low byte
00D042  2  65 76              ADC   dims_l            ; add dimension size low byte
00D044  2  AA                 TAX                     ; save result low byte
00D045  2  98                 TYA                     ; get result high byte
00D046  2  65 77              ADC   dims_h            ; add dimension size high byte
00D048  2  A8                 TAY                     ; save result high byte
00D049  2  B0 A2              BCS   LAB_1F45          ; if overflow go do "Out of memory" error
00D04B  2               
00D04B  2               LAB_1FA8
00D04B  2  C6 A8              DEC   numbit            ; decrement bit count
00D04D  2  D0 E3              BNE   LAB_1F8F          ; loop until all done
00D04F  2               
00D04F  2  60                 RTS
00D050  2               
00D050  2               ; perform FRE()
00D050  2               
00D050  2               LAB_FRE
00D050  2  A5 5F              LDA   Dtypef            ; get data type flag, $FF=string, $00=numeric
00D052  2  10 03              BPL   LAB_1FB4          ; branch if numeric
00D054  2               
00D054  2  20 4F D3           JSR   LAB_22B6          ; pop string off descriptor stack, or from top of string
00D057  2                                             ; space returns with A = length, X=$71=pointer low byte,
00D057  2                                             ; Y=$72=pointer high byte
00D057  2               
00D057  2                                             ; FRE(n) was numeric so do this
00D057  2               LAB_1FB4
00D057  2  20 EC D1           JSR   LAB_GARB          ; go do garbage collection
00D05A  2  38                 SEC                     ; set carry for subtract
00D05B  2  A5 81              LDA   Sstorl            ; get bottom of string space low byte
00D05D  2  E5 7F              SBC   Earryl            ; subtract array mem end low byte
00D05F  2  A8                 TAY                     ; copy result to Y
00D060  2  A5 82              LDA   Sstorh            ; get bottom of string space high byte
00D062  2  E5 80              SBC   Earryh            ; subtract array mem end high byte
00D064  2               
00D064  2               ; save and convert integer AY to FAC1
00D064  2               
00D064  2               LAB_AYFC
00D064  2  46 5F              LSR   Dtypef            ; clear data type flag, $FF=string, $00=numeric
00D066  2  85 AD              STA   FAC1_1            ; save FAC1 mantissa1
00D068  2  84 AE              STY   FAC1_2            ; save FAC1 mantissa2
00D06A  2  A2 90              LDX   #$90              ; set exponent=2^16 (integer)
00D06C  2  4C 0C D9           JMP   LAB_27E3          ; set exp=X, clear FAC1_3, normalise and return
00D06F  2               
00D06F  2               ; perform POS()
00D06F  2               
00D06F  2               LAB_POS
00D06F  2  A4 0E              LDY   TPos              ; get terminal position
00D071  2               
00D071  2               ; convert Y to byte in FAC1
00D071  2               
00D071  2               LAB_1FD0
00D071  2  A9 00              LDA   #$00              ; clear high byte
00D073  2  F0 EF              BEQ   LAB_AYFC          ; always save and convert integer AY to FAC1 and return
00D075  2               
00D075  2               ; check not Direct (used by DEF and INPUT)
00D075  2               
00D075  2               LAB_CKRN
00D075  2  A6 88              LDX   Clineh            ; get current line high byte
00D077  2  E8                 INX                     ; increment it
00D078  2  D0 A4              BNE   LAB_1F7B          ; return if can continue not direct mode
00D07A  2               
00D07A  2                                             ; else do illegal direct error
00D07A  2               LAB_1FD9
00D07A  2  A2 16              LDX   #$16              ; error code $16 ("Illegal direct" error)
00D07C  2               LAB_1FDB
00D07C  2  4C 3C C1           JMP   LAB_XERR          ; go do error #X, then warm start
00D07F  2               
00D07F  2               ; perform DEF
00D07F  2               
00D07F  2               LAB_DEF
00D07F  2  20 B0 D0           JSR   LAB_200B          ; check FNx syntax
00D082  2  85 9C              STA   func_l            ; save function pointer low byte
00D084  2  84 9D              STY   func_h            ; save function pointer high byte
00D086  2  20 75 D0           JSR   LAB_CKRN          ; check not Direct (back here if ok)
00D089  2  20 F7 CB           JSR   LAB_1BFE          ; scan for "(" , else do syntax error then warm start
00D08C  2  A9 80              LDA   #$80              ; set flag for FNx
00D08E  2  85 61              STA   Sufnxf            ; save subscript/FNx flag
00D090  2  20 B5 CD           JSR   LAB_GVAR          ; get (var) address
00D093  2  20 CD CA           JSR   LAB_CTNM          ; check if source is numeric, else do type mismatch
00D096  2  20 EC CB           JSR   LAB_1BFB          ; scan for ")" , else do syntax error then warm start
00D099  2  A9 C3              LDA   #TK_EQUAL         ; get = token
00D09B  2  20 EE CB           JSR   LAB_SCCA          ; scan for CHR$(A), else do syntax error then warm start
00D09E  2  A5 96              LDA   Cvarah            ; get current var address high byte
00D0A0  2  48                 PHA                     ; push it
00D0A1  2  A5 95              LDA   Cvaral            ; get current var address low byte
00D0A3  2  48                 PHA                     ; push it
00D0A4  2  A5 C4              LDA   Bpntrh            ; get BASIC execute pointer high byte
00D0A6  2  48                 PHA                     ; push it
00D0A7  2  A5 C3              LDA   Bpntrl            ; get BASIC execute pointer low byte
00D0A9  2  48                 PHA                     ; push it
00D0AA  2  20 87 C6           JSR   LAB_DATA          ; go perform DATA
00D0AD  2  4C 1F D1           JMP   LAB_207A          ; put execute pointer and variable pointer into function
00D0B0  2                                             ; and return
00D0B0  2               
00D0B0  2               ; check FNx syntax
00D0B0  2               
00D0B0  2               LAB_200B
00D0B0  2  A9 B0              LDA   #TK_FN            ; get FN" token
00D0B2  2  20 EE CB           JSR   LAB_SCCA          ; scan for CHR$(A) , else do syntax error then warm start
00D0B5  2                                             ; return character after A
00D0B5  2  09 80              ORA   #$80              ; set FN flag bit
00D0B7  2  85 61              STA   Sufnxf            ; save FN flag so array variable test fails
00D0B9  2  20 BC CD           JSR   LAB_1D12          ; search for FN variable
00D0BC  2  4C CD CA           JMP   LAB_CTNM          ; check if source is numeric and return, else do type
00D0BF  2                                             ; mismatch
00D0BF  2               
00D0BF  2                                             ; Evaluate FNx
00D0BF  2               LAB_201E
00D0BF  2  20 B0 D0           JSR   LAB_200B          ; check FNx syntax
00D0C2  2  48                 PHA                     ; push function pointer low byte
00D0C3  2  98                 TYA                     ; copy function pointer high byte
00D0C4  2  48                 PHA                     ; push function pointer high byte
00D0C5  2  20 F7 CB           JSR   LAB_1BFE          ; scan for "(", else do syntax error then warm start
00D0C8  2  20 DE CA           JSR   LAB_EVEX          ; evaluate expression
00D0CB  2  20 EC CB           JSR   LAB_1BFB          ; scan for ")", else do syntax error then warm start
00D0CE  2  20 CD CA           JSR   LAB_CTNM          ; check if source is numeric, else do type mismatch
00D0D1  2  68                 PLA                     ; pop function pointer high byte
00D0D2  2  85 9D              STA   func_h            ; restore it
00D0D4  2  68                 PLA                     ; pop function pointer low byte
00D0D5  2  85 9C              STA   func_l            ; restore it
00D0D7  2  A2 20              LDX   #$20              ; error code $20 ("Undefined function" error)
00D0D9  2  A0 03              LDY   #$03              ; index to variable pointer high byte
00D0DB  2  B1 9C              LDA   (func_l),Y        ; get variable pointer high byte
00D0DD  2  F0 9D              BEQ   LAB_1FDB          ; if zero go do undefined function error
00D0DF  2               
00D0DF  2  85 96              STA   Cvarah            ; save variable address high byte
00D0E1  2  88                 DEY                     ; index to variable address low byte
00D0E2  2  B1 9C              LDA   (func_l),Y        ; get variable address low byte
00D0E4  2  85 95              STA   Cvaral            ; save variable address low byte
00D0E6  2  AA                 TAX                     ; copy address low byte
00D0E7  2               
00D0E7  2                                             ; now stack the function variable value before use
00D0E7  2  C8                 INY                     ; index to mantissa_3
00D0E8  2               LAB_2043
00D0E8  2  B1 95              LDA   (Cvaral),Y        ; get byte from variable
00D0EA  2  48                 PHA                     ; stack it
00D0EB  2  88                 DEY                     ; decrement index
00D0EC  2  10 FA              BPL   LAB_2043          ; loop until variable stacked
00D0EE  2               
00D0EE  2  A4 96              LDY   Cvarah            ; get variable address high byte
00D0F0  2  20 B1 D8           JSR   LAB_2778          ; pack FAC1 (function expression value) into (XY)
00D0F3  2                                             ; (function variable), return Y=0, always
00D0F3  2  A5 C4              LDA   Bpntrh            ; get BASIC execute pointer high byte
00D0F5  2  48                 PHA                     ; push it
00D0F6  2  A5 C3              LDA   Bpntrl            ; get BASIC execute pointer low byte
00D0F8  2  48                 PHA                     ; push it
00D0F9  2  B1 9C              LDA   (func_l),Y        ; get function execute pointer low byte
00D0FB  2  85 C3              STA   Bpntrl            ; save as BASIC execute pointer low byte
00D0FD  2  C8                 INY                     ; index to high byte
00D0FE  2  B1 9C              LDA   (func_l),Y        ; get function execute pointer high byte
00D100  2  85 C4              STA   Bpntrh            ; save as BASIC execute pointer high byte
00D102  2  A5 96              LDA   Cvarah            ; get variable address high byte
00D104  2  48                 PHA                     ; push it
00D105  2  A5 95              LDA   Cvaral            ; get variable address low byte
00D107  2  48                 PHA                     ; push it
00D108  2  20 CA CA           JSR   LAB_EVNM          ; evaluate expression and check is numeric,
00D10B  2                                             ; else do type mismatch
00D10B  2  68                 PLA                     ; pull variable address low byte
00D10C  2  85 9C              STA   func_l            ; save variable address low byte
00D10E  2  68                 PLA                     ; pull variable address high byte
00D10F  2  85 9D              STA   func_h            ; save variable address high byte
00D111  2  20 C2 00           JSR   LAB_GBYT          ; scan memory
00D114  2  F0 03              BEQ   LAB_2074          ; branch if null (should be [EOL] marker)
00D116  2               
00D116  2  4C FF CB           JMP   LAB_SNER          ; else syntax error then warm start
00D119  2               
00D119  2               ; restore Bpntrl,Bpntrh and function variable from stack
00D119  2               
00D119  2               LAB_2074
00D119  2  68                 PLA                     ; pull BASIC execute pointer low byte
00D11A  2  85 C3              STA   Bpntrl            ; restore BASIC execute pointer low byte
00D11C  2  68                 PLA                     ; pull BASIC execute pointer high byte
00D11D  2  85 C4              STA   Bpntrh            ; restore BASIC execute pointer high byte
00D11F  2               
00D11F  2               ; put execute pointer and variable pointer into function
00D11F  2               
00D11F  2               LAB_207A
00D11F  2  A0 00              LDY   #$00              ; clear index
00D121  2  68                 PLA                     ; pull BASIC execute pointer low byte
00D122  2  91 9C              STA   (func_l),Y        ; save to function
00D124  2  C8                 INY                     ; increment index
00D125  2  68                 PLA                     ; pull BASIC execute pointer high byte
00D126  2  91 9C              STA   (func_l),Y        ; save to function
00D128  2  C8                 INY                     ; increment index
00D129  2  68                 PLA                     ; pull current var address low byte
00D12A  2  91 9C              STA   (func_l),Y        ; save to function
00D12C  2  C8                 INY                     ; increment index
00D12D  2  68                 PLA                     ; pull current var address high byte
00D12E  2  91 9C              STA   (func_l),Y        ; save to function
00D130  2  60                 RTS
00D131  2               
00D131  2               ; perform STR$()
00D131  2               
00D131  2               LAB_STRS
00D131  2  20 CD CA           JSR   LAB_CTNM          ; check if source is numeric, else do type mismatch
00D134  2  20 9F DA           JSR   LAB_296E          ; convert FAC1 to string
00D137  2  A9 F0              LDA   #<Decssp1         ; set result string low pointer
00D139  2  A0 00              LDY   #>Decssp1         ; set result string high pointer
00D13B  2  F0 12              BEQ   LAB_20AE          ; print null terminated string to Sutill/Sutilh
00D13D  2               
00D13D  2               ; Do string vector
00D13D  2               ; copy des_pl/h to des_2l/h and make string space A bytes long
00D13D  2               
00D13D  2               LAB_209C
00D13D  2  A6 AE              LDX   des_pl            ; get descriptor pointer low byte
00D13F  2  A4 AF              LDY   des_ph            ; get descriptor pointer high byte
00D141  2  86 9E              STX   des_2l            ; save descriptor pointer low byte
00D143  2  84 9F              STY   des_2h            ; save descriptor pointer high byte
00D145  2               
00D145  2               ; make string space A bytes long
00D145  2               ; A=length, X=Sutill=ptr low byte, Y=Sutilh=ptr high byte
00D145  2               
00D145  2               LAB_MSSP
00D145  2  20 BA D1           JSR   LAB_2115          ; make space in string memory for string A long
00D148  2                                             ; return X=Sutill=ptr low byte, Y=Sutilh=ptr high byte
00D148  2  86 AD              STX   str_pl            ; save string pointer low byte
00D14A  2  84 AE              STY   str_ph            ; save string pointer high byte
00D14C  2  85 AC              STA   str_ln            ; save length
00D14E  2  60                 RTS
00D14F  2               
00D14F  2               ; Scan, set up string
00D14F  2               ; print " terminated string to Sutill/Sutilh
00D14F  2               
00D14F  2               LAB_20AE
00D14F  2  A2 22              LDX   #$22              ; set terminator to "
00D151  2  86 5B              STX   Srchc             ; set search character (terminator 1)
00D153  2  86 5C              STX   Asrch             ; set terminator 2
00D155  2               
00D155  2               ; print [Srchc] or [Asrch] terminated string to Sutill/Sutilh
00D155  2               ; source is AY
00D155  2               
00D155  2               LAB_20B4
00D155  2  85 B8              STA   ssptr_l           ; store string start low byte
00D157  2  84 B9              STY   ssptr_h           ; store string start high byte
00D159  2  85 AD              STA   str_pl            ; save string pointer low byte
00D15B  2  84 AE              STY   str_ph            ; save string pointer high byte
00D15D  2  A0 FF              LDY   #$FF              ; set length to -1
00D15F  2               LAB_20BE
00D15F  2  C8                 INY                     ; increment length
00D160  2  B1 B8              LDA   (ssptr_l),Y       ; get byte from string
00D162  2  F0 0C              BEQ   LAB_20CF          ; exit loop if null byte [EOS]
00D164  2               
00D164  2  C5 5B              CMP   Srchc             ; compare with search character (terminator 1)
00D166  2  F0 04              BEQ   LAB_20CB          ; branch if terminator
00D168  2               
00D168  2  C5 5C              CMP   Asrch             ; compare with terminator 2
00D16A  2  D0 F3              BNE   LAB_20BE          ; loop if not terminator 2
00D16C  2               
00D16C  2               LAB_20CB
00D16C  2  C9 22              CMP   #$22              ; compare with "
00D16E  2  F0 01              BEQ   LAB_20D0          ; branch if " (carry set if = !)
00D170  2               
00D170  2               LAB_20CF
00D170  2  18                 CLC                     ; clear carry for add (only if [EOL] terminated string)
00D171  2               LAB_20D0
00D171  2  84 AC              STY   str_ln            ; save length in FAC1 exponent
00D173  2  98                 TYA                     ; copy length to A
00D174  2  65 B8              ADC   ssptr_l           ; add string start low byte
00D176  2  85 BA              STA   Sendl             ; save string end low byte
00D178  2  A6 B9              LDX   ssptr_h           ; get string start high byte
00D17A  2  90 01              BCC   LAB_20DC          ; branch if no low byte overflow
00D17C  2               
00D17C  2  E8                 INX                     ; else increment high byte
00D17D  2               LAB_20DC
00D17D  2  86 BB              STX   Sendh             ; save string end high byte
00D17F  2  A5 B9              LDA   ssptr_h           ; get string start high byte
00D181  2               ; *** begin RAM above code / Ibuff above EhBASIC patch V2 ***
00D181  2               ; *** replace
00D181  2               ;      CMP   #>Ram_base        ; compare with start of program memory
00D181  2               ;      BCS   LAB_RTST          ; branch if not in utility area
00D181  2               ; *** with
00D181  2  F0 04              BEQ   LAB_MVST          ; fix STR$() using page zero via LAB_296E
00D183  2  C9 02              CMP   #>Ibuffs          ; compare with location of input buffer page
00D185  2  D0 0B              BNE   LAB_RTST          ; branch if not in utility area
00D187  2               LAB_MVST
00D187  2               ; *** end   RAM above code / Ibuff above EhBASIC patch V2 ***
00D187  2               
00D187  2                                             ; string in utility area, move to string memory
00D187  2  98                 TYA                     ; copy length to A
00D188  2  20 3D D1           JSR   LAB_209C          ; copy des_pl/h to des_2l/h and make string space A bytes
00D18B  2                                             ; long
00D18B  2  A6 B8              LDX   ssptr_l           ; get string start low byte
00D18D  2  A4 B9              LDY   ssptr_h           ; get string start high byte
00D18F  2  20 30 D3           JSR   LAB_2298          ; store string A bytes long from XY to (Sutill)
00D192  2               
00D192  2               ; check for space on descriptor stack then ..
00D192  2               ; put string address and length on descriptor stack and update stack pointers
00D192  2               
00D192  2               LAB_RTST
00D192  2  A6 65              LDX   next_s            ; get string stack pointer
00D194  2  E0 71              CPX   #des_sk+$09       ; compare with max+1
00D196  2  D0 05              BNE   LAB_20F8          ; branch if space on string stack
00D198  2               
00D198  2                                             ; else do string too complex error
00D198  2  A2 1C              LDX   #$1C              ; error code $1C ("String too complex" error)
00D19A  2               LAB_20F5
00D19A  2  4C 3C C1           JMP   LAB_XERR          ; do error #X, then warm start
00D19D  2               
00D19D  2               ; put string address and length on descriptor stack and update stack pointers
00D19D  2               
00D19D  2               LAB_20F8
00D19D  2  A5 AC              LDA   str_ln            ; get string length
00D19F  2  95 00              STA   PLUS_0,X          ; put on string stack
00D1A1  2  A5 AD              LDA   str_pl            ; get string pointer low byte
00D1A3  2  95 01              STA   PLUS_1,X          ; put on string stack
00D1A5  2  A5 AE              LDA   str_ph            ; get string pointer high byte
00D1A7  2  95 02              STA   PLUS_2,X          ; put on string stack
00D1A9  2  A0 00              LDY   #$00              ; clear Y
00D1AB  2  86 AE              STX   des_pl            ; save string descriptor pointer low byte
00D1AD  2  84 AF              STY   des_ph            ; save string descriptor pointer high byte (always $00)
00D1AF  2  88                 DEY                     ; Y = $FF
00D1B0  2  84 5F              STY   Dtypef            ; save data type flag, $FF=string
00D1B2  2  86 66              STX   last_sl           ; save old stack pointer (current top item)
00D1B4  2  E8                 INX                     ; update stack pointer
00D1B5  2  E8                 INX                     ; update stack pointer
00D1B6  2  E8                 INX                     ; update stack pointer
00D1B7  2  86 65              STX   next_s            ; save new top item value
00D1B9  2  60                 RTS
00D1BA  2               
00D1BA  2               ; Build descriptor
00D1BA  2               ; make space in string memory for string A long
00D1BA  2               ; return X=Sutill=ptr low byte, Y=Sutill=ptr high byte
00D1BA  2               
00D1BA  2               LAB_2115
00D1BA  2  46 60              LSR   Gclctd            ; clear garbage collected flag (b7)
00D1BC  2               
00D1BC  2                                             ; make space for string A long
00D1BC  2               LAB_2117
00D1BC  2  48                 PHA                     ; save string length
00D1BD  2  49 FF              EOR   #$FF              ; complement it
00D1BF  2  38                 SEC                     ; set carry for subtract (twos comp add)
00D1C0  2  65 81              ADC   Sstorl            ; add bottom of string space low byte (subtract length)
00D1C2  2  A4 82              LDY   Sstorh            ; get bottom of string space high byte
00D1C4  2  B0 01              BCS   LAB_2122          ; skip decrement if no underflow
00D1C6  2               
00D1C6  2  88                 DEY                     ; decrement bottom of string space high byte
00D1C7  2               LAB_2122
00D1C7  2  C4 80              CPY   Earryh            ; compare with array mem end high byte
00D1C9  2  90 11              BCC   LAB_2137          ; do out of memory error if less
00D1CB  2               
00D1CB  2  D0 04              BNE   LAB_212C          ; if not = skip next test
00D1CD  2               
00D1CD  2  C5 7F              CMP   Earryl            ; compare with array mem end low byte
00D1CF  2  90 0B              BCC   LAB_2137          ; do out of memory error if less
00D1D1  2               
00D1D1  2               LAB_212C
00D1D1  2  85 81              STA   Sstorl            ; save bottom of string space low byte
00D1D3  2  84 82              STY   Sstorh            ; save bottom of string space high byte
00D1D5  2  85 83              STA   Sutill            ; save string utility ptr low byte
00D1D7  2  84 84              STY   Sutilh            ; save string utility ptr high byte
00D1D9  2  AA                 TAX                     ; copy low byte to X
00D1DA  2  68                 PLA                     ; get string length back
00D1DB  2  60                 RTS
00D1DC  2               
00D1DC  2               LAB_2137
00D1DC  2  A2 0C              LDX   #$0C              ; error code $0C ("Out of memory" error)
00D1DE  2  A5 60              LDA   Gclctd            ; get garbage collected flag
00D1E0  2  30 B8              BMI   LAB_20F5          ; if set then do error code X
00D1E2  2               
00D1E2  2  20 EC D1           JSR   LAB_GARB          ; else go do garbage collection
00D1E5  2  A9 80              LDA   #$80              ; flag for garbage collected
00D1E7  2  85 60              STA   Gclctd            ; set garbage collected flag
00D1E9  2  68                 PLA                     ; pull length
00D1EA  2  D0 D0              BNE   LAB_2117          ; go try again (loop always, length should never be = $00)
00D1EC  2               
00D1EC  2               ; garbage collection routine
00D1EC  2               
00D1EC  2               LAB_GARB
00D1EC  2  A6 85              LDX   Ememl             ; get end of mem low byte
00D1EE  2  A5 86              LDA   Ememh             ; get end of mem high byte
00D1F0  2               
00D1F0  2               ; re-run routine from last ending
00D1F0  2               
00D1F0  2               LAB_214B
00D1F0  2  86 81              STX   Sstorl            ; set string storage low byte
00D1F2  2  85 82              STA   Sstorh            ; set string storage high byte
00D1F4  2  A0 00              LDY   #$00              ; clear index
00D1F6  2  84 9D              STY   garb_h            ; clear working pointer high byte (flag no strings to move)
00D1F8  2               ; *** begin patch  2.22p5.5  garbage collection may overlap temporary strings
00D1F8  2               ; *** add
00D1F8  2  84 9C              STY   garb_l            ; clear working pointer low byte (flag no strings to move)
00D1FA  2               ; *** begin patch  2.22p5.5  garbage collection may overlap temporary strings
00D1FA  2  A5 7F              LDA   Earryl            ; get array mem end low byte
00D1FC  2  A6 80              LDX   Earryh            ; get array mem end high byte
00D1FE  2  85 AA              STA   Histrl            ; save as highest string low byte
00D200  2  86 AB              STX   Histrh            ; save as highest string high byte
00D202  2  A9 68              LDA   #des_sk           ; set descriptor stack pointer
00D204  2  85 71              STA   ut1_pl            ; save descriptor stack pointer low byte
00D206  2  84 72              STY   ut1_ph            ; save descriptor stack pointer high byte ($00)
00D208  2               LAB_2161
00D208  2  C5 65              CMP   next_s            ; compare with descriptor stack pointer
00D20A  2  F0 05              BEQ   LAB_216A          ; branch if =
00D20C  2               
00D20C  2  20 72 D2           JSR   LAB_21D7          ; go garbage collect descriptor stack
00D20F  2  F0 F7              BEQ   LAB_2161          ; loop always
00D211  2               
00D211  2                                             ; done stacked strings, now do string vars
00D211  2               LAB_216A
00D211  2  06 A0              ASL   g_step            ; set step size = $06
00D213  2  A5 7B              LDA   Svarl             ; get start of vars low byte
00D215  2  A6 7C              LDX   Svarh             ; get start of vars high byte
00D217  2  85 71              STA   ut1_pl            ; save as pointer low byte
00D219  2  86 72              STX   ut1_ph            ; save as pointer high byte
00D21B  2               LAB_2176
00D21B  2  E4 7E              CPX   Sarryh            ; compare start of arrays high byte
00D21D  2  D0 04              BNE   LAB_217E          ; branch if no high byte match
00D21F  2               
00D21F  2  C5 7D              CMP   Sarryl            ; else compare start of arrays low byte
00D221  2  F0 05              BEQ   LAB_2183          ; branch if = var mem end
00D223  2               
00D223  2               LAB_217E
00D223  2  20 6C D2           JSR   LAB_21D1          ; go garbage collect strings
00D226  2  F0 F3              BEQ   LAB_2176          ; loop always
00D228  2               
00D228  2                                             ; done string vars, now do string arrays
00D228  2               LAB_2183
00D228  2  85 A4              STA   Nbendl            ; save start of arrays low byte as working pointer
00D22A  2  86 A5              STX   Nbendh            ; save start of arrays high byte as working pointer
00D22C  2  A9 04              LDA   #$04              ; set step size
00D22E  2  85 A0              STA   g_step            ; save step size
00D230  2               LAB_218B
00D230  2  A5 A4              LDA   Nbendl            ; get pointer low byte
00D232  2  A6 A5              LDX   Nbendh            ; get pointer high byte
00D234  2               LAB_218F
00D234  2  E4 80              CPX   Earryh            ; compare with array mem end high byte
00D236  2  D0 04              BNE   LAB_219A          ; branch if not at end
00D238  2               
00D238  2  C5 7F              CMP   Earryl            ; else compare with array mem end low byte
00D23A  2  F0 75              BEQ   LAB_2216          ; tidy up and exit if at end
00D23C  2               
00D23C  2               LAB_219A
00D23C  2  85 71              STA   ut1_pl            ; save pointer low byte
00D23E  2  86 72              STX   ut1_ph            ; save pointer high byte
00D240  2  A0 02              LDY   #$02              ; set index
00D242  2  B1 71              LDA   (ut1_pl),Y        ; get array size low byte
00D244  2  65 A4              ADC   Nbendl            ; add start of this array low byte
00D246  2  85 A4              STA   Nbendl            ; save start of next array low byte
00D248  2  C8                 INY                     ; increment index
00D249  2  B1 71              LDA   (ut1_pl),Y        ; get array size high byte
00D24B  2  65 A5              ADC   Nbendh            ; add start of this array high byte
00D24D  2  85 A5              STA   Nbendh            ; save start of next array high byte
00D24F  2  A0 01              LDY   #$01              ; set index
00D251  2  B1 71              LDA   (ut1_pl),Y        ; get name second byte
00D253  2  10 DB              BPL   LAB_218B          ; skip if not string array
00D255  2               
00D255  2               ; was string array so ..
00D255  2               
00D255  2  A0 04              LDY   #$04              ; set index
00D257  2  B1 71              LDA   (ut1_pl),Y        ; get # of dimensions
00D259  2  0A                 ASL                     ; *2
00D25A  2  69 05              ADC   #$05              ; +5 (array header size)
00D25C  2  20 A4 D2           JSR   LAB_2208          ; go set up for first element
00D25F  2               LAB_21C4
00D25F  2  E4 A5              CPX   Nbendh            ; compare with start of next array high byte
00D261  2  D0 04              BNE   LAB_21CC          ; branch if <> (go do this array)
00D263  2               
00D263  2  C5 A4              CMP   Nbendl            ; else compare element pointer low byte with next array
00D265  2                                             ; low byte
00D265  2  F0 CD              BEQ   LAB_218F          ; if equal then go do next array
00D267  2               
00D267  2               LAB_21CC
00D267  2  20 72 D2           JSR   LAB_21D7          ; go defrag array strings
00D26A  2  F0 F3              BEQ   LAB_21C4          ; go do next array string (loop always)
00D26C  2               
00D26C  2               ; defrag string variables
00D26C  2               ; enter with XA = variable pointer
00D26C  2               ; return with XA = next variable pointer
00D26C  2               
00D26C  2               LAB_21D1
00D26C  2  C8                 INY                     ; increment index (Y was $00)
00D26D  2  B1 71              LDA   (ut1_pl),Y        ; get var name byte 2
00D26F  2  10 30              BPL   LAB_2206          ; if not string, step pointer to next var and return
00D271  2               
00D271  2  C8                 INY                     ; else increment index
00D272  2               LAB_21D7
00D272  2  B1 71              LDA   (ut1_pl),Y        ; get string length
00D274  2  F0 2B              BEQ   LAB_2206          ; if null, step pointer to next string and return
00D276  2               
00D276  2  C8                 INY                     ; else increment index
00D277  2  B1 71              LDA   (ut1_pl),Y        ; get string pointer low byte
00D279  2  AA                 TAX                     ; copy to X
00D27A  2  C8                 INY                     ; increment index
00D27B  2  B1 71              LDA   (ut1_pl),Y        ; get string pointer high byte
00D27D  2  C5 82              CMP   Sstorh            ; compare bottom of string space high byte
00D27F  2  90 06              BCC   LAB_21EC          ; branch if less
00D281  2               
00D281  2  D0 1E              BNE   LAB_2206          ; if greater, step pointer to next string and return
00D283  2               
00D283  2                                             ; high bytes were = so compare low bytes
00D283  2  E4 81              CPX   Sstorl            ; compare bottom of string space low byte
00D285  2  B0 1A              BCS   LAB_2206          ; if >=, step pointer to next string and return
00D287  2               
00D287  2                                             ; string pointer is < string storage pointer (pos in mem)
00D287  2               LAB_21EC
00D287  2  C5 AB              CMP   Histrh            ; compare to highest string high byte
00D289  2  90 17              BCC   LAB_2207          ; if <, step pointer to next string and return
00D28B  2               
00D28B  2  D0 04              BNE   LAB_21F6          ; if > update pointers, step to next and return
00D28D  2               
00D28D  2                                             ; high bytes were = so compare low bytes
00D28D  2  E4 AA              CPX   Histrl            ; compare to highest string low byte
00D28F  2  90 11              BCC   LAB_2207          ; if <, step pointer to next string and return
00D291  2               
00D291  2                                             ; string is in string memory space
00D291  2               LAB_21F6
00D291  2  86 AA              STX   Histrl            ; save as new highest string low byte
00D293  2  85 AB              STA   Histrh            ; save as new highest string high byte
00D295  2  A5 71              LDA   ut1_pl            ; get start of vars(descriptors) low byte
00D297  2  A6 72              LDX   ut1_ph            ; get start of vars(descriptors) high byte
00D299  2  85 9C              STA   garb_l            ; save as working pointer low byte
00D29B  2  86 9D              STX   garb_h            ; save as working pointer high byte
00D29D  2  88                 DEY                     ; decrement index DIFFERS
00D29E  2  88                 DEY                     ; decrement index (should point to descriptor start)
00D29F  2  84 A2              STY   g_indx            ; save index pointer
00D2A1  2               
00D2A1  2                                             ; step pointer to next string
00D2A1  2               LAB_2206
00D2A1  2  18                 CLC                     ; clear carry for add
00D2A2  2               LAB_2207
00D2A2  2  A5 A0              LDA   g_step            ; get step size
00D2A4  2               LAB_2208
00D2A4  2  65 71              ADC   ut1_pl            ; add pointer low byte
00D2A6  2  85 71              STA   ut1_pl            ; save pointer low byte
00D2A8  2  90 02              BCC   LAB_2211          ; branch if no overflow
00D2AA  2               
00D2AA  2  E6 72              INC   ut1_ph            ; else increment high byte
00D2AC  2               LAB_2211
00D2AC  2  A6 72              LDX   ut1_ph            ; get pointer high byte
00D2AE  2  A0 00              LDY   #$00              ; clear Y
00D2B0  2  60                 RTS
00D2B1  2               
00D2B1  2               ; search complete, now either exit or set-up and move string
00D2B1  2               
00D2B1  2               LAB_2216
00D2B1  2  C6 A0              DEC   g_step            ; decrement step size (now $03 for descriptor stack)
00D2B3  2               ; *** begin patch  2.22p5.5  garbage collection may overlap temporary strings
00D2B3  2               ; *** replace
00D2B3  2               ;      LDX   garb_h            ; get string to move high byte
00D2B3  2               ; *** with
00D2B3  2  A5 9D              LDA   garb_h            ; any string to move?
00D2B5  2  05 9C              ORA   garb_l
00D2B7  2               ; *** end   patch  2.22p5.5  garbage collection may overlap temporary strings
00D2B7  2  F0 F3              BEQ   LAB_2211          ; exit if nothing to move
00D2B9  2               
00D2B9  2  A4 A2              LDY   g_indx            ; get index byte back (points to descriptor)
00D2BB  2  18                 CLC                     ; clear carry for add
00D2BC  2  B1 9C              LDA   (garb_l),Y        ; get string length
00D2BE  2  65 AA              ADC   Histrl            ; add highest string low byte
00D2C0  2  85 A6              STA   Obendl            ; save old block end low pointer
00D2C2  2  A5 AB              LDA   Histrh            ; get highest string high byte
00D2C4  2  69 00              ADC   #$00              ; add any carry
00D2C6  2  85 A7              STA   Obendh            ; save old block end high byte
00D2C8  2  A5 81              LDA   Sstorl            ; get bottom of string space low byte
00D2CA  2  A6 82              LDX   Sstorh            ; get bottom of string space high byte
00D2CC  2  85 A4              STA   Nbendl            ; save new block end low byte
00D2CE  2  86 A5              STX   Nbendh            ; save new block end high byte
00D2D0  2  20 C5 C0           JSR   LAB_11D6          ; open up space in memory, don't set array end
00D2D3  2  A4 A2              LDY   g_indx            ; get index byte
00D2D5  2  C8                 INY                     ; point to descriptor low byte
00D2D6  2  A5 A4              LDA   Nbendl            ; get string pointer low byte
00D2D8  2  91 9C              STA   (garb_l),Y        ; save new string pointer low byte
00D2DA  2  AA                 TAX                     ; copy string pointer low byte
00D2DB  2  E6 A5              INC   Nbendh            ; correct high byte (move sets high byte -1)
00D2DD  2  A5 A5              LDA   Nbendh            ; get new string pointer high byte
00D2DF  2  C8                 INY                     ; point to descriptor high byte
00D2E0  2  91 9C              STA   (garb_l),Y        ; save new string pointer high byte
00D2E2  2  4C F0 D1           JMP   LAB_214B          ; re-run routine from last ending
00D2E5  2                                             ; (but don't collect this string)
00D2E5  2               
00D2E5  2               ; concatenate
00D2E5  2               ; add strings, string 1 is in descriptor des_pl, string 2 is in line
00D2E5  2               
00D2E5  2               LAB_224D
00D2E5  2  A5 AF              LDA   des_ph            ; get descriptor pointer high byte
00D2E7  2  48                 PHA                     ; put on stack
00D2E8  2  A5 AE              LDA   des_pl            ; get descriptor pointer low byte
00D2EA  2  48                 PHA                     ; put on stack
00D2EB  2               ; *** begin patch  2.22p5.4  concatenate MINUS or NOT() crashes EhBASIC  ***
00D2EB  2               ; *** add extra label to verify originating function
00D2EB  2               LAB_224Da
00D2EB  2               ; *** end patch    2.22p5.4  concatenate MINUS or NOT() crashes EhBASIC  ***
00D2EB  2  20 CA CB           JSR   LAB_GVAL          ; get value from line
00D2EE  2  20 CF CA           JSR   LAB_CTST          ; check if source is string, else do type mismatch
00D2F1  2  68                 PLA                     ; get descriptor pointer low byte back
00D2F2  2  85 B8              STA   ssptr_l           ; set pointer low byte
00D2F4  2  68                 PLA                     ; get descriptor pointer high byte back
00D2F5  2  85 B9              STA   ssptr_h           ; set pointer high byte
00D2F7  2  A0 00              LDY   #$00              ; clear index
00D2F9  2  B1 B8              LDA   (ssptr_l),Y       ; get length_1 from descriptor
00D2FB  2  18                 CLC                     ; clear carry for add
00D2FC  2  71 AE              ADC   (des_pl),Y        ; add length_2
00D2FE  2  90 05              BCC   LAB_226D          ; branch if no overflow
00D300  2               
00D300  2  A2 1A              LDX   #$1A              ; else set error code $1A ("String too long" error)
00D302  2  4C 3C C1           JMP   LAB_XERR          ; do error #X, then warm start
00D305  2               
00D305  2               LAB_226D
00D305  2  20 3D D1           JSR   LAB_209C          ; copy des_pl/h to des_2l/h and make string space A bytes
00D308  2                                             ; long
00D308  2  20 22 D3           JSR   LAB_228A          ; copy string from descriptor (sdescr) to (Sutill)
00D30B  2  A5 9E              LDA   des_2l            ; get descriptor pointer low byte
00D30D  2  A4 9F              LDY   des_2h            ; get descriptor pointer high byte
00D30F  2  20 53 D3           JSR   LAB_22BA          ; pop (YA) descriptor off stack or from top of string space
00D312  2                                             ; returns with A = length, ut1_pl = pointer low byte,
00D312  2                                             ; ut1_ph = pointer high byte
00D312  2  20 34 D3           JSR   LAB_229C          ; store string A bytes long from (ut1_pl) to (Sutill)
00D315  2  A5 B8              LDA   ssptr_l           ;.set descriptor pointer low byte
00D317  2  A4 B9              LDY   ssptr_h           ;.set descriptor pointer high byte
00D319  2  20 53 D3           JSR   LAB_22BA          ; pop (YA) descriptor off stack or from top of string space
00D31C  2                                             ; returns with A = length, X=ut1_pl=pointer low byte,
00D31C  2                                             ; Y=ut1_ph=pointer high byte
00D31C  2  20 92 D1           JSR   LAB_RTST          ; check for space on descriptor stack then put string
00D31F  2                                             ; address and length on descriptor stack and update stack
00D31F  2                                             ; pointers
00D31F  2  4C F5 CA           JMP   LAB_1ADB          ;.continue evaluation
00D322  2               
00D322  2               ; copy string from descriptor (sdescr) to (Sutill)
00D322  2               
00D322  2               LAB_228A
00D322  2  A0 00              LDY   #$00              ; clear index
00D324  2  B1 B8              LDA   (sdescr),Y        ; get string length
00D326  2  48                 PHA                     ; save on stack
00D327  2  C8                 INY                     ; increment index
00D328  2  B1 B8              LDA   (sdescr),Y        ; get source string pointer low byte
00D32A  2  AA                 TAX                     ; copy to X
00D32B  2  C8                 INY                     ; increment index
00D32C  2  B1 B8              LDA   (sdescr),Y        ; get source string pointer high byte
00D32E  2  A8                 TAY                     ; copy to Y
00D32F  2  68                 PLA                     ; get length back
00D330  2               
00D330  2               ; store string A bytes long from YX to (Sutill)
00D330  2               
00D330  2               LAB_2298
00D330  2  86 71              STX   ut1_pl            ; save source string pointer low byte
00D332  2  84 72              STY   ut1_ph            ; save source string pointer high byte
00D334  2               
00D334  2               ; store string A bytes long from (ut1_pl) to (Sutill)
00D334  2               
00D334  2               LAB_229C
00D334  2  AA                 TAX                     ; copy length to index (don't count with Y)
00D335  2  F0 14              BEQ   LAB_22B2          ; branch if = $0 (null string) no need to add zero length
00D337  2               
00D337  2  A0 00              LDY   #$00              ; zero pointer (copy forward)
00D339  2               LAB_22A0
00D339  2  B1 71              LDA   (ut1_pl),Y        ; get source byte
00D33B  2  91 83              STA   (Sutill),Y        ; save destination byte
00D33D  2               
00D33D  2  C8                 INY                     ; increment index
00D33E  2  CA                 DEX                     ; decrement counter
00D33F  2  D0 F8              BNE   LAB_22A0          ; loop while <> 0
00D341  2               
00D341  2  98                 TYA                     ; restore length from Y
00D342  2               LAB_22A9
00D342  2  18                 CLC                     ; clear carry for add
00D343  2  65 83              ADC   Sutill            ; add string utility ptr low byte
00D345  2  85 83              STA   Sutill            ; save string utility ptr low byte
00D347  2  90 02              BCC   LAB_22B2          ; branch if no carry
00D349  2               
00D349  2  E6 84              INC   Sutilh            ; else increment string utility ptr high byte
00D34B  2               LAB_22B2
00D34B  2  60                 RTS
00D34C  2               
00D34C  2               ; evaluate string
00D34C  2               
00D34C  2               LAB_EVST
00D34C  2  20 CF CA           JSR   LAB_CTST          ; check if source is string, else do type mismatch
00D34F  2               
00D34F  2               ; pop string off descriptor stack, or from top of string space
00D34F  2               ; returns with A = length, X=pointer low byte, Y=pointer high byte
00D34F  2               
00D34F  2               LAB_22B6
00D34F  2  A5 AE              LDA   des_pl            ; get descriptor pointer low byte
00D351  2  A4 AF              LDY   des_ph            ; get descriptor pointer high byte
00D353  2               
00D353  2               ; pop (YA) descriptor off stack or from top of string space
00D353  2               ; returns with A = length, X=ut1_pl=pointer low byte, Y=ut1_ph=pointer high byte
00D353  2               
00D353  2               LAB_22BA
00D353  2  85 71              STA   ut1_pl            ; save descriptor pointer low byte
00D355  2  84 72              STY   ut1_ph            ; save descriptor pointer high byte
00D357  2  20 84 D3           JSR   LAB_22EB          ; clean descriptor stack, YA = pointer
00D35A  2  08                 PHP                     ; save status flags
00D35B  2  A0 00              LDY   #$00              ; clear index
00D35D  2  B1 71              LDA   (ut1_pl),Y        ; get length from string descriptor
00D35F  2  48                 PHA                     ; put on stack
00D360  2  C8                 INY                     ; increment index
00D361  2  B1 71              LDA   (ut1_pl),Y        ; get string pointer low byte from descriptor
00D363  2  AA                 TAX                     ; copy to X
00D364  2  C8                 INY                     ; increment index
00D365  2  B1 71              LDA   (ut1_pl),Y        ; get string pointer high byte from descriptor
00D367  2  A8                 TAY                     ; copy to Y
00D368  2  68                 PLA                     ; get string length back
00D369  2  28                 PLP                     ; restore status
00D36A  2  D0 13              BNE   LAB_22E6          ; branch if pointer <> last_sl,last_sh
00D36C  2               
00D36C  2  C4 82              CPY   Sstorh            ; compare bottom of string space high byte
00D36E  2  D0 0F              BNE   LAB_22E6          ; branch if <>
00D370  2               
00D370  2  E4 81              CPX   Sstorl            ; else compare bottom of string space low byte
00D372  2  D0 0B              BNE   LAB_22E6          ; branch if <>
00D374  2               
00D374  2  48                 PHA                     ; save string length
00D375  2  18                 CLC                     ; clear carry for add
00D376  2  65 81              ADC   Sstorl            ; add bottom of string space low byte
00D378  2  85 81              STA   Sstorl            ; save bottom of string space low byte
00D37A  2  90 02              BCC   LAB_22E5          ; skip increment if no overflow
00D37C  2               
00D37C  2  E6 82              INC   Sstorh            ; increment bottom of string space high byte
00D37E  2               LAB_22E5
00D37E  2  68                 PLA                     ; restore string length
00D37F  2               LAB_22E6
00D37F  2  86 71              STX   ut1_pl            ; save string pointer low byte
00D381  2  84 72              STY   ut1_ph            ; save string pointer high byte
00D383  2  60                 RTS
00D384  2               
00D384  2               ; clean descriptor stack, YA = pointer
00D384  2               ; checks if AY is on the descriptor stack, if so does a stack discard
00D384  2               
00D384  2               LAB_22EB
00D384  2  C4 67              CPY   last_sh           ; compare pointer high byte
00D386  2  D0 0C              BNE   LAB_22FB          ; exit if <>
00D388  2               
00D388  2  C5 66              CMP   last_sl           ; compare pointer low byte
00D38A  2  D0 08              BNE   LAB_22FB          ; exit if <>
00D38C  2               
00D38C  2  85 65              STA   next_s            ; save descriptor stack pointer
00D38E  2  E9 03              SBC   #$03              ; -3
00D390  2  85 66              STA   last_sl           ; save low byte -3
00D392  2  A0 00              LDY   #$00              ; clear high byte
00D394  2               LAB_22FB
00D394  2  60                 RTS
00D395  2               
00D395  2               ; perform CHR$()
00D395  2               
00D395  2               LAB_CHRS
00D395  2  20 A0 D4           JSR   LAB_EVBY          ; evaluate byte expression, result in X
00D398  2  8A                 TXA                     ; copy to A
00D399  2  48                 PHA                     ; save character
00D39A  2  A9 01              LDA   #$01              ; string is single byte
00D39C  2  20 45 D1           JSR   LAB_MSSP          ; make string space A bytes long A=$AC=length,
00D39F  2                                             ; X=$AD=Sutill=ptr low byte, Y=$AE=Sutilh=ptr high byte
00D39F  2  68                 PLA                     ; get character back
00D3A0  2  A0 00              LDY   #$00              ; clear index
00D3A2  2  91 AD              STA   (str_pl),Y        ; save byte in string (byte IS string!)
00D3A4  2  4C 92 D1           JMP   LAB_RTST          ; check for space on descriptor stack then put string
00D3A7  2                                             ; address and length on descriptor stack and update stack
00D3A7  2                                             ; pointers
00D3A7  2               
00D3A7  2               ; perform LEFT$()
00D3A7  2               
00D3A7  2               LAB_LEFT
00D3A7  2  48                 PHA                     ; push byte parameter
00D3A8  2  20 08 D4           JSR   LAB_236F          ; pull string data and byte parameter from stack
00D3AB  2                                             ; return pointer in des_2l/h, byte in A (and X), Y=0
00D3AB  2  D1 9E              CMP   (des_2l),Y        ; compare byte parameter with string length
00D3AD  2  98                 TYA                     ; clear A
00D3AE  2  F0 09              BEQ   LAB_2316          ; go do string copy (branch always)
00D3B0  2               
00D3B0  2               ; perform RIGHT$()
00D3B0  2               
00D3B0  2               LAB_RIGHT
00D3B0  2  48                 PHA                     ; push byte parameter
00D3B1  2  20 08 D4           JSR   LAB_236F          ; pull string data and byte parameter from stack
00D3B4  2                                             ; return pointer in des_2l/h, byte in A (and X), Y=0
00D3B4  2  18                 CLC                     ; clear carry for add-1
00D3B5  2  F1 9E              SBC   (des_2l),Y        ; subtract string length
00D3B7  2  49 FF              EOR   #$FF              ; invert it (A=LEN(expression$)-l)
00D3B9  2               
00D3B9  2               LAB_2316
00D3B9  2  90 04              BCC   LAB_231C          ; branch if string length > byte parameter
00D3BB  2               
00D3BB  2  B1 9E              LDA   (des_2l),Y        ; else make parameter = length
00D3BD  2  AA                 TAX                     ; copy to byte parameter copy
00D3BE  2  98                 TYA                     ; clear string start offset
00D3BF  2               LAB_231C
00D3BF  2  48                 PHA                     ; save string start offset
00D3C0  2               LAB_231D
00D3C0  2  8A                 TXA                     ; copy byte parameter (or string length if <)
00D3C1  2               LAB_231E
00D3C1  2  48                 PHA                     ; save string length
00D3C2  2  20 45 D1           JSR   LAB_MSSP          ; make string space A bytes long A=$AC=length,
00D3C5  2                                             ; X=$AD=Sutill=ptr low byte, Y=$AE=Sutilh=ptr high byte
00D3C5  2  A5 9E              LDA   des_2l            ; get descriptor pointer low byte
00D3C7  2  A4 9F              LDY   des_2h            ; get descriptor pointer high byte
00D3C9  2  20 53 D3           JSR   LAB_22BA          ; pop (YA) descriptor off stack or from top of string space
00D3CC  2                                             ; returns with A = length, X=ut1_pl=pointer low byte,
00D3CC  2                                             ; Y=ut1_ph=pointer high byte
00D3CC  2  68                 PLA                     ; get string length back
00D3CD  2  A8                 TAY                     ; copy length to Y
00D3CE  2  68                 PLA                     ; get string start offset back
00D3CF  2  18                 CLC                     ; clear carry for add
00D3D0  2  65 71              ADC   ut1_pl            ; add start offset to string start pointer low byte
00D3D2  2  85 71              STA   ut1_pl            ; save string start pointer low byte
00D3D4  2  90 02              BCC   LAB_2335          ; branch if no overflow
00D3D6  2               
00D3D6  2  E6 72              INC   ut1_ph            ; else increment string start pointer high byte
00D3D8  2               LAB_2335
00D3D8  2  98                 TYA                     ; copy length to A
00D3D9  2  20 34 D3           JSR   LAB_229C          ; store string A bytes long from (ut1_pl) to (Sutill)
00D3DC  2  4C 92 D1           JMP   LAB_RTST          ; check for space on descriptor stack then put string
00D3DF  2                                             ; address and length on descriptor stack and update stack
00D3DF  2                                             ; pointers
00D3DF  2               
00D3DF  2               ; perform MID$()
00D3DF  2               
00D3DF  2               LAB_MIDS
00D3DF  2  48                 PHA                     ; push byte parameter
00D3E0  2  A9 FF              LDA   #$FF              ; set default length = 255
00D3E2  2  85 AF              STA   mids_l            ; save default length
00D3E4  2  20 C2 00           JSR   LAB_GBYT          ; scan memory
00D3E7  2  C9 29              CMP   #')'              ; compare with ")"
00D3E9  2  F0 06              BEQ   LAB_2358          ; branch if = ")" (skip second byte get)
00D3EB  2               
00D3EB  2  20 FB CB           JSR   LAB_1C01          ; scan for "," , else do syntax error then warm start
00D3EE  2  20 9D D4           JSR   LAB_GTBY          ; get byte parameter (use copy in mids_l)
00D3F1  2               LAB_2358
00D3F1  2  20 08 D4           JSR   LAB_236F          ; pull string data and byte parameter from stack
00D3F4  2                                             ; return pointer in des_2l/h, byte in A (and X), Y=0
00D3F4  2  CA                 DEX                     ; decrement start index
00D3F5  2  8A                 TXA                     ; copy to A
00D3F6  2  48                 PHA                     ; save string start offset
00D3F7  2  18                 CLC                     ; clear carry for sub-1
00D3F8  2  A2 00              LDX   #$00              ; clear output string length
00D3FA  2  F1 9E              SBC   (des_2l),Y        ; subtract string length
00D3FC  2  B0 C2              BCS   LAB_231D          ; if start>string length go do null string
00D3FE  2               
00D3FE  2  49 FF              EOR   #$FF              ; complement -length
00D400  2  C5 AF              CMP   mids_l            ; compare byte parameter
00D402  2  90 BD              BCC   LAB_231E          ; if length>remaining string go do RIGHT$
00D404  2               
00D404  2  A5 AF              LDA   mids_l            ; get length byte
00D406  2  B0 B9              BCS   LAB_231E          ; go do string copy (branch always)
00D408  2               
00D408  2               ; pull string data and byte parameter from stack
00D408  2               ; return pointer in des_2l/h, byte in A (and X), Y=0
00D408  2               
00D408  2               LAB_236F
00D408  2  20 EC CB           JSR   LAB_1BFB          ; scan for ")" , else do syntax error then warm start
00D40B  2  68                 PLA                     ; pull return address low byte (return address)
00D40C  2  85 A2              STA   Fnxjpl            ; save functions jump vector low byte
00D40E  2  68                 PLA                     ; pull return address high byte (return address)
00D40F  2  85 A3              STA   Fnxjph            ; save functions jump vector high byte
00D411  2  68                 PLA                     ; pull byte parameter
00D412  2  AA                 TAX                     ; copy byte parameter to X
00D413  2  68                 PLA                     ; pull string pointer low byte
00D414  2  85 9E              STA   des_2l            ; save it
00D416  2  68                 PLA                     ; pull string pointer high byte
00D417  2  85 9F              STA   des_2h            ; save it
00D419  2  A0 00              LDY   #$00              ; clear index
00D41B  2  8A                 TXA                     ; copy byte parameter
00D41C  2  F0 79              BEQ   LAB_23A8          ; if null do function call error then warm start
00D41E  2               
00D41E  2  E6 A2              INC   Fnxjpl            ; increment function jump vector low byte
00D420  2                                             ; (JSR pushes return addr-1. this is all very nice
00D420  2                                             ; but will go tits up if either call is on a page
00D420  2                                             ; boundary!)
00D420  2  6C A2 00           JMP   (Fnxjpl)          ; in effect, RTS
00D423  2               
00D423  2               ; perform LCASE$()
00D423  2               
00D423  2               LAB_LCASE
00D423  2  20 4C D3           JSR   LAB_EVST          ; evaluate string
00D426  2  85 AC              STA   str_ln            ; set string length
00D428  2  A8                 TAY                     ; copy length to Y
00D429  2  F0 38              BEQ   NoString          ; branch if null string
00D42B  2               
00D42B  2  20 45 D1           JSR   LAB_MSSP          ; make string space A bytes long A=length,
00D42E  2                                             ; X=Sutill=ptr low byte, Y=Sutilh=ptr high byte
00D42E  2  86 AD              STX   str_pl            ; save string pointer low byte
00D430  2  84 AE              STY   str_ph            ; save string pointer high byte
00D432  2  A8                 TAY                     ; get string length back
00D433  2               
00D433  2               LC_loop
00D433  2  88                 DEY                     ; decrement index
00D434  2  B1 71              LDA   (ut1_pl),Y        ; get byte from string
00D436  2  20 2D CE           JSR   LAB_1D82          ; is character "A" to "Z"
00D439  2  90 02              BCC   NoUcase           ; branch if not upper case alpha
00D43B  2               
00D43B  2  09 20              ORA   #$20              ; convert upper to lower case
00D43D  2               NoUcase
00D43D  2  91 83              STA   (Sutill),Y        ; save byte back to string
00D43F  2  98                 TYA                     ; test index
00D440  2  D0 F1              BNE   LC_loop           ; loop if not all done
00D442  2               
00D442  2  F0 1F              BEQ   NoString          ; tidy up and exit, branch always
00D444  2               
00D444  2               ; perform UCASE$()
00D444  2               
00D444  2               LAB_UCASE
00D444  2  20 4C D3           JSR   LAB_EVST          ; evaluate string
00D447  2  85 AC              STA   str_ln            ; set string length
00D449  2  A8                 TAY                     ; copy length to Y
00D44A  2  F0 17              BEQ   NoString          ; branch if null string
00D44C  2               
00D44C  2  20 45 D1           JSR   LAB_MSSP          ; make string space A bytes long A=length,
00D44F  2                                             ; X=Sutill=ptr low byte, Y=Sutilh=ptr high byte
00D44F  2  86 AD              STX   str_pl            ; save string pointer low byte
00D451  2  84 AE              STY   str_ph            ; save string pointer high byte
00D453  2  A8                 TAY                     ; get string length back
00D454  2               
00D454  2               UC_loop
00D454  2  88                 DEY                     ; decrement index
00D455  2  B1 71              LDA   (ut1_pl),Y        ; get byte from string
00D457  2  20 29 CE           JSR   LAB_CASC          ; is character "a" to "z" (or "A" to "Z")
00D45A  2  90 02              BCC   NoLcase           ; branch if not alpha
00D45C  2               
00D45C  2  29 DF              AND   #$DF              ; convert lower to upper case
00D45E  2               NoLcase
00D45E  2  91 83              STA   (Sutill),Y        ; save byte back to string
00D460  2  98                 TYA                     ; test index
00D461  2  D0 F1              BNE   UC_loop           ; loop if not all done
00D463  2               
00D463  2               NoString
00D463  2  4C 92 D1           JMP   LAB_RTST          ; check for space on descriptor stack then put string
00D466  2                                             ; address and length on descriptor stack and update stack
00D466  2                                             ; pointers
00D466  2               
00D466  2               ; perform SADD()
00D466  2               
00D466  2               LAB_SADD
00D466  2  20 BC 00           JSR   LAB_IGBY          ; increment and scan memory
00D469  2  20 B5 CD           JSR   LAB_GVAR          ; get var address
00D46C  2               
00D46C  2  20 EC CB           JSR   LAB_1BFB          ; scan for ")", else do syntax error then warm start
00D46F  2  20 CF CA           JSR   LAB_CTST          ; check if source is string, else do type mismatch
00D472  2               
00D472  2  A0 02              LDY   #$02              ; index to string pointer high byte
00D474  2  B1 95              LDA   (Cvaral),Y        ; get string pointer high byte
00D476  2  AA                 TAX                     ; copy string pointer high byte to X
00D477  2  88                 DEY                     ; index to string pointer low byte
00D478  2  B1 95              LDA   (Cvaral),Y        ; get string pointer low byte
00D47A  2  A8                 TAY                     ; copy string pointer low byte to Y
00D47B  2  8A                 TXA                     ; copy string pointer high byte to A
00D47C  2  4C 64 D0           JMP   LAB_AYFC          ; save and convert integer AY to FAC1 and return
00D47F  2               
00D47F  2               ; perform LEN()
00D47F  2               
00D47F  2               LAB_LENS
00D47F  2  20 85 D4           JSR   LAB_ESGL          ; evaluate string, get length in A (and Y)
00D482  2  4C 71 D0           JMP   LAB_1FD0          ; convert Y to byte in FAC1 and return
00D485  2               
00D485  2               ; evaluate string, get length in Y
00D485  2               
00D485  2               LAB_ESGL
00D485  2  20 4C D3           JSR   LAB_EVST          ; evaluate string
00D488  2  A8                 TAY                     ; copy length to Y
00D489  2  60                 RTS
00D48A  2               
00D48A  2               ; perform ASC()
00D48A  2               
00D48A  2               LAB_ASC
00D48A  2  20 85 D4           JSR   LAB_ESGL          ; evaluate string, get length in A (and Y)
00D48D  2  F0 08              BEQ   LAB_23A8          ; if null do function call error then warm start
00D48F  2               
00D48F  2  A0 00              LDY   #$00              ; set index to first character
00D491  2  B1 71              LDA   (ut1_pl),Y        ; get byte
00D493  2  A8                 TAY                     ; copy to Y
00D494  2  4C 71 D0           JMP   LAB_1FD0          ; convert Y to byte in FAC1 and return
00D497  2               
00D497  2               ; do function call error then warm start
00D497  2               
00D497  2               LAB_23A8
00D497  2  4C 34 CF           JMP   LAB_FCER          ; do function call error then warm start
00D49A  2               
00D49A  2               ; scan and get byte parameter
00D49A  2               
00D49A  2               LAB_SGBY
00D49A  2  20 BC 00           JSR   LAB_IGBY          ; increment and scan memory
00D49D  2               
00D49D  2               ; get byte parameter
00D49D  2               
00D49D  2               LAB_GTBY
00D49D  2  20 CA CA           JSR   LAB_EVNM          ; evaluate expression and check is numeric,
00D4A0  2                                             ; else do type mismatch
00D4A0  2               
00D4A0  2               ; evaluate byte expression, result in X
00D4A0  2               
00D4A0  2               LAB_EVBY
00D4A0  2  20 AD CE           JSR   LAB_EVPI          ; evaluate integer expression (no check)
00D4A3  2               
00D4A3  2  A4 AE              LDY   FAC1_2            ; get FAC1 mantissa2
00D4A5  2  D0 F0              BNE   LAB_23A8          ; if top byte <> 0 do function call error then warm start
00D4A7  2               
00D4A7  2  A6 AF              LDX   FAC1_3            ; get FAC1 mantissa3
00D4A9  2  4C C2 00           JMP   LAB_GBYT          ; scan memory and return
00D4AC  2               
00D4AC  2               ; perform VAL()
00D4AC  2               
00D4AC  2               LAB_VAL
00D4AC  2  20 85 D4           JSR   LAB_ESGL          ; evaluate string, get length in A (and Y)
00D4AF  2  D0 03              BNE   LAB_23C5          ; branch if not null string
00D4B1  2               
00D4B1  2                                             ; string was null so set result = $00
00D4B1  2  4C 5A D6           JMP   LAB_24F1          ; clear FAC1 exponent and sign and return
00D4B4  2               
00D4B4  2               LAB_23C5
00D4B4  2               ; *** begin patch  2.22p5.7  VAL() may cause string variables to be trashed
00D4B4  2               ; *** replace
00D4B4  2               ;      LDX   Bpntrl            ; get BASIC execute pointer low byte
00D4B4  2               ;      LDY   Bpntrh            ; get BASIC execute pointer high byte
00D4B4  2               ;      STX   Btmpl             ; save BASIC execute pointer low byte
00D4B4  2               ;      STY   Btmph             ; save BASIC execute pointer high byte
00D4B4  2               ;      LDX   ut1_pl            ; get string pointer low byte
00D4B4  2               ;      STX   Bpntrl            ; save as BASIC execute pointer low byte
00D4B4  2               ;      CLC                     ; clear carry
00D4B4  2               ;      ADC   ut1_pl            ; add string length
00D4B4  2               ;      STA   ut2_pl            ; save string end low byte
00D4B4  2               ;      LDA   ut1_ph            ; get string pointer high byte
00D4B4  2               ;      STA   Bpntrh            ; save as BASIC execute pointer high byte
00D4B4  2               ;      ADC   #$00              ; add carry to high byte
00D4B4  2               ;      STA   ut2_ph            ; save string end high byte
00D4B4  2               ;      LDY   #$00              ; set index to $00
00D4B4  2               ;      LDA   (ut2_pl),Y        ; get string end +1 byte
00D4B4  2               ;      PHA                     ; push it
00D4B4  2               ;      TYA                     ; clear A
00D4B4  2               ;      STA   (ut2_pl),Y        ; terminate string with $00
00D4B4  2               ;      JSR   LAB_GBYT          ; scan memory
00D4B4  2               ;      JSR   LAB_2887          ; get FAC1 from string
00D4B4  2               ;      PLA                     ; restore string end +1 byte
00D4B4  2               ;      LDY   #$00              ; set index to zero
00D4B4  2               ;      STA   (ut2_pl),Y        ; put string end byte back
00D4B4  2               ; *** with
00D4B4  2  48                 PHA                     ; save length
00D4B5  2  C8                 INY                     ; string length +1
00D4B6  2  98                 TYA
00D4B7  2  20 45 D1           JSR   LAB_MSSP          ; allocate temp string +1 bytes long
00D4BA  2  68                 PLA                     ; get length back
00D4BB  2  20 34 D3           JSR   LAB_229C          ; copy string (ut1_pl) -> (Sutill) for A bytes
00D4BE  2  A9 00              LDA   #0                ; add delimiter to end of string
00D4C0  2  A8                 TAY
00D4C1  2  91 83              STA   (Sutill),Y
00D4C3  2  A6 C3              LDX   Bpntrl            ; save BASIC execute pointer low byte
00D4C5  2  A4 C4              LDY   Bpntrh
00D4C7  2  86 BA              STX   Btmpl
00D4C9  2  84 BB              STY   Btmph
00D4CB  2  A6 AD              LDX   str_pl            ; point to temporary string
00D4CD  2  A4 AE              LDY   str_ph
00D4CF  2  86 C3              STX   Bpntrl
00D4D1  2  84 C4              STY   Bpntrh
00D4D3  2  20 C2 00           JSR   LAB_GBYT          ; scan memory
00D4D6  2  20 B0 D9           JSR   LAB_2887          ; get FAC1 from string
00D4D9  2               ; *** end patch    2.22p5.7  VAL() may cause string variables to be trashed
00D4D9  2               
00D4D9  2               ; restore BASIC execute pointer from temp (Btmpl/Btmph)
00D4D9  2               
00D4D9  2               LAB_23F3
00D4D9  2  A6 BA              LDX   Btmpl             ; get BASIC execute pointer low byte back
00D4DB  2  A4 BB              LDY   Btmph             ; get BASIC execute pointer high byte back
00D4DD  2  86 C3              STX   Bpntrl            ; save BASIC execute pointer low byte
00D4DF  2  84 C4              STY   Bpntrh            ; save BASIC execute pointer high byte
00D4E1  2  60                 RTS
00D4E2  2               
00D4E2  2               ; get two parameters for POKE or WAIT
00D4E2  2               
00D4E2  2               LAB_GADB
00D4E2  2  20 CA CA           JSR   LAB_EVNM          ; evaluate expression and check is numeric,
00D4E5  2                                             ; else do type mismatch
00D4E5  2  20 FB D4           JSR   LAB_F2FX          ; save integer part of FAC1 in temporary integer
00D4E8  2               
00D4E8  2               ; scan for "," and get byte, else do Syntax error then warm start
00D4E8  2               
00D4E8  2               LAB_SCGB
00D4E8  2  20 FB CB           JSR   LAB_1C01          ; scan for "," , else do syntax error then warm start
00D4EB  2  A5 12              LDA   Itemph            ; save temporary integer high byte
00D4ED  2  48                 PHA                     ; on stack
00D4EE  2  A5 11              LDA   Itempl            ; save temporary integer low byte
00D4F0  2  48                 PHA                     ; on stack
00D4F1  2  20 9D D4           JSR   LAB_GTBY          ; get byte parameter
00D4F4  2  68                 PLA                     ; pull low byte
00D4F5  2  85 11              STA   Itempl            ; restore temporary integer low byte
00D4F7  2  68                 PLA                     ; pull high byte
00D4F8  2  85 12              STA   Itemph            ; restore temporary integer high byte
00D4FA  2  60                 RTS
00D4FB  2               
00D4FB  2               ; convert float to fixed routine. accepts any value that fits in 24 bits, +ve or
00D4FB  2               ; -ve and converts it into a right truncated integer in Itempl and Itemph
00D4FB  2               
00D4FB  2               ; save unsigned 16 bit integer part of FAC1 in temporary integer
00D4FB  2               
00D4FB  2               LAB_F2FX
00D4FB  2  A5 AC              LDA   FAC1_e            ; get FAC1 exponent
00D4FD  2  C9 98              CMP   #$98              ; compare with exponent = 2^24
00D4FF  2  B0 96              BCS   LAB_23A8          ; if >= do function call error then warm start
00D501  2               
00D501  2               LAB_F2FU
00D501  2  20 5A D9           JSR   LAB_2831          ; convert FAC1 floating-to-fixed
00D504  2  A5 AE              LDA   FAC1_2            ; get FAC1 mantissa2
00D506  2  A4 AF              LDY   FAC1_3            ; get FAC1 mantissa3
00D508  2  84 11              STY   Itempl            ; save temporary integer low byte
00D50A  2  85 12              STA   Itemph            ; save temporary integer high byte
00D50C  2  60                 RTS
00D50D  2               
00D50D  2               ; perform PEEK()
00D50D  2               
00D50D  2               LAB_PEEK
00D50D  2  20 FB D4           JSR   LAB_F2FX          ; save integer part of FAC1 in temporary integer
00D510  2  A2 00              LDX   #$00              ; clear index
00D512  2  A1 11              LDA   (Itempl,X)        ; get byte via temporary integer (addr)
00D514  2  A8                 TAY                     ; copy byte to Y
00D515  2  4C 71 D0           JMP   LAB_1FD0          ; convert Y to byte in FAC1 and return
00D518  2               
00D518  2               ; perform POKE
00D518  2               
00D518  2               LAB_POKE
00D518  2  20 E2 D4           JSR   LAB_GADB          ; get two parameters for POKE or WAIT
00D51B  2  8A                 TXA                     ; copy byte argument to A
00D51C  2  A2 00              LDX   #$00              ; clear index
00D51E  2  81 11              STA   (Itempl,X)        ; save byte via temporary integer (addr)
00D520  2  60                 RTS
00D521  2               
00D521  2               ; perform DEEK()
00D521  2               
00D521  2               LAB_DEEK
00D521  2  20 FB D4           JSR   LAB_F2FX          ; save integer part of FAC1 in temporary integer
00D524  2  A2 00              LDX   #$00              ; clear index
00D526  2  A1 11              LDA   (Itempl,X)        ; PEEK low byte
00D528  2  A8                 TAY                     ; copy to Y
00D529  2  E6 11              INC   Itempl            ; increment pointer low byte
00D52B  2  D0 02              BNE   Deekh             ; skip high increment if no rollover
00D52D  2               
00D52D  2  E6 12              INC   Itemph            ; increment pointer high byte
00D52F  2               Deekh
00D52F  2  A1 11              LDA   (Itempl,X)        ; PEEK high byte
00D531  2  4C 64 D0           JMP   LAB_AYFC          ; save and convert integer AY to FAC1 and return
00D534  2               
00D534  2               ; perform DOKE
00D534  2               
00D534  2               LAB_DOKE
00D534  2  20 CA CA           JSR   LAB_EVNM          ; evaluate expression and check is numeric,
00D537  2                                             ; else do type mismatch
00D537  2  20 FB D4           JSR   LAB_F2FX          ; convert floating-to-fixed
00D53A  2               
00D53A  2  84 97              STY   Frnxtl            ; save pointer low byte (float to fixed returns word in AY)
00D53C  2  85 98              STA   Frnxth            ; save pointer high byte
00D53E  2               
00D53E  2  20 FB CB           JSR   LAB_1C01          ; scan for "," , else do syntax error then warm start
00D541  2  20 CA CA           JSR   LAB_EVNM          ; evaluate expression and check is numeric,
00D544  2                                             ; else do type mismatch
00D544  2  20 FB D4           JSR   LAB_F2FX          ; convert floating-to-fixed
00D547  2               
00D547  2  98                 TYA                     ; copy value low byte (float to fixed returns word in AY)
00D548  2  A2 00              LDX   #$00              ; clear index
00D54A  2  81 97              STA   (Frnxtl,X)        ; POKE low byte
00D54C  2  E6 97              INC   Frnxtl            ; increment pointer low byte
00D54E  2  D0 02              BNE   Dokeh             ; skip high increment if no rollover
00D550  2               
00D550  2  E6 98              INC   Frnxth            ; increment pointer high byte
00D552  2               Dokeh
00D552  2  A5 12              LDA   Itemph            ; get value high byte
00D554  2  81 97              STA   (Frnxtl,X)        ; POKE high byte
00D556  2  4C C2 00           JMP   LAB_GBYT          ; scan memory and return
00D559  2               
00D559  2               ; perform SWAP
00D559  2               
00D559  2               LAB_SWAP
00D559  2  20 B5 CD           JSR   LAB_GVAR          ; get var1 address
00D55C  2  85 97              STA   Lvarpl            ; save var1 address low byte
00D55E  2  84 98              STY   Lvarph            ; save var1 address high byte
00D560  2  A5 5F              LDA   Dtypef            ; get data type flag, $FF=string, $00=numeric
00D562  2  48                 PHA                     ; save data type flag
00D563  2               
00D563  2  20 FB CB           JSR   LAB_1C01          ; scan for "," , else do syntax error then warm start
00D566  2  20 B5 CD           JSR   LAB_GVAR          ; get var2 address (pointer in Cvaral/h)
00D569  2  68                 PLA                     ; pull var1 data type flag
00D56A  2  45 5F              EOR   Dtypef            ; compare with var2 data type
00D56C  2  10 10              BPL   SwapErr           ; exit if not both the same type
00D56E  2               
00D56E  2  A0 03              LDY   #$03              ; four bytes to swap (either value or descriptor+1)
00D570  2               SwapLp
00D570  2  B1 97              LDA   (Lvarpl),Y        ; get byte from var1
00D572  2  AA                 TAX                     ; save var1 byte
00D573  2  B1 95              LDA   (Cvaral),Y        ; get byte from var2
00D575  2  91 97              STA   (Lvarpl),Y        ; save byte to var1
00D577  2  8A                 TXA                     ; restore var1 byte
00D578  2  91 95              STA   (Cvaral),Y        ; save byte to var2
00D57A  2  88                 DEY                     ; decrement index
00D57B  2  10 F3              BPL   SwapLp            ; loop until done
00D57D  2               
00D57D  2  60                 RTS
00D57E  2               
00D57E  2               SwapErr
00D57E  2  4C D9 CA           JMP   LAB_1ABC          ; do "Type mismatch" error then warm start
00D581  2               
00D581  2               ; perform CALL
00D581  2               
00D581  2               LAB_CALL
00D581  2  20 CA CA           JSR   LAB_EVNM          ; evaluate expression and check is numeric,
00D584  2                                             ; else do type mismatch
00D584  2  20 FB D4           JSR   LAB_F2FX          ; convert floating-to-fixed
00D587  2  A9 D5              LDA   #>CallExit        ; set return address high byte
00D589  2  48                 PHA                     ; put on stack
00D58A  2  A9 8F              LDA   #<CallExit-1      ; set return address low byte
00D58C  2  48                 PHA                     ; put on stack
00D58D  2  6C 11 00           JMP   (Itempl)          ; do indirect jump to user routine
00D590  2               
00D590  2               ; if the called routine exits correctly then it will return to here. this will then get
00D590  2               ; the next byte for the interpreter and return
00D590  2               
00D590  2               CallExit
00D590  2  4C C2 00           JMP   LAB_GBYT          ; scan memory and return
00D593  2               
00D593  2               ; perform WAIT
00D593  2               
00D593  2               LAB_WAIT
00D593  2  20 E2 D4           JSR   LAB_GADB          ; get two parameters for POKE or WAIT
00D596  2  86 97              STX   Frnxtl            ; save byte
00D598  2  A2 00              LDX   #$00              ; clear mask
00D59A  2  20 C2 00           JSR   LAB_GBYT          ; scan memory
00D59D  2  F0 03              BEQ   LAB_2441          ; skip if no third argument
00D59F  2               
00D59F  2  20 E8 D4           JSR   LAB_SCGB          ; scan for "," and get byte, else SN error then warm start
00D5A2  2               LAB_2441
00D5A2  2  86 98              STX   Frnxth            ; save EOR argument
00D5A4  2               LAB_2445
00D5A4  2  B1 11              LDA   (Itempl),Y        ; get byte via temporary integer (addr)
00D5A6  2  45 98              EOR   Frnxth            ; EOR with second argument (mask)
00D5A8  2  25 97              AND   Frnxtl            ; AND with first argument (byte)
00D5AA  2  F0 F8              BEQ   LAB_2445          ; loop if result is zero
00D5AC  2               
00D5AC  2               LAB_244D
00D5AC  2  60                 RTS
00D5AD  2               
00D5AD  2               ; perform subtraction, FAC1 from (AY)
00D5AD  2               
00D5AD  2               LAB_2455
00D5AD  2  20 95 D7           JSR   LAB_264D          ; unpack memory (AY) into FAC2
00D5B0  2               
00D5B0  2               ; perform subtraction, FAC1 from FAC2
00D5B0  2               
00D5B0  2               LAB_SUBTRACT
00D5B0  2  A5 B0              LDA   FAC1_s            ; get FAC1 sign (b7)
00D5B2  2  49 FF              EOR   #$FF              ; complement it
00D5B4  2  85 B0              STA   FAC1_s            ; save FAC1 sign (b7)
00D5B6  2  45 B7              EOR   FAC2_s            ; EOR with FAC2 sign (b7)
00D5B8  2  85 B8              STA   FAC_sc            ; save sign compare (FAC1 EOR FAC2)
00D5BA  2  A5 AC              LDA   FAC1_e            ; get FAC1 exponent
00D5BC  2  4C CB D5           JMP   LAB_ADD           ; go add FAC2 to FAC1
00D5BF  2               
00D5BF  2               ; perform addition
00D5BF  2               
00D5BF  2               LAB_2467
00D5BF  2  20 E4 D6           JSR   LAB_257B          ; shift FACX A times right (>8 shifts)
00D5C2  2  90 4D              BCC   LAB_24A8          ;.go subtract mantissas
00D5C4  2               
00D5C4  2               ; add 0.5 to FAC1
00D5C4  2               
00D5C4  2               LAB_244E
00D5C4  2  A9 FB              LDA   #<LAB_2A96        ; set 0.5 pointer low byte
00D5C6  2  A0 E1              LDY   #>LAB_2A96        ; set 0.5 pointer high byte
00D5C8  2               
00D5C8  2               ; add (AY) to FAC1
00D5C8  2               
00D5C8  2               LAB_246C
00D5C8  2  20 95 D7           JSR   LAB_264D          ; unpack memory (AY) into FAC2
00D5CB  2               
00D5CB  2               ; add FAC2 to FAC1
00D5CB  2               
00D5CB  2               LAB_ADD
00D5CB  2  D0 10              BNE   LAB_2474          ; branch if FAC1 was not zero
00D5CD  2               
00D5CD  2               ; copy FAC2 to FAC1
00D5CD  2               
00D5CD  2               LAB_279B
00D5CD  2  A5 B7              LDA   FAC2_s            ; get FAC2 sign (b7)
00D5CF  2               
00D5CF  2               ; save FAC1 sign and copy ABS(FAC2) to FAC1
00D5CF  2               
00D5CF  2               LAB_279D
00D5CF  2  85 B0              STA   FAC1_s            ; save FAC1 sign (b7)
00D5D1  2  A2 04              LDX   #$04              ; 4 bytes to copy
00D5D3  2               LAB_27A1
00D5D3  2  B5 B2              LDA   FAC1_o,X          ; get byte from FAC2,X
00D5D5  2  95 AB              STA   FAC1_e-1,X        ; save byte at FAC1,X
00D5D7  2  CA                 DEX                     ; decrement count
00D5D8  2  D0 F9              BNE   LAB_27A1          ; loop if not all done
00D5DA  2               
00D5DA  2  86 B9              STX   FAC1_r            ; clear FAC1 rounding byte
00D5DC  2  60                 RTS
00D5DD  2               
00D5DD  2                                             ; FAC1 is non zero
00D5DD  2               LAB_2474
00D5DD  2  A6 B9              LDX   FAC1_r            ; get FAC1 rounding byte
00D5DF  2  86 A3              STX   FAC2_r            ; save as FAC2 rounding byte
00D5E1  2  A2 B3              LDX   #FAC2_e           ; set index to FAC2 exponent addr
00D5E3  2  A5 B3              LDA   FAC2_e            ; get FAC2 exponent
00D5E5  2               LAB_247C
00D5E5  2  A8                 TAY                     ; copy exponent
00D5E6  2  F0 C4              BEQ   LAB_244D          ; exit if zero
00D5E8  2               
00D5E8  2  38                 SEC                     ; set carry for subtract
00D5E9  2  E5 AC              SBC   FAC1_e            ; subtract FAC1 exponent
00D5EB  2  F0 24              BEQ   LAB_24A8          ; branch if = (go add mantissa)
00D5ED  2               
00D5ED  2  90 12              BCC   LAB_2498          ; branch if <
00D5EF  2               
00D5EF  2                                             ; FAC2>FAC1
00D5EF  2  84 AC              STY   FAC1_e            ; save FAC1 exponent
00D5F1  2  A4 B7              LDY   FAC2_s            ; get FAC2 sign (b7)
00D5F3  2  84 B0              STY   FAC1_s            ; save FAC1 sign (b7)
00D5F5  2  49 FF              EOR   #$FF              ; complement A
00D5F7  2  69 00              ADC   #$00              ; +1 (twos complement, carry is set)
00D5F9  2  A0 00              LDY   #$00              ; clear Y
00D5FB  2  84 A3              STY   FAC2_r            ; clear FAC2 rounding byte
00D5FD  2  A2 AC              LDX   #FAC1_e           ; set index to FAC1 exponent addr
00D5FF  2  D0 04              BNE   LAB_249C          ; branch always
00D601  2               
00D601  2               LAB_2498
00D601  2  A0 00              LDY   #$00              ; clear Y
00D603  2  84 B9              STY   FAC1_r            ; clear FAC1 rounding byte
00D605  2               LAB_249C
00D605  2  C9 F9              CMP   #$F9              ; compare exponent diff with $F9
00D607  2  30 B6              BMI   LAB_2467          ; branch if range $79-$F8
00D609  2               
00D609  2  A8                 TAY                     ; copy exponent difference to Y
00D60A  2  A5 B9              LDA   FAC1_r            ; get FAC1 rounding byte
00D60C  2  56 01              LSR   PLUS_1,X          ; shift FAC? mantissa1
00D60E  2  20 FB D6           JSR   LAB_2592          ; shift FACX Y times right
00D611  2               
00D611  2                                             ; exponents are equal now do mantissa subtract
00D611  2               LAB_24A8
00D611  2  24 B8              BIT   FAC_sc            ; test sign compare (FAC1 EOR FAC2)
00D613  2  10 4C              BPL   LAB_24F8          ; if = add FAC2 mantissa to FAC1 mantissa and return
00D615  2               
00D615  2  A0 AC              LDY   #FAC1_e           ; set index to FAC1 exponent addr
00D617  2  E0 B3              CPX   #FAC2_e           ; compare X to FAC2 exponent addr
00D619  2  F0 02              BEQ   LAB_24B4          ; branch if =
00D61B  2               
00D61B  2  A0 B3              LDY   #FAC2_e           ; else set index to FAC2 exponent addr
00D61D  2               
00D61D  2                                             ; subtract smaller from bigger (take sign of bigger)
00D61D  2               LAB_24B4
00D61D  2  38                 SEC                     ; set carry for subtract
00D61E  2  49 FF              EOR   #$FF              ; ones complement A
00D620  2  65 A3              ADC   FAC2_r            ; add FAC2 rounding byte
00D622  2  85 B9              STA   FAC1_r            ; save FAC1 rounding byte
00D624  2  B9 03 00           LDA   PLUS_3,Y          ; get FACY mantissa3
00D627  2  F5 03              SBC   PLUS_3,X          ; subtract FACX mantissa3
00D629  2  85 AF              STA   FAC1_3            ; save FAC1 mantissa3
00D62B  2  B9 02 00           LDA   PLUS_2,Y          ; get FACY mantissa2
00D62E  2  F5 02              SBC   PLUS_2,X          ; subtract FACX mantissa2
00D630  2  85 AE              STA   FAC1_2            ; save FAC1 mantissa2
00D632  2  B9 01 00           LDA   PLUS_1,Y          ; get FACY mantissa1
00D635  2  F5 01              SBC   PLUS_1,X          ; subtract FACX mantissa1
00D637  2  85 AD              STA   FAC1_1            ; save FAC1 mantissa1
00D639  2               
00D639  2               ; do ABS and normalise FAC1
00D639  2               
00D639  2               LAB_24D0
00D639  2  B0 03              BCS   LAB_24D5          ; branch if number is +ve
00D63B  2               
00D63B  2  20 A0 D6           JSR   LAB_2537          ; negate FAC1
00D63E  2               
00D63E  2               ; normalise FAC1
00D63E  2               
00D63E  2               LAB_24D5
00D63E  2  A0 00              LDY   #$00              ; clear Y
00D640  2  98                 TYA                     ; clear A
00D641  2  18                 CLC                     ; clear carry for add
00D642  2               LAB_24D9
00D642  2  A6 AD              LDX   FAC1_1            ; get FAC1 mantissa1
00D644  2  D0 3E              BNE   LAB_251B          ; if not zero normalise FAC1
00D646  2               
00D646  2  A6 AE              LDX   FAC1_2            ; get FAC1 mantissa2
00D648  2  86 AD              STX   FAC1_1            ; save FAC1 mantissa1
00D64A  2  A6 AF              LDX   FAC1_3            ; get FAC1 mantissa3
00D64C  2  86 AE              STX   FAC1_2            ; save FAC1 mantissa2
00D64E  2  A6 B9              LDX   FAC1_r            ; get FAC1 rounding byte
00D650  2  86 AF              STX   FAC1_3            ; save FAC1 mantissa3
00D652  2  84 B9              STY   FAC1_r            ; clear FAC1 rounding byte
00D654  2  69 08              ADC   #$08              ; add x to exponent offset
00D656  2  C9 18              CMP   #$18              ; compare with $18 (max offset, all bits would be =0)
00D658  2  D0 E8              BNE   LAB_24D9          ; loop if not max
00D65A  2               
00D65A  2               ; clear FAC1 exponent and sign
00D65A  2               
00D65A  2               LAB_24F1
00D65A  2  A9 00              LDA   #$00              ; clear A
00D65C  2               LAB_24F3
00D65C  2  85 AC              STA   FAC1_e            ; set FAC1 exponent
00D65E  2               
00D65E  2               ; save FAC1 sign
00D65E  2               
00D65E  2               LAB_24F5
00D65E  2  85 B0              STA   FAC1_s            ; save FAC1 sign (b7)
00D660  2  60                 RTS
00D661  2               
00D661  2               ; add FAC2 mantissa to FAC1 mantissa
00D661  2               
00D661  2               LAB_24F8
00D661  2  65 A3              ADC   FAC2_r            ; add FAC2 rounding byte
00D663  2  85 B9              STA   FAC1_r            ; save FAC1 rounding byte
00D665  2  A5 AF              LDA   FAC1_3            ; get FAC1 mantissa3
00D667  2  65 B6              ADC   FAC2_3            ; add FAC2 mantissa3
00D669  2  85 AF              STA   FAC1_3            ; save FAC1 mantissa3
00D66B  2  A5 AE              LDA   FAC1_2            ; get FAC1 mantissa2
00D66D  2  65 B5              ADC   FAC2_2            ; add FAC2 mantissa2
00D66F  2  85 AE              STA   FAC1_2            ; save FAC1 mantissa2
00D671  2  A5 AD              LDA   FAC1_1            ; get FAC1 mantissa1
00D673  2  65 B4              ADC   FAC2_1            ; add FAC2 mantissa1
00D675  2  85 AD              STA   FAC1_1            ; save FAC1 mantissa1
00D677  2  B0 1A              BCS   LAB_252A          ; if carry then normalise FAC1 for C=1
00D679  2               
00D679  2  60                 RTS                     ; else just exit
00D67A  2               
00D67A  2               LAB_2511
00D67A  2  69 01              ADC   #$01              ; add 1 to exponent offset
00D67C  2  06 B9              ASL   FAC1_r            ; shift FAC1 rounding byte
00D67E  2  26 AF              ROL   FAC1_3            ; shift FAC1 mantissa3
00D680  2  26 AE              ROL   FAC1_2            ; shift FAC1 mantissa2
00D682  2  26 AD              ROL   FAC1_1            ; shift FAC1 mantissa1
00D684  2               
00D684  2               ; normalise FAC1
00D684  2               
00D684  2               LAB_251B
00D684  2  10 F4              BPL   LAB_2511          ; loop if not normalised
00D686  2               
00D686  2  38                 SEC                     ; set carry for subtract
00D687  2  E5 AC              SBC   FAC1_e            ; subtract FAC1 exponent
00D689  2  B0 CF              BCS   LAB_24F1          ; branch if underflow (set result = $0)
00D68B  2               
00D68B  2  49 FF              EOR   #$FF              ; complement exponent
00D68D  2  69 01              ADC   #$01              ; +1 (twos complement)
00D68F  2  85 AC              STA   FAC1_e            ; save FAC1 exponent
00D691  2               
00D691  2               ; test and normalise FAC1 for C=0/1
00D691  2               
00D691  2               LAB_2528
00D691  2  90 0C              BCC   LAB_2536          ; exit if no overflow
00D693  2               
00D693  2               ; normalise FAC1 for C=1
00D693  2               
00D693  2               LAB_252A
00D693  2  E6 AC              INC   FAC1_e            ; increment FAC1 exponent
00D695  2  F0 36              BEQ   LAB_2564          ; if zero do overflow error and warm start
00D697  2               
00D697  2  66 AD              ROR   FAC1_1            ; shift FAC1 mantissa1
00D699  2  66 AE              ROR   FAC1_2            ; shift FAC1 mantissa2
00D69B  2  66 AF              ROR   FAC1_3            ; shift FAC1 mantissa3
00D69D  2  66 B9              ROR   FAC1_r            ; shift FAC1 rounding byte
00D69F  2               LAB_2536
00D69F  2  60                 RTS
00D6A0  2               
00D6A0  2               ; negate FAC1
00D6A0  2               
00D6A0  2               LAB_2537
00D6A0  2  A5 B0              LDA   FAC1_s            ; get FAC1 sign (b7)
00D6A2  2  49 FF              EOR   #$FF              ; complement it
00D6A4  2  85 B0              STA   FAC1_s            ; save FAC1 sign (b7)
00D6A6  2               
00D6A6  2               ; twos complement FAC1 mantissa
00D6A6  2               
00D6A6  2               LAB_253D
00D6A6  2  A5 AD              LDA   FAC1_1            ; get FAC1 mantissa1
00D6A8  2  49 FF              EOR   #$FF              ; complement it
00D6AA  2  85 AD              STA   FAC1_1            ; save FAC1 mantissa1
00D6AC  2  A5 AE              LDA   FAC1_2            ; get FAC1 mantissa2
00D6AE  2  49 FF              EOR   #$FF              ; complement it
00D6B0  2  85 AE              STA   FAC1_2            ; save FAC1 mantissa2
00D6B2  2  A5 AF              LDA   FAC1_3            ; get FAC1 mantissa3
00D6B4  2  49 FF              EOR   #$FF              ; complement it
00D6B6  2  85 AF              STA   FAC1_3            ; save FAC1 mantissa3
00D6B8  2  A5 B9              LDA   FAC1_r            ; get FAC1 rounding byte
00D6BA  2  49 FF              EOR   #$FF              ; complement it
00D6BC  2  85 B9              STA   FAC1_r            ; save FAC1 rounding byte
00D6BE  2  E6 B9              INC   FAC1_r            ; increment FAC1 rounding byte
00D6C0  2  D0 0A              BNE   LAB_2563          ; exit if no overflow
00D6C2  2               
00D6C2  2               ; increment FAC1 mantissa
00D6C2  2               
00D6C2  2               LAB_2559
00D6C2  2  E6 AF              INC   FAC1_3            ; increment FAC1 mantissa3
00D6C4  2  D0 06              BNE   LAB_2563          ; finished if no rollover
00D6C6  2               
00D6C6  2  E6 AE              INC   FAC1_2            ; increment FAC1 mantissa2
00D6C8  2  D0 02              BNE   LAB_2563          ; finished if no rollover
00D6CA  2               
00D6CA  2  E6 AD              INC   FAC1_1            ; increment FAC1 mantissa1
00D6CC  2               LAB_2563
00D6CC  2  60                 RTS
00D6CD  2               
00D6CD  2               ; do overflow error (overflow exit)
00D6CD  2               
00D6CD  2               LAB_2564
00D6CD  2  A2 0A              LDX   #$0A              ; error code $0A ("Overflow" error)
00D6CF  2  4C 3C C1           JMP   LAB_XERR          ; do error #X, then warm start
00D6D2  2               
00D6D2  2               ; shift FCAtemp << A+8 times
00D6D2  2               
00D6D2  2               LAB_2569
00D6D2  2  A2 74              LDX   #FACt_1-1         ; set offset to FACtemp
00D6D4  2               LAB_256B
00D6D4  2  B4 03              LDY   PLUS_3,X          ; get FACX mantissa3
00D6D6  2  84 B9              STY   FAC1_r            ; save as FAC1 rounding byte
00D6D8  2  B4 02              LDY   PLUS_2,X          ; get FACX mantissa2
00D6DA  2  94 03              STY   PLUS_3,X          ; save FACX mantissa3
00D6DC  2  B4 01              LDY   PLUS_1,X          ; get FACX mantissa1
00D6DE  2  94 02              STY   PLUS_2,X          ; save FACX mantissa2
00D6E0  2  A4 B2              LDY   FAC1_o            ; get FAC1 overflow byte
00D6E2  2  94 01              STY   PLUS_1,X          ; save FACX mantissa1
00D6E4  2               
00D6E4  2               ; shift FACX -A times right (> 8 shifts)
00D6E4  2               
00D6E4  2               LAB_257B
00D6E4  2  69 08              ADC   #$08              ; add 8 to shift count
00D6E6  2  30 EC              BMI   LAB_256B          ; go do 8 shift if still -ve
00D6E8  2               
00D6E8  2  F0 EA              BEQ   LAB_256B          ; go do 8 shift if zero
00D6EA  2               
00D6EA  2  E9 08              SBC   #$08              ; else subtract 8 again
00D6EC  2  A8                 TAY                     ; save count to Y
00D6ED  2  A5 B9              LDA   FAC1_r            ; get FAC1 rounding byte
00D6EF  2  B0 12              BCS   LAB_259A          ;.
00D6F1  2               
00D6F1  2               LAB_2588
00D6F1  2  16 01              ASL   PLUS_1,X          ; shift FACX mantissa1
00D6F3  2  90 02              BCC   LAB_258E          ; branch if +ve
00D6F5  2               
00D6F5  2  F6 01              INC   PLUS_1,X          ; this sets b7 eventually
00D6F7  2               LAB_258E
00D6F7  2  76 01              ROR   PLUS_1,X          ; shift FACX mantissa1 (correct for ASL)
00D6F9  2  76 01              ROR   PLUS_1,X          ; shift FACX mantissa1 (put carry in b7)
00D6FB  2               
00D6FB  2               ; shift FACX Y times right
00D6FB  2               
00D6FB  2               LAB_2592
00D6FB  2  76 02              ROR   PLUS_2,X          ; shift FACX mantissa2
00D6FD  2  76 03              ROR   PLUS_3,X          ; shift FACX mantissa3
00D6FF  2  6A                 ROR                     ; shift FACX rounding byte
00D700  2  C8                 INY                     ; increment exponent diff
00D701  2  D0 EE              BNE   LAB_2588          ; branch if range adjust not complete
00D703  2               
00D703  2               LAB_259A
00D703  2  18                 CLC                     ; just clear it
00D704  2  60                 RTS
00D705  2               
00D705  2               ; perform LOG()
00D705  2               
00D705  2               LAB_LOG
00D705  2  20 F3 D8           JSR   LAB_27CA          ; test sign and zero
00D708  2  F0 02              BEQ   LAB_25C4          ; if zero do function call error then warm start
00D70A  2               
00D70A  2  10 03              BPL   LAB_25C7          ; skip error if +ve
00D70C  2               
00D70C  2               LAB_25C4
00D70C  2  4C 34 CF           JMP   LAB_FCER          ; do function call error then warm start (-ve)
00D70F  2               
00D70F  2               LAB_25C7
00D70F  2  A5 AC              LDA   FAC1_e            ; get FAC1 exponent
00D711  2  E9 7F              SBC   #$7F              ; normalise it
00D713  2  48                 PHA                     ; save it
00D714  2  A9 80              LDA   #$80              ; set exponent to zero
00D716  2  85 AC              STA   FAC1_e            ; save FAC1 exponent
00D718  2  A9 7B              LDA   #<LAB_25AD        ; set 1/root2 pointer low byte
00D71A  2  A0 E1              LDY   #>LAB_25AD        ; set 1/root2 pointer high byte
00D71C  2  20 C8 D5           JSR   LAB_246C          ; add (AY) to FAC1 (1/root2)
00D71F  2  A9 7F              LDA   #<LAB_25B1        ; set root2 pointer low byte
00D721  2  A0 E1              LDY   #>LAB_25B1        ; set root2 pointer high byte
00D723  2  20 0B D8           JSR   LAB_26CA          ; convert AY and do (AY)/FAC1 (root2/(x+(1/root2)))
00D726  2  A9 F2              LDA   #<LAB_259C        ; set 1 pointer low byte
00D728  2  A0 E1              LDY   #>LAB_259C        ; set 1 pointer high byte
00D72A  2  20 AD D5           JSR   LAB_2455          ; subtract (AY) from FAC1 ((root2/(x+(1/root2)))-1)
00D72D  2  A9 6E              LDA   #<LAB_25A0        ; set pointer low byte to counter
00D72F  2  A0 E1              LDY   #>LAB_25A0        ; set pointer high byte to counter
00D731  2  20 5B DC           JSR   LAB_2B6E          ; ^2 then series evaluation
00D734  2  A9 83              LDA   #<LAB_25B5        ; set -0.5 pointer low byte
00D736  2  A0 E1              LDY   #>LAB_25B5        ; set -0.5 pointer high byte
00D738  2  20 C8 D5           JSR   LAB_246C          ; add (AY) to FAC1
00D73B  2  68                 PLA                     ; restore FAC1 exponent
00D73C  2  20 4F DA           JSR   LAB_2912          ; evaluate new ASCII digit
00D73F  2  A9 87              LDA   #<LAB_25B9        ; set LOG(2) pointer low byte
00D741  2  A0 E1              LDY   #>LAB_25B9        ; set LOG(2) pointer high byte
00D743  2               
00D743  2               ; do convert AY, FCA1*(AY)
00D743  2               
00D743  2               LAB_25FB
00D743  2  20 95 D7           JSR   LAB_264D          ; unpack memory (AY) into FAC2
00D746  2               LAB_MULTIPLY
00D746  2  F0 4C              BEQ   LAB_264C          ; exit if zero
00D748  2               
00D748  2  20 BB D7           JSR   LAB_2673          ; test and adjust accumulators
00D74B  2  A9 00              LDA   #$00              ; clear A
00D74D  2  85 75              STA   FACt_1            ; clear temp mantissa1
00D74F  2  85 76              STA   FACt_2            ; clear temp mantissa2
00D751  2  85 77              STA   FACt_3            ; clear temp mantissa3
00D753  2  A5 B9              LDA   FAC1_r            ; get FAC1 rounding byte
00D755  2  20 6A D7           JSR   LAB_2622          ; go do shift/add FAC2
00D758  2  A5 AF              LDA   FAC1_3            ; get FAC1 mantissa3
00D75A  2  20 6A D7           JSR   LAB_2622          ; go do shift/add FAC2
00D75D  2  A5 AE              LDA   FAC1_2            ; get FAC1 mantissa2
00D75F  2  20 6A D7           JSR   LAB_2622          ; go do shift/add FAC2
00D762  2  A5 AD              LDA   FAC1_1            ; get FAC1 mantissa1
00D764  2  20 70 D7           JSR   LAB_2627          ; go do shift/add FAC2
00D767  2  4C 78 D8           JMP   LAB_273C          ; copy temp to FAC1, normalise and return
00D76A  2               
00D76A  2               LAB_2622
00D76A  2  D0 04              BNE   LAB_2627          ; branch if byte <> zero
00D76C  2               ; *** begin patch  2.22p5.6  floating point multiply rounding bug
00D76C  2               ; *** replace
00D76C  2               ;      JMP   LAB_2569          ; shift FCAtemp << A+8 times
00D76C  2               ;
00D76C  2               ;                              ; else do shift and add
00D76C  2               ;LAB_2627
00D76C  2               ;      LSR                     ; shift byte
00D76C  2               ;      ORA   #$80              ; set top bit (mark for 8 times)
00D76C  2               ; *** with
00D76C  2  38                 SEC
00D76D  2  4C D2 D6           JMP   LAB_2569          ; shift FACtemp << A+8 times
00D770  2               
00D770  2                                             ; else do shift and add
00D770  2               LAB_2627
00D770  2  38                 SEC                     ; set top bit (mark for 8 times)
00D771  2  6A                 ROR
00D772  2               ; *** end patch    2.22p5.6  floating point multiply rounding bug
00D772  2               LAB_262A
00D772  2  A8                 TAY                     ; copy result
00D773  2  90 13              BCC   LAB_2640          ; skip next if bit was zero
00D775  2               
00D775  2  18                 CLC                     ; clear carry for add
00D776  2  A5 77              LDA   FACt_3            ; get temp mantissa3
00D778  2  65 B6              ADC   FAC2_3            ; add FAC2 mantissa3
00D77A  2  85 77              STA   FACt_3            ; save temp mantissa3
00D77C  2  A5 76              LDA   FACt_2            ; get temp mantissa2
00D77E  2  65 B5              ADC   FAC2_2            ; add FAC2 mantissa2
00D780  2  85 76              STA   FACt_2            ; save temp mantissa2
00D782  2  A5 75              LDA   FACt_1            ; get temp mantissa1
00D784  2  65 B4              ADC   FAC2_1            ; add FAC2 mantissa1
00D786  2  85 75              STA   FACt_1            ; save temp mantissa1
00D788  2               LAB_2640
00D788  2  66 75              ROR   FACt_1            ; shift temp mantissa1
00D78A  2  66 76              ROR   FACt_2            ; shift temp mantissa2
00D78C  2  66 77              ROR   FACt_3            ; shift temp mantissa3
00D78E  2  66 B9              ROR   FAC1_r            ; shift temp rounding byte
00D790  2  98                 TYA                     ; get byte back
00D791  2  4A                 LSR                     ; shift byte
00D792  2  D0 DE              BNE   LAB_262A          ; loop if all bits not done
00D794  2               
00D794  2               LAB_264C
00D794  2  60                 RTS
00D795  2               
00D795  2               ; unpack memory (AY) into FAC2
00D795  2               
00D795  2               LAB_264D
00D795  2  85 71              STA   ut1_pl            ; save pointer low byte
00D797  2  84 72              STY   ut1_ph            ; save pointer high byte
00D799  2  A0 03              LDY   #$03              ; 4 bytes to get (0-3)
00D79B  2  B1 71              LDA   (ut1_pl),Y        ; get mantissa3
00D79D  2  85 B6              STA   FAC2_3            ; save FAC2 mantissa3
00D79F  2  88                 DEY                     ; decrement index
00D7A0  2  B1 71              LDA   (ut1_pl),Y        ; get mantissa2
00D7A2  2  85 B5              STA   FAC2_2            ; save FAC2 mantissa2
00D7A4  2  88                 DEY                     ; decrement index
00D7A5  2  B1 71              LDA   (ut1_pl),Y        ; get mantissa1+sign
00D7A7  2  85 B7              STA   FAC2_s            ; save FAC2 sign (b7)
00D7A9  2  45 B0              EOR   FAC1_s            ; EOR with FAC1 sign (b7)
00D7AB  2  85 B8              STA   FAC_sc            ; save sign compare (FAC1 EOR FAC2)
00D7AD  2  A5 B7              LDA   FAC2_s            ; recover FAC2 sign (b7)
00D7AF  2  09 80              ORA   #$80              ; set 1xxx xxx (set normal bit)
00D7B1  2  85 B4              STA   FAC2_1            ; save FAC2 mantissa1
00D7B3  2  88                 DEY                     ; decrement index
00D7B4  2  B1 71              LDA   (ut1_pl),Y        ; get exponent byte
00D7B6  2  85 B3              STA   FAC2_e            ; save FAC2 exponent
00D7B8  2  A5 AC              LDA   FAC1_e            ; get FAC1 exponent
00D7BA  2  60                 RTS
00D7BB  2               
00D7BB  2               ; test and adjust accumulators
00D7BB  2               
00D7BB  2               LAB_2673
00D7BB  2  A5 B3              LDA   FAC2_e            ; get FAC2 exponent
00D7BD  2               LAB_2675
00D7BD  2  F0 1D              BEQ   LAB_2696          ; branch if FAC2 = $00 (handle underflow)
00D7BF  2               
00D7BF  2  18                 CLC                     ; clear carry for add
00D7C0  2  65 AC              ADC   FAC1_e            ; add FAC1 exponent
00D7C2  2  90 04              BCC   LAB_2680          ; branch if sum of exponents <$0100
00D7C4  2               
00D7C4  2  30 31              BMI   LAB_269B          ; do overflow error
00D7C6  2               
00D7C6  2  18                 CLC                     ; clear carry for the add
00D7C7  2  2C                 .byte $2C               ; makes next line BIT $1410
00D7C8  2               LAB_2680
00D7C8  2  10 12              BPL   LAB_2696          ; if +ve go handle underflow
00D7CA  2               
00D7CA  2  69 80              ADC   #$80              ; adjust exponent
00D7CC  2  85 AC              STA   FAC1_e            ; save FAC1 exponent
00D7CE  2  D0 03              BNE   LAB_268B          ; branch if not zero
00D7D0  2               
00D7D0  2  4C 5E D6           JMP   LAB_24F5          ; save FAC1 sign and return
00D7D3  2               
00D7D3  2               LAB_268B
00D7D3  2  A5 B8              LDA   FAC_sc            ; get sign compare (FAC1 EOR FAC2)
00D7D5  2  85 B0              STA   FAC1_s            ; save FAC1 sign (b7)
00D7D7  2               LAB_268F
00D7D7  2  60                 RTS
00D7D8  2               
00D7D8  2               ; handle overflow and underflow
00D7D8  2               
00D7D8  2               LAB_2690
00D7D8  2  A5 B0              LDA   FAC1_s            ; get FAC1 sign (b7)
00D7DA  2  10 1B              BPL   LAB_269B          ; do overflow error
00D7DC  2               
00D7DC  2                                             ; handle underflow
00D7DC  2               LAB_2696
00D7DC  2  68                 PLA                     ; pop return address low byte
00D7DD  2  68                 PLA                     ; pop return address high byte
00D7DE  2  4C 5A D6           JMP   LAB_24F1          ; clear FAC1 exponent and sign and return
00D7E1  2               
00D7E1  2               ; multiply by 10
00D7E1  2               
00D7E1  2               LAB_269E
00D7E1  2  20 D4 D8           JSR   LAB_27AB          ; round and copy FAC1 to FAC2
00D7E4  2  AA                 TAX                     ; copy exponent (set the flags)
00D7E5  2  F0 F0              BEQ   LAB_268F          ; exit if zero
00D7E7  2               
00D7E7  2  18                 CLC                     ; clear carry for add
00D7E8  2  69 02              ADC   #$02              ; add two to exponent (*4)
00D7EA  2  B0 0B              BCS   LAB_269B          ; do overflow error if > $FF
00D7EC  2               
00D7EC  2  A2 00              LDX   #$00              ; clear byte
00D7EE  2  86 B8              STX   FAC_sc            ; clear sign compare (FAC1 EOR FAC2)
00D7F0  2  20 E5 D5           JSR   LAB_247C          ; add FAC2 to FAC1 (*5)
00D7F3  2  E6 AC              INC   FAC1_e            ; increment FAC1 exponent (*10)
00D7F5  2  D0 E0              BNE   LAB_268F          ; if non zero just do RTS
00D7F7  2               
00D7F7  2               LAB_269B
00D7F7  2  4C CD D6           JMP   LAB_2564          ; do overflow error and warm start
00D7FA  2               
00D7FA  2               ; divide by 10
00D7FA  2               
00D7FA  2               LAB_26B9
00D7FA  2  20 D4 D8           JSR   LAB_27AB          ; round and copy FAC1 to FAC2
00D7FD  2  A9 03              LDA   #<LAB_26B5        ; set pointer to 10d low addr
00D7FF  2  A0 E2              LDY   #>LAB_26B5        ; set pointer to 10d high addr
00D801  2  A2 00              LDX   #$00              ; clear sign
00D803  2               
00D803  2               ; divide by (AY) (X=sign)
00D803  2               
00D803  2               LAB_26C2
00D803  2  86 B8              STX   FAC_sc            ; save sign compare (FAC1 EOR FAC2)
00D805  2  20 87 D8           JSR   LAB_UFAC          ; unpack memory (AY) into FAC1
00D808  2  4C 0E D8           JMP   LAB_DIVIDE        ; do FAC2/FAC1
00D80B  2               
00D80B  2                                             ; Perform divide-by
00D80B  2               ; convert AY and do (AY)/FAC1
00D80B  2               
00D80B  2               LAB_26CA
00D80B  2  20 95 D7           JSR   LAB_264D          ; unpack memory (AY) into FAC2
00D80E  2               
00D80E  2                                             ; Perform divide-into
00D80E  2               LAB_DIVIDE
00D80E  2  F0 63              BEQ   LAB_2737          ; if zero go do /0 error
00D810  2               
00D810  2  20 E3 D8           JSR   LAB_27BA          ; round FAC1
00D813  2  A9 00              LDA   #$00              ; clear A
00D815  2  38                 SEC                     ; set carry for subtract
00D816  2  E5 AC              SBC   FAC1_e            ; subtract FAC1 exponent (2s complement)
00D818  2  85 AC              STA   FAC1_e            ; save FAC1 exponent
00D81A  2  20 BB D7           JSR   LAB_2673          ; test and adjust accumulators
00D81D  2  E6 AC              INC   FAC1_e            ; increment FAC1 exponent
00D81F  2  F0 D6              BEQ   LAB_269B          ; if zero do overflow error
00D821  2               
00D821  2  A2 FF              LDX   #$FF              ; set index for pre increment
00D823  2  A9 01              LDA   #$01              ; set bit to flag byte save
00D825  2               LAB_26E4
00D825  2  A4 B4              LDY   FAC2_1            ; get FAC2 mantissa1
00D827  2  C4 AD              CPY   FAC1_1            ; compare FAC1 mantissa1
00D829  2  D0 0A              BNE   LAB_26F4          ; branch if <>
00D82B  2               
00D82B  2  A4 B5              LDY   FAC2_2            ; get FAC2 mantissa2
00D82D  2  C4 AE              CPY   FAC1_2            ; compare FAC1 mantissa2
00D82F  2  D0 04              BNE   LAB_26F4          ; branch if <>
00D831  2               
00D831  2  A4 B6              LDY   FAC2_3            ; get FAC2 mantissa3
00D833  2  C4 AF              CPY   FAC1_3            ; compare FAC1 mantissa3
00D835  2               LAB_26F4
00D835  2  08                 PHP                     ; save FAC2-FAC1 compare status
00D836  2  2A                 ROL                     ; shift the result byte
00D837  2  90 0E              BCC   LAB_2702          ; if no carry skip the byte save
00D839  2               
00D839  2  A0 01              LDY   #$01              ; set bit to flag byte save
00D83B  2  E8                 INX                     ; else increment the index to FACt
00D83C  2  E0 02              CPX   #$02              ; compare with the index to FACt_3
00D83E  2  30 04              BMI   LAB_2701          ; if not last byte just go save it
00D840  2               
00D840  2  D0 28              BNE   LAB_272B          ; if all done go save FAC1 rounding byte, normalise and
00D842  2                                             ; return
00D842  2               
00D842  2  A0 40              LDY   #$40              ; set bit to flag byte save for the rounding byte
00D844  2               LAB_2701
00D844  2  95 75              STA   FACt_1,X          ; write result byte to FACt_1 + index
00D846  2  98                 TYA                     ; copy the next save byte flag
00D847  2               LAB_2702
00D847  2  28                 PLP                     ; restore FAC2-FAC1 compare status
00D848  2  90 14              BCC   LAB_2704          ; if FAC2 < FAC1 then skip the subtract
00D84A  2               
00D84A  2  A8                 TAY                     ; save FAC2-FAC1 compare status
00D84B  2  A5 B6              LDA   FAC2_3            ; get FAC2 mantissa3
00D84D  2  E5 AF              SBC   FAC1_3            ; subtract FAC1 mantissa3
00D84F  2  85 B6              STA   FAC2_3            ; save FAC2 mantissa3
00D851  2  A5 B5              LDA   FAC2_2            ; get FAC2 mantissa2
00D853  2  E5 AE              SBC   FAC1_2            ; subtract FAC1 mantissa2
00D855  2  85 B5              STA   FAC2_2            ; save FAC2 mantissa2
00D857  2  A5 B4              LDA   FAC2_1            ; get FAC2 mantissa1
00D859  2  E5 AD              SBC   FAC1_1            ; subtract FAC1 mantissa1
00D85B  2  85 B4              STA   FAC2_1            ; save FAC2 mantissa1
00D85D  2  98                 TYA                     ; restore FAC2-FAC1 compare status
00D85E  2               
00D85E  2                                             ; FAC2 = FAC2*2
00D85E  2               LAB_2704
00D85E  2  06 B6              ASL   FAC2_3            ; shift FAC2 mantissa3
00D860  2  26 B5              ROL   FAC2_2            ; shift FAC2 mantissa2
00D862  2  26 B4              ROL   FAC2_1            ; shift FAC2 mantissa1
00D864  2  B0 CF              BCS   LAB_26F4          ; loop with no compare
00D866  2               
00D866  2  30 BD              BMI   LAB_26E4          ; loop with compare
00D868  2               
00D868  2  10 CB              BPL   LAB_26F4          ; loop always with no compare
00D86A  2               
00D86A  2               ; do A<<6, save as FAC1 rounding byte, normalise and return
00D86A  2               
00D86A  2               LAB_272B
00D86A  2  4A                 LSR                     ; shift b1 - b0 ..
00D86B  2  6A                 ROR                     ; ..
00D86C  2  6A                 ROR                     ; .. to b7 - b6
00D86D  2  85 B9              STA   FAC1_r            ; save FAC1 rounding byte
00D86F  2  28                 PLP                     ; dump FAC2-FAC1 compare status
00D870  2  4C 78 D8           JMP   LAB_273C          ; copy temp to FAC1, normalise and return
00D873  2               
00D873  2               ; do "Divide by zero" error
00D873  2               
00D873  2               LAB_2737
00D873  2  A2 14              LDX   #$14              ; error code $14 ("Divide by zero" error)
00D875  2  4C 3C C1           JMP   LAB_XERR          ; do error #X, then warm start
00D878  2               
00D878  2               ; copy temp to FAC1 and normalise
00D878  2               
00D878  2               LAB_273C
00D878  2  A5 75              LDA   FACt_1            ; get temp mantissa1
00D87A  2  85 AD              STA   FAC1_1            ; save FAC1 mantissa1
00D87C  2  A5 76              LDA   FACt_2            ; get temp mantissa2
00D87E  2  85 AE              STA   FAC1_2            ; save FAC1 mantissa2
00D880  2  A5 77              LDA   FACt_3            ; get temp mantissa3
00D882  2  85 AF              STA   FAC1_3            ; save FAC1 mantissa3
00D884  2  4C 3E D6           JMP   LAB_24D5          ; normalise FAC1 and return
00D887  2               
00D887  2               ; unpack memory (AY) into FAC1
00D887  2               
00D887  2               LAB_UFAC
00D887  2  85 71              STA   ut1_pl            ; save pointer low byte
00D889  2  84 72              STY   ut1_ph            ; save pointer high byte
00D88B  2  A0 03              LDY   #$03              ; 4 bytes to do
00D88D  2  B1 71              LDA   (ut1_pl),Y        ; get last byte
00D88F  2  85 AF              STA   FAC1_3            ; save FAC1 mantissa3
00D891  2  88                 DEY                     ; decrement index
00D892  2  B1 71              LDA   (ut1_pl),Y        ; get last-1 byte
00D894  2  85 AE              STA   FAC1_2            ; save FAC1 mantissa2
00D896  2  88                 DEY                     ; decrement index
00D897  2  B1 71              LDA   (ut1_pl),Y        ; get second byte
00D899  2  85 B0              STA   FAC1_s            ; save FAC1 sign (b7)
00D89B  2  09 80              ORA   #$80              ; set 1xxx xxxx (add normal bit)
00D89D  2  85 AD              STA   FAC1_1            ; save FAC1 mantissa1
00D89F  2  88                 DEY                     ; decrement index
00D8A0  2  B1 71              LDA   (ut1_pl),Y        ; get first byte (exponent)
00D8A2  2  85 AC              STA   FAC1_e            ; save FAC1 exponent
00D8A4  2  84 B9              STY   FAC1_r            ; clear FAC1 rounding byte
00D8A6  2  60                 RTS
00D8A7  2               
00D8A7  2               ; pack FAC1 into Adatal
00D8A7  2               
00D8A7  2               LAB_276E
00D8A7  2  A2 A4              LDX   #<Adatal          ; set pointer low byte
00D8A9  2               LAB_2770
00D8A9  2  A0 00              LDY   #>Adatal          ; set pointer high byte
00D8AB  2  F0 04              BEQ   LAB_2778          ; pack FAC1 into (XY) and return
00D8AD  2               
00D8AD  2               ; pack FAC1 into (Lvarpl)
00D8AD  2               
00D8AD  2               LAB_PFAC
00D8AD  2  A6 97              LDX   Lvarpl            ; get destination pointer low byte
00D8AF  2  A4 98              LDY   Lvarph            ; get destination pointer high byte
00D8B1  2               
00D8B1  2               ; pack FAC1 into (XY)
00D8B1  2               
00D8B1  2               LAB_2778
00D8B1  2  20 E3 D8           JSR   LAB_27BA          ; round FAC1
00D8B4  2  86 71              STX   ut1_pl            ; save pointer low byte
00D8B6  2  84 72              STY   ut1_ph            ; save pointer high byte
00D8B8  2  A0 03              LDY   #$03              ; set index
00D8BA  2  A5 AF              LDA   FAC1_3            ; get FAC1 mantissa3
00D8BC  2  91 71              STA   (ut1_pl),Y        ; store in destination
00D8BE  2  88                 DEY                     ; decrement index
00D8BF  2  A5 AE              LDA   FAC1_2            ; get FAC1 mantissa2
00D8C1  2  91 71              STA   (ut1_pl),Y        ; store in destination
00D8C3  2  88                 DEY                     ; decrement index
00D8C4  2  A5 B0              LDA   FAC1_s            ; get FAC1 sign (b7)
00D8C6  2  09 7F              ORA   #$7F              ; set bits x111 1111
00D8C8  2  25 AD              AND   FAC1_1            ; AND in FAC1 mantissa1
00D8CA  2  91 71              STA   (ut1_pl),Y        ; store in destination
00D8CC  2  88                 DEY                     ; decrement index
00D8CD  2  A5 AC              LDA   FAC1_e            ; get FAC1 exponent
00D8CF  2  91 71              STA   (ut1_pl),Y        ; store in destination
00D8D1  2  84 B9              STY   FAC1_r            ; clear FAC1 rounding byte
00D8D3  2  60                 RTS
00D8D4  2               
00D8D4  2               ; round and copy FAC1 to FAC2
00D8D4  2               
00D8D4  2               LAB_27AB
00D8D4  2  20 E3 D8           JSR   LAB_27BA          ; round FAC1
00D8D7  2               
00D8D7  2               ; copy FAC1 to FAC2
00D8D7  2               
00D8D7  2               LAB_27AE
00D8D7  2  A2 05              LDX   #$05              ; 5 bytes to copy
00D8D9  2               LAB_27B0
00D8D9  2  B5 AB              LDA   FAC1_e-1,X        ; get byte from FAC1,X
00D8DB  2  95 B2              STA   FAC1_o,X          ; save byte at FAC2,X
00D8DD  2  CA                 DEX                     ; decrement count
00D8DE  2  D0 F9              BNE   LAB_27B0          ; loop if not all done
00D8E0  2               
00D8E0  2  86 B9              STX   FAC1_r            ; clear FAC1 rounding byte
00D8E2  2               LAB_27B9
00D8E2  2  60                 RTS
00D8E3  2               
00D8E3  2               ; round FAC1
00D8E3  2               
00D8E3  2               LAB_27BA
00D8E3  2  A5 AC              LDA   FAC1_e            ; get FAC1 exponent
00D8E5  2  F0 FB              BEQ   LAB_27B9          ; exit if zero
00D8E7  2               
00D8E7  2  06 B9              ASL   FAC1_r            ; shift FAC1 rounding byte
00D8E9  2  90 F7              BCC   LAB_27B9          ; exit if no overflow
00D8EB  2               
00D8EB  2               ; round FAC1 (no check)
00D8EB  2               
00D8EB  2               LAB_27C2
00D8EB  2  20 C2 D6           JSR   LAB_2559          ; increment FAC1 mantissa
00D8EE  2  D0 F2              BNE   LAB_27B9          ; branch if no overflow
00D8F0  2               
00D8F0  2  4C 93 D6           JMP   LAB_252A          ; normalise FAC1 for C=1 and return
00D8F3  2               
00D8F3  2               ; get FAC1 sign
00D8F3  2               ; return A=FF,C=1/-ve A=01,C=0/+ve
00D8F3  2               
00D8F3  2               LAB_27CA
00D8F3  2  A5 AC              LDA   FAC1_e            ; get FAC1 exponent
00D8F5  2  F0 09              BEQ   LAB_27D7          ; exit if zero (already correct SGN(0)=0)
00D8F7  2               
00D8F7  2               ; return A=FF,C=1/-ve A=01,C=0/+ve
00D8F7  2               ; no = 0 check
00D8F7  2               
00D8F7  2               LAB_27CE
00D8F7  2  A5 B0              LDA   FAC1_s            ; else get FAC1 sign (b7)
00D8F9  2               
00D8F9  2               ; return A=FF,C=1/-ve A=01,C=0/+ve
00D8F9  2               ; no = 0 check, sign in A
00D8F9  2               
00D8F9  2               LAB_27D0
00D8F9  2  2A                 ROL                     ; move sign bit to carry
00D8FA  2  A9 FF              LDA   #$FF              ; set byte for -ve result
00D8FC  2  B0 02              BCS   LAB_27D7          ; return if sign was set (-ve)
00D8FE  2               
00D8FE  2  A9 01              LDA   #$01              ; else set byte for +ve result
00D900  2               LAB_27D7
00D900  2  60                 RTS
00D901  2               
00D901  2               ; perform SGN()
00D901  2               
00D901  2               LAB_SGN
00D901  2  20 F3 D8           JSR   LAB_27CA          ; get FAC1 sign
00D904  2                                             ; return A=$FF/-ve A=$01/+ve
00D904  2               ; save A as integer byte
00D904  2               
00D904  2               LAB_27DB
00D904  2  85 AD              STA   FAC1_1            ; save FAC1 mantissa1
00D906  2  A9 00              LDA   #$00              ; clear A
00D908  2  85 AE              STA   FAC1_2            ; clear FAC1 mantissa2
00D90A  2  A2 88              LDX   #$88              ; set exponent
00D90C  2               
00D90C  2               ; set exp=X, clearFAC1 mantissa3 and normalise
00D90C  2               
00D90C  2               LAB_27E3
00D90C  2  A5 AD              LDA   FAC1_1            ; get FAC1 mantissa1
00D90E  2  49 FF              EOR   #$FF              ; complement it
00D910  2  2A                 ROL                     ; sign bit into carry
00D911  2               
00D911  2               ; set exp=X, clearFAC1 mantissa3 and normalise
00D911  2               
00D911  2               LAB_STFA
00D911  2  A9 00              LDA   #$00              ; clear A
00D913  2  85 AF              STA   FAC1_3            ; clear FAC1 mantissa3
00D915  2  86 AC              STX   FAC1_e            ; set FAC1 exponent
00D917  2  85 B9              STA   FAC1_r            ; clear FAC1 rounding byte
00D919  2  85 B0              STA   FAC1_s            ; clear FAC1 sign (b7)
00D91B  2  4C 39 D6           JMP   LAB_24D0          ; do ABS and normalise FAC1
00D91E  2               
00D91E  2               ; perform ABS()
00D91E  2               
00D91E  2               LAB_ABS
00D91E  2  46 B0              LSR   FAC1_s            ; clear FAC1 sign (put zero in b7)
00D920  2  60                 RTS
00D921  2               
00D921  2               ; compare FAC1 with (AY)
00D921  2               ; returns A=$00 if FAC1 = (AY)
00D921  2               ; returns A=$01 if FAC1 > (AY)
00D921  2               ; returns A=$FF if FAC1 < (AY)
00D921  2               
00D921  2               LAB_27F8
00D921  2  85 73              STA   ut2_pl            ; save pointer low byte
00D923  2               LAB_27FA
00D923  2  84 74              STY   ut2_ph            ; save pointer high byte
00D925  2  A0 00              LDY   #$00              ; clear index
00D927  2  B1 73              LDA   (ut2_pl),Y        ; get exponent
00D929  2  C8                 INY                     ; increment index
00D92A  2  AA                 TAX                     ; copy (AY) exponent to X
00D92B  2  F0 C6              BEQ   LAB_27CA          ; branch if (AY) exponent=0 and get FAC1 sign
00D92D  2                                             ; A=FF,C=1/-ve A=01,C=0/+ve
00D92D  2               
00D92D  2  B1 73              LDA   (ut2_pl),Y        ; get (AY) mantissa1 (with sign)
00D92F  2  45 B0              EOR   FAC1_s            ; EOR FAC1 sign (b7)
00D931  2  30 C4              BMI   LAB_27CE          ; if signs <> do return A=FF,C=1/-ve
00D933  2                                             ; A=01,C=0/+ve and return
00D933  2               
00D933  2  E4 AC              CPX   FAC1_e            ; compare (AY) exponent with FAC1 exponent
00D935  2  D0 1A              BNE   LAB_2828          ; branch if different
00D937  2               
00D937  2  B1 73              LDA   (ut2_pl),Y        ; get (AY) mantissa1 (with sign)
00D939  2  09 80              ORA   #$80              ; normalise top bit
00D93B  2  C5 AD              CMP   FAC1_1            ; compare with FAC1 mantissa1
00D93D  2  D0 12              BNE   LAB_2828          ; branch if different
00D93F  2               
00D93F  2  C8                 INY                     ; increment index
00D940  2  B1 73              LDA   (ut2_pl),Y        ; get mantissa2
00D942  2  C5 AE              CMP   FAC1_2            ; compare with FAC1 mantissa2
00D944  2  D0 0B              BNE   LAB_2828          ; branch if different
00D946  2               
00D946  2  C8                 INY                     ; increment index
00D947  2  A9 7F              LDA   #$7F              ; set for 1/2 value rounding byte
00D949  2  C5 B9              CMP   FAC1_r            ; compare with FAC1 rounding byte (set carry)
00D94B  2  B1 73              LDA   (ut2_pl),Y        ; get mantissa3
00D94D  2  E5 AF              SBC   FAC1_3            ; subtract FAC1 mantissa3
00D94F  2  F0 28              BEQ   LAB_2850          ; exit if mantissa3 equal
00D951  2               
00D951  2               ; gets here if number <> FAC1
00D951  2               
00D951  2               LAB_2828
00D951  2  A5 B0              LDA   FAC1_s            ; get FAC1 sign (b7)
00D953  2  90 02              BCC   LAB_282E          ; branch if FAC1 > (AY)
00D955  2               
00D955  2  49 FF              EOR   #$FF              ; else toggle FAC1 sign
00D957  2               LAB_282E
00D957  2  4C F9 D8           JMP   LAB_27D0          ; return A=FF,C=1/-ve A=01,C=0/+ve
00D95A  2               
00D95A  2               ; convert FAC1 floating-to-fixed
00D95A  2               
00D95A  2               LAB_2831
00D95A  2  A5 AC              LDA   FAC1_e            ; get FAC1 exponent
00D95C  2  F0 4A              BEQ   LAB_287F          ; if zero go clear FAC1 and return
00D95E  2               
00D95E  2  38                 SEC                     ; set carry for subtract
00D95F  2  E9 98              SBC   #$98              ; subtract maximum integer range exponent
00D961  2  24 B0              BIT   FAC1_s            ; test FAC1 sign (b7)
00D963  2  10 09              BPL   LAB_2845          ; branch if FAC1 +ve
00D965  2               
00D965  2                                             ; FAC1 was -ve
00D965  2  AA                 TAX                     ; copy subtracted exponent
00D966  2  A9 FF              LDA   #$FF              ; overflow for -ve number
00D968  2  85 B2              STA   FAC1_o            ; set FAC1 overflow byte
00D96A  2  20 A6 D6           JSR   LAB_253D          ; twos complement FAC1 mantissa
00D96D  2  8A                 TXA                     ; restore subtracted exponent
00D96E  2               LAB_2845
00D96E  2  A2 AC              LDX   #FAC1_e           ; set index to FAC1
00D970  2  C9 F9              CMP   #$F9              ; compare exponent result
00D972  2  10 06              BPL   LAB_2851          ; if < 8 shifts shift FAC1 A times right and return
00D974  2               
00D974  2  20 E4 D6           JSR   LAB_257B          ; shift FAC1 A times right (> 8 shifts)
00D977  2  84 B2              STY   FAC1_o            ; clear FAC1 overflow byte
00D979  2               LAB_2850
00D979  2  60                 RTS
00D97A  2               
00D97A  2               ; shift FAC1 A times right
00D97A  2               
00D97A  2               LAB_2851
00D97A  2  A8                 TAY                     ; copy shift count
00D97B  2  A5 B0              LDA   FAC1_s            ; get FAC1 sign (b7)
00D97D  2  29 80              AND   #$80              ; mask sign bit only (x000 0000)
00D97F  2  46 AD              LSR   FAC1_1            ; shift FAC1 mantissa1
00D981  2  05 AD              ORA   FAC1_1            ; OR sign in b7 FAC1 mantissa1
00D983  2  85 AD              STA   FAC1_1            ; save FAC1 mantissa1
00D985  2  20 FB D6           JSR   LAB_2592          ; shift FAC1 Y times right
00D988  2  84 B2              STY   FAC1_o            ; clear FAC1 overflow byte
00D98A  2  60                 RTS
00D98B  2               
00D98B  2               ; perform INT()
00D98B  2               
00D98B  2               LAB_INT
00D98B  2  A5 AC              LDA   FAC1_e            ; get FAC1 exponent
00D98D  2  C9 98              CMP   #$98              ; compare with max int
00D98F  2  B0 1E              BCS   LAB_2886          ; exit if >= (already int, too big for fractional part!)
00D991  2               
00D991  2  20 5A D9           JSR   LAB_2831          ; convert FAC1 floating-to-fixed
00D994  2  84 B9              STY   FAC1_r            ; save FAC1 rounding byte
00D996  2  A5 B0              LDA   FAC1_s            ; get FAC1 sign (b7)
00D998  2  84 B0              STY   FAC1_s            ; save FAC1 sign (b7)
00D99A  2  49 80              EOR   #$80              ; toggle FAC1 sign
00D99C  2  2A                 ROL                     ; shift into carry
00D99D  2  A9 98              LDA   #$98              ; set new exponent
00D99F  2  85 AC              STA   FAC1_e            ; save FAC1 exponent
00D9A1  2  A5 AF              LDA   FAC1_3            ; get FAC1 mantissa3
00D9A3  2  85 5B              STA   Temp3             ; save for EXP() function
00D9A5  2  4C 39 D6           JMP   LAB_24D0          ; do ABS and normalise FAC1
00D9A8  2               
00D9A8  2               ; clear FAC1 and return
00D9A8  2               
00D9A8  2               LAB_287F
00D9A8  2  85 AD              STA   FAC1_1            ; clear FAC1 mantissa1
00D9AA  2  85 AE              STA   FAC1_2            ; clear FAC1 mantissa2
00D9AC  2  85 AF              STA   FAC1_3            ; clear FAC1 mantissa3
00D9AE  2  A8                 TAY                     ; clear Y
00D9AF  2               LAB_2886
00D9AF  2  60                 RTS
00D9B0  2               
00D9B0  2               ; get FAC1 from string
00D9B0  2               ; this routine now handles hex and binary values from strings
00D9B0  2               ; starting with "$" and "%" respectively
00D9B0  2               
00D9B0  2               LAB_2887
00D9B0  2  A0 00              LDY   #$00              ; clear Y
00D9B2  2  84 5F              STY   Dtypef            ; clear data type flag, $FF=string, $00=numeric
00D9B4  2  A2 09              LDX   #$09              ; set index
00D9B6  2               LAB_288B
00D9B6  2  94 A8              STY   numexp,X          ; clear byte
00D9B8  2  CA                 DEX                     ; decrement index
00D9B9  2  10 FB              BPL   LAB_288B          ; loop until numexp to negnum (and FAC1) = $00
00D9BB  2               
00D9BB  2  90 7F              BCC   LAB_28FE          ; branch if 1st character numeric
00D9BD  2               
00D9BD  2               ; get FAC1 from string .. first character wasn't numeric
00D9BD  2               
00D9BD  2  C9 2D              CMP   #'-'              ; else compare with "-"
00D9BF  2  D0 04              BNE   LAB_289A          ; branch if not "-"
00D9C1  2               
00D9C1  2  86 B1              STX   negnum            ; set flag for -ve number (X = $FF)
00D9C3  2  F0 04              BEQ   LAB_289C          ; branch always (go scan and check for hex/bin)
00D9C5  2               
00D9C5  2               ; get FAC1 from string .. first character wasn't numeric or -
00D9C5  2               
00D9C5  2               LAB_289A
00D9C5  2  C9 2B              CMP   #'+'              ; else compare with "+"
00D9C7  2  D0 05              BNE   LAB_289D          ; branch if not "+" (go check for hex/bin)
00D9C9  2               
00D9C9  2               ; was "+" or "-" to start, so get next character
00D9C9  2               
00D9C9  2               LAB_289C
00D9C9  2  20 BC 00           JSR   LAB_IGBY          ; increment and scan memory
00D9CC  2  90 6E              BCC   LAB_28FE          ; branch if numeric character
00D9CE  2               
00D9CE  2               ; code here for hex and binary numbers
00D9CE  2               
00D9CE  2               LAB_289D
00D9CE  2  C9 24              CMP   #'$'              ; else compare with "$"
00D9D0  2  D0 03              BNE   LAB_NHEX          ; branch if not "$"
00D9D2  2               
00D9D2  2  4C 7A DE           JMP   LAB_CHEX          ; branch if "$"
00D9D5  2               
00D9D5  2               LAB_NHEX
00D9D5  2  C9 25              CMP   #'%'              ; else compare with "%"
00D9D7  2  D0 08              BNE   LAB_28A3          ; branch if not "%" (continue original code)
00D9D9  2               
00D9D9  2  4C A8 DE           JMP   LAB_CBIN          ; branch if "%"
00D9DC  2               
00D9DC  2               LAB_289E
00D9DC  2  20 BC 00           JSR   LAB_IGBY          ; increment and scan memory (ignore + or get next number)
00D9DF  2               LAB_28A1
00D9DF  2  90 5B              BCC   LAB_28FE          ; branch if numeric character
00D9E1  2               
00D9E1  2               ; get FAC1 from string .. character wasn't numeric, -, +, hex or binary
00D9E1  2               
00D9E1  2               LAB_28A3
00D9E1  2  C9 2E              CMP   #'.'              ; else compare with "."
00D9E3  2  F0 2E              BEQ   LAB_28D5          ; branch if "."
00D9E5  2               
00D9E5  2               ; get FAC1 from string .. character wasn't numeric, -, + or .
00D9E5  2               
00D9E5  2  C9 45              CMP   #'E'              ; else compare with "E"
00D9E7  2  D0 30              BNE   LAB_28DB          ; branch if not "E"
00D9E9  2               
00D9E9  2                                             ; was "E" so evaluate exponential part
00D9E9  2  20 BC 00           JSR   LAB_IGBY          ; increment and scan memory
00D9EC  2  90 17              BCC   LAB_28C7          ; branch if numeric character
00D9EE  2               
00D9EE  2  C9 B9              CMP   #TK_MINUS         ; else compare with token for -
00D9F0  2  F0 0E              BEQ   LAB_28C2          ; branch if token for -
00D9F2  2               
00D9F2  2  C9 2D              CMP   #'-'              ; else compare with "-"
00D9F4  2  F0 0A              BEQ   LAB_28C2          ; branch if "-"
00D9F6  2               
00D9F6  2  C9 B8              CMP   #TK_PLUS          ; else compare with token for +
00D9F8  2  F0 08              BEQ   LAB_28C4          ; branch if token for +
00D9FA  2               
00D9FA  2  C9 2B              CMP   #'+'              ; else compare with "+"
00D9FC  2  F0 04              BEQ   LAB_28C4          ; branch if "+"
00D9FE  2               
00D9FE  2  D0 07              BNE   LAB_28C9          ; branch always
00DA00  2               
00DA00  2               LAB_28C2
00DA00  2  66 AB              ROR   expneg            ; set exponent -ve flag (C, which=1, into b7)
00DA02  2               LAB_28C4
00DA02  2  20 BC 00           JSR   LAB_IGBY          ; increment and scan memory
00DA05  2               LAB_28C7
00DA05  2  90 5B              BCC   LAB_2925          ; branch if numeric character
00DA07  2               
00DA07  2               LAB_28C9
00DA07  2  24 AB              BIT   expneg            ; test exponent -ve flag
00DA09  2  10 0E              BPL   LAB_28DB          ; if +ve go evaluate exponent
00DA0B  2               
00DA0B  2                                             ; else do exponent = -exponent
00DA0B  2  A9 00              LDA   #$00              ; clear result
00DA0D  2  38                 SEC                     ; set carry for subtract
00DA0E  2  E5 A9              SBC   expcnt            ; subtract exponent byte
00DA10  2  4C 1B DA           JMP   LAB_28DD          ; go evaluate exponent
00DA13  2               
00DA13  2               LAB_28D5
00DA13  2  66 AA              ROR   numdpf            ; set decimal point flag
00DA15  2  24 AA              BIT   numdpf            ; test decimal point flag
00DA17  2  50 C3              BVC   LAB_289E          ; branch if only one decimal point so far
00DA19  2               
00DA19  2                                             ; evaluate exponent
00DA19  2               LAB_28DB
00DA19  2  A5 A9              LDA   expcnt            ; get exponent count byte
00DA1B  2               LAB_28DD
00DA1B  2  38                 SEC                     ; set carry for subtract
00DA1C  2  E5 A8              SBC   numexp            ; subtract numerator exponent
00DA1E  2  85 A9              STA   expcnt            ; save exponent count byte
00DA20  2  F0 12              BEQ   LAB_28F6          ; branch if no adjustment
00DA22  2               
00DA22  2  10 09              BPL   LAB_28EF          ; else if +ve go do FAC1*10^expcnt
00DA24  2               
00DA24  2                                             ; else go do FAC1/10^(0-expcnt)
00DA24  2               LAB_28E6
00DA24  2  20 FA D7           JSR   LAB_26B9          ; divide by 10
00DA27  2  E6 A9              INC   expcnt            ; increment exponent count byte
00DA29  2  D0 F9              BNE   LAB_28E6          ; loop until all done
00DA2B  2               
00DA2B  2  F0 07              BEQ   LAB_28F6          ; branch always
00DA2D  2               
00DA2D  2               LAB_28EF
00DA2D  2  20 E1 D7           JSR   LAB_269E          ; multiply by 10
00DA30  2  C6 A9              DEC   expcnt            ; decrement exponent count byte
00DA32  2  D0 F9              BNE   LAB_28EF          ; loop until all done
00DA34  2               
00DA34  2               LAB_28F6
00DA34  2  A5 B1              LDA   negnum            ; get -ve flag
00DA36  2  30 01              BMI   LAB_28FB          ; if -ve do - FAC1 and return
00DA38  2               
00DA38  2  60                 RTS
00DA39  2               
00DA39  2               ; do - FAC1 and return
00DA39  2               
00DA39  2               LAB_28FB
00DA39  2  4C FE DB           JMP   LAB_GTHAN         ; do - FAC1 and return
00DA3C  2               
00DA3C  2               ; do unsigned FAC1*10+number
00DA3C  2               
00DA3C  2               LAB_28FE
00DA3C  2  48                 PHA                     ; save character
00DA3D  2  24 AA              BIT   numdpf            ; test decimal point flag
00DA3F  2  10 02              BPL   LAB_2905          ; skip exponent increment if not set
00DA41  2               
00DA41  2  E6 A8              INC   numexp            ; else increment number exponent
00DA43  2               LAB_2905
00DA43  2  20 E1 D7           JSR   LAB_269E          ; multiply FAC1 by 10
00DA46  2  68                 PLA                     ; restore character
00DA47  2  29 0F              AND   #$0F              ; convert to binary
00DA49  2  20 4F DA           JSR   LAB_2912          ; evaluate new ASCII digit
00DA4C  2  4C DC D9           JMP   LAB_289E          ; go do next character
00DA4F  2               
00DA4F  2               ; evaluate new ASCII digit
00DA4F  2               
00DA4F  2               LAB_2912
00DA4F  2  48                 PHA                     ; save digit
00DA50  2  20 D4 D8           JSR   LAB_27AB          ; round and copy FAC1 to FAC2
00DA53  2  68                 PLA                     ; restore digit
00DA54  2  20 04 D9           JSR   LAB_27DB          ; save A as integer byte
00DA57  2  A5 B7              LDA   FAC2_s            ; get FAC2 sign (b7)
00DA59  2  45 B0              EOR   FAC1_s            ; toggle with FAC1 sign (b7)
00DA5B  2  85 B8              STA   FAC_sc            ; save sign compare (FAC1 EOR FAC2)
00DA5D  2  A6 AC              LDX   FAC1_e            ; get FAC1 exponent
00DA5F  2  4C CB D5           JMP   LAB_ADD           ; add FAC2 to FAC1 and return
00DA62  2               
00DA62  2               ; evaluate next character of exponential part of number
00DA62  2               
00DA62  2               LAB_2925
00DA62  2  A5 A9              LDA   expcnt            ; get exponent count byte
00DA64  2  C9 0A              CMP   #$0A              ; compare with 10 decimal
00DA66  2  90 09              BCC   LAB_2934          ; branch if less
00DA68  2               
00DA68  2  A9 64              LDA   #$64              ; make all -ve exponents = -100 decimal (causes underflow)
00DA6A  2  24 AB              BIT   expneg            ; test exponent -ve flag
00DA6C  2  30 0E              BMI   LAB_2942          ; branch if -ve
00DA6E  2               
00DA6E  2  4C CD D6           JMP   LAB_2564          ; else do overflow error
00DA71  2               
00DA71  2               LAB_2934
00DA71  2  0A                 ASL                     ; * 2
00DA72  2  0A                 ASL                     ; * 4
00DA73  2  65 A9              ADC   expcnt            ; * 5
00DA75  2  0A                 ASL                     ; * 10
00DA76  2  A0 00              LDY   #$00              ; set index
00DA78  2  71 C3              ADC   (Bpntrl),Y        ; add character (will be $30 too much!)
00DA7A  2  E9 2F              SBC   #'0'-1            ; convert character to binary
00DA7C  2               LAB_2942
00DA7C  2  85 A9              STA   expcnt            ; save exponent count byte
00DA7E  2  4C 02 DA           JMP   LAB_28C4          ; go get next character
00DA81  2               
00DA81  2               ; print " in line [LINE #]"
00DA81  2               
00DA81  2               LAB_2953
00DA81  2  A9 11              LDA   #<LAB_LMSG        ; point to " in line " message low byte
00DA83  2  A0 E8              LDY   #>LAB_LMSG        ; point to " in line " message high byte
00DA85  2  20 D1 C8           JSR   LAB_18C3          ; print null terminated string from memory
00DA88  2               
00DA88  2                                             ; print Basic line #
00DA88  2  A5 88              LDA   Clineh            ; get current line high byte
00DA8A  2  A6 87              LDX   Clinel            ; get current line low byte
00DA8C  2               
00DA8C  2               ; print XA as unsigned integer
00DA8C  2               
00DA8C  2               LAB_295E
00DA8C  2  85 AD              STA   FAC1_1            ; save low byte as FAC1 mantissa1
00DA8E  2  86 AE              STX   FAC1_2            ; save high byte as FAC1 mantissa2
00DA90  2  A2 90              LDX   #$90              ; set exponent to 16d bits
00DA92  2  38                 SEC                     ; set integer is +ve flag
00DA93  2  20 11 D9           JSR   LAB_STFA          ; set exp=X, clearFAC1 mantissa3 and normalise
00DA96  2  A0 00              LDY   #$00              ; clear index
00DA98  2  98                 TYA                     ; clear A
00DA99  2  20 AC DA           JSR   LAB_297B          ; convert FAC1 to string, skip sign character save
00DA9C  2  4C D1 C8           JMP   LAB_18C3          ; print null terminated string from memory and return
00DA9F  2               
00DA9F  2               ; convert FAC1 to ASCII string result in (AY)
00DA9F  2               ; not any more, moved scratchpad to page 0
00DA9F  2               
00DA9F  2               LAB_296E
00DA9F  2  A0 01              LDY   #$01              ; set index = 1
00DAA1  2  A9 20              LDA   #$20              ; character = " " (assume +ve)
00DAA3  2  24 B0              BIT   FAC1_s            ; test FAC1 sign (b7)
00DAA5  2  10 02              BPL   LAB_2978          ; branch if +ve
00DAA7  2               
00DAA7  2  A9 2D              LDA   #$2D              ; else character = "-"
00DAA9  2               LAB_2978
00DAA9  2  99 EF 00           STA   Decss,Y           ; save leading character (" " or "-")
00DAAC  2               LAB_297B
00DAAC  2  85 B0              STA   FAC1_s            ; clear FAC1 sign (b7)
00DAAE  2  84 BA              STY   Sendl             ; save index
00DAB0  2  C8                 INY                     ; increment index
00DAB1  2  A6 AC              LDX   FAC1_e            ; get FAC1 exponent
00DAB3  2  D0 05              BNE   LAB_2989          ; branch if FAC1<>0
00DAB5  2               
00DAB5  2                                             ; exponent was $00 so FAC1 is 0
00DAB5  2  A9 30              LDA   #'0'              ; set character = "0"
00DAB7  2  4C B8 DB           JMP   LAB_2A89          ; save last character, [EOT] and exit
00DABA  2               
00DABA  2                                             ; FAC1 is some non zero value
00DABA  2               LAB_2989
00DABA  2  A9 00              LDA   #$00              ; clear (number exponent count)
00DABC  2  E0 81              CPX   #$81              ; compare FAC1 exponent with $81 (>1.00000)
00DABE  2               
00DABE  2  B0 09              BCS   LAB_299A          ; branch if FAC1=>1
00DAC0  2               
00DAC0  2                                             ; FAC1<1
00DAC0  2  A9 93              LDA   #<LAB_294F        ; set pointer low byte to 1,000,000
00DAC2  2  A0 E1              LDY   #>LAB_294F        ; set pointer high byte to 1,000,000
00DAC4  2  20 43 D7           JSR   LAB_25FB          ; do convert AY, FCA1*(AY)
00DAC7  2  A9 FA              LDA   #$FA              ; set number exponent count (-6)
00DAC9  2               LAB_299A
00DAC9  2  85 A8              STA   numexp            ; save number exponent count
00DACB  2               LAB_299C
00DACB  2  A9 8F              LDA   #<LAB_294B        ; set pointer low byte to 999999.4375 (max before sci note)
00DACD  2  A0 E1              LDY   #>LAB_294B        ; set pointer high byte to 999999.4375
00DACF  2  20 21 D9           JSR   LAB_27F8          ; compare FAC1 with (AY)
00DAD2  2  F0 1E              BEQ   LAB_29C3          ; exit if FAC1 = (AY)
00DAD4  2               
00DAD4  2  10 12              BPL   LAB_29B9          ; go do /10 if FAC1 > (AY)
00DAD6  2               
00DAD6  2                                             ; FAC1 < (AY)
00DAD6  2               LAB_29A7
00DAD6  2  A9 8B              LDA   #<LAB_2947        ; set pointer low byte to 99999.9375
00DAD8  2  A0 E1              LDY   #>LAB_2947        ; set pointer high byte to 99999.9375
00DADA  2  20 21 D9           JSR   LAB_27F8          ; compare FAC1 with (AY)
00DADD  2  F0 02              BEQ   LAB_29B2          ; branch if FAC1 = (AY) (allow decimal places)
00DADF  2               
00DADF  2  10 0E              BPL   LAB_29C0          ; branch if FAC1 > (AY) (no decimal places)
00DAE1  2               
00DAE1  2                                             ; FAC1 <= (AY)
00DAE1  2               LAB_29B2
00DAE1  2  20 E1 D7           JSR   LAB_269E          ; multiply by 10
00DAE4  2  C6 A8              DEC   numexp            ; decrement number exponent count
00DAE6  2  D0 EE              BNE   LAB_29A7          ; go test again (branch always)
00DAE8  2               
00DAE8  2               LAB_29B9
00DAE8  2  20 FA D7           JSR   LAB_26B9          ; divide by 10
00DAEB  2  E6 A8              INC   numexp            ; increment number exponent count
00DAED  2  D0 DC              BNE   LAB_299C          ; go test again (branch always)
00DAEF  2               
00DAEF  2               ; now we have just the digits to do
00DAEF  2               
00DAEF  2               LAB_29C0
00DAEF  2  20 C4 D5           JSR   LAB_244E          ; add 0.5 to FAC1 (round FAC1)
00DAF2  2               LAB_29C3
00DAF2  2  20 5A D9           JSR   LAB_2831          ; convert FAC1 floating-to-fixed
00DAF5  2  A2 01              LDX   #$01              ; set default digits before dp = 1
00DAF7  2  A5 A8              LDA   numexp            ; get number exponent count
00DAF9  2  18                 CLC                     ; clear carry for add
00DAFA  2  69 07              ADC   #$07              ; up to 6 digits before point
00DAFC  2  30 09              BMI   LAB_29D8          ; if -ve then 1 digit before dp
00DAFE  2               
00DAFE  2  C9 08              CMP   #$08              ; A>=8 if n>=1E6
00DB00  2  B0 06              BCS   LAB_29D9          ; branch if >= $08
00DB02  2               
00DB02  2                                             ; carry is clear
00DB02  2  69 FF              ADC   #$FF              ; take 1 from digit count
00DB04  2  AA                 TAX                     ; copy to A
00DB05  2  A9 02              LDA   #$02              ;.set exponent adjust
00DB07  2               LAB_29D8
00DB07  2  38                 SEC                     ; set carry for subtract
00DB08  2               LAB_29D9
00DB08  2  E9 02              SBC   #$02              ; -2
00DB0A  2  85 A9              STA   expcnt            ;.save exponent adjust
00DB0C  2  86 A8              STX   numexp            ; save digits before dp count
00DB0E  2  8A                 TXA                     ; copy to A
00DB0F  2  F0 02              BEQ   LAB_29E4          ; branch if no digits before dp
00DB11  2               
00DB11  2  10 13              BPL   LAB_29F7          ; branch if digits before dp
00DB13  2               
00DB13  2               LAB_29E4
00DB13  2  A4 BA              LDY   Sendl             ; get output string index
00DB15  2  A9 2E              LDA   #$2E              ; character "."
00DB17  2  C8                 INY                     ; increment index
00DB18  2  99 EF 00           STA   Decss,Y           ; save to output string
00DB1B  2  8A                 TXA                     ;.
00DB1C  2  F0 06              BEQ   LAB_29F5          ;.
00DB1E  2               
00DB1E  2  A9 30              LDA   #'0'              ; character "0"
00DB20  2  C8                 INY                     ; increment index
00DB21  2  99 EF 00           STA   Decss,Y           ; save to output string
00DB24  2               LAB_29F5
00DB24  2  84 BA              STY   Sendl             ; save output string index
00DB26  2               LAB_29F7
00DB26  2  A0 00              LDY   #$00              ; clear index (point to 100,000)
00DB28  2  A2 80              LDX   #$80              ;
00DB2A  2               LAB_29FB
00DB2A  2  A5 AF              LDA   FAC1_3            ; get FAC1 mantissa3
00DB2C  2  18                 CLC                     ; clear carry for add
00DB2D  2  79 09 E2           ADC   LAB_2A9C,Y        ; add -ve LSB
00DB30  2  85 AF              STA   FAC1_3            ; save FAC1 mantissa3
00DB32  2  A5 AE              LDA   FAC1_2            ; get FAC1 mantissa2
00DB34  2  79 08 E2           ADC   LAB_2A9B,Y        ; add -ve NMSB
00DB37  2  85 AE              STA   FAC1_2            ; save FAC1 mantissa2
00DB39  2  A5 AD              LDA   FAC1_1            ; get FAC1 mantissa1
00DB3B  2  79 07 E2           ADC   LAB_2A9A,Y        ; add -ve MSB
00DB3E  2  85 AD              STA   FAC1_1            ; save FAC1 mantissa1
00DB40  2  E8                 INX                     ;
00DB41  2  B0 04              BCS   LAB_2A18          ;
00DB43  2               
00DB43  2  10 E5              BPL   LAB_29FB          ; not -ve so try again
00DB45  2               
00DB45  2  30 02              BMI   LAB_2A1A          ;
00DB47  2               
00DB47  2               LAB_2A18
00DB47  2  30 E1              BMI   LAB_29FB          ;
00DB49  2               
00DB49  2               LAB_2A1A
00DB49  2  8A                 TXA                     ;
00DB4A  2  90 04              BCC   LAB_2A21          ;
00DB4C  2               
00DB4C  2  49 FF              EOR   #$FF              ;
00DB4E  2  69 0A              ADC   #$0A              ;
00DB50  2               LAB_2A21
00DB50  2  69 2F              ADC   #'0'-1            ; add "0"-1 to result
00DB52  2  C8                 INY                     ; increment index ..
00DB53  2  C8                 INY                     ; .. to next less ..
00DB54  2  C8                 INY                     ; .. power of ten
00DB55  2  84 95              STY   Cvaral            ; save as current var address low byte
00DB57  2  A4 BA              LDY   Sendl             ; get output string index
00DB59  2  C8                 INY                     ; increment output string index
00DB5A  2  AA                 TAX                     ; copy character to X
00DB5B  2  29 7F              AND   #$7F              ; mask out top bit
00DB5D  2  99 EF 00           STA   Decss,Y           ; save to output string
00DB60  2  C6 A8              DEC   numexp            ; decrement # of characters before the dp
00DB62  2  D0 06              BNE   LAB_2A3B          ; branch if still characters to do
00DB64  2               
00DB64  2                                             ; else output the point
00DB64  2  A9 2E              LDA   #$2E              ; character "."
00DB66  2  C8                 INY                     ; increment output string index
00DB67  2  99 EF 00           STA   Decss,Y           ; save to output string
00DB6A  2               LAB_2A3B
00DB6A  2  84 BA              STY   Sendl             ; save output string index
00DB6C  2  A4 95              LDY   Cvaral            ; get current var address low byte
00DB6E  2  8A                 TXA                     ; get character back
00DB6F  2  49 FF              EOR   #$FF              ;
00DB71  2  29 80              AND   #$80              ;
00DB73  2  AA                 TAX                     ;
00DB74  2  C0 12              CPY   #$12              ; compare index with max
00DB76  2  D0 B2              BNE   LAB_29FB          ; loop if not max
00DB78  2               
00DB78  2                                             ; now remove trailing zeroes
00DB78  2  A4 BA              LDY   Sendl             ; get output string index
00DB7A  2               LAB_2A4B
00DB7A  2  B9 EF 00           LDA   Decss,Y           ; get character from output string
00DB7D  2  88                 DEY                     ; decrement output string index
00DB7E  2  C9 30              CMP   #'0'              ; compare with "0"
00DB80  2  F0 F8              BEQ   LAB_2A4B          ; loop until non "0" character found
00DB82  2               
00DB82  2  C9 2E              CMP   #'.'              ; compare with "."
00DB84  2  F0 01              BEQ   LAB_2A58          ; branch if was dp
00DB86  2               
00DB86  2                                             ; restore last character
00DB86  2  C8                 INY                     ; increment output string index
00DB87  2               LAB_2A58
00DB87  2  A9 2B              LDA   #$2B              ; character "+"
00DB89  2  A6 A9              LDX   expcnt            ; get exponent count
00DB8B  2  F0 2E              BEQ   LAB_2A8C          ; if zero go set null terminator and exit
00DB8D  2               
00DB8D  2                                             ; exponent isn't zero so write exponent
00DB8D  2  10 08              BPL   LAB_2A68          ; branch if exponent count +ve
00DB8F  2               
00DB8F  2  A9 00              LDA   #$00              ; clear A
00DB91  2  38                 SEC                     ; set carry for subtract
00DB92  2  E5 A9              SBC   expcnt            ; subtract exponent count adjust (convert -ve to +ve)
00DB94  2  AA                 TAX                     ; copy exponent count to X
00DB95  2  A9 2D              LDA   #'-'              ; character "-"
00DB97  2               LAB_2A68
00DB97  2  99 F1 00           STA   Decss+2,Y         ; save to output string
00DB9A  2  A9 45              LDA   #$45              ; character "E"
00DB9C  2  99 F0 00           STA   Decss+1,Y         ; save exponent sign to output string
00DB9F  2  8A                 TXA                     ; get exponent count back
00DBA0  2  A2 2F              LDX   #'0'-1            ; one less than "0" character
00DBA2  2  38                 SEC                     ; set carry for subtract
00DBA3  2               LAB_2A74
00DBA3  2  E8                 INX                     ; increment 10's character
00DBA4  2  E9 0A              SBC   #$0A              ;.subtract 10 from exponent count
00DBA6  2  B0 FB              BCS   LAB_2A74          ; loop while still >= 0
00DBA8  2               
00DBA8  2  69 3A              ADC   #':'              ; add character ":" ($30+$0A, result is 10 less that value)
00DBAA  2  99 F3 00           STA   Decss+4,Y         ; save to output string
00DBAD  2  8A                 TXA                     ; copy 10's character
00DBAE  2  99 F2 00           STA   Decss+3,Y         ; save to output string
00DBB1  2  A9 00              LDA   #$00              ; set null terminator
00DBB3  2  99 F4 00           STA   Decss+5,Y         ; save to output string
00DBB6  2  F0 08              BEQ   LAB_2A91          ; go set string pointer (AY) and exit (branch always)
00DBB8  2               
00DBB8  2                                             ; save last character, [EOT] and exit
00DBB8  2               LAB_2A89
00DBB8  2  99 EF 00           STA   Decss,Y           ; save last character to output string
00DBBB  2               
00DBBB  2                                             ; set null terminator and exit
00DBBB  2               LAB_2A8C
00DBBB  2  A9 00              LDA   #$00              ; set null terminator
00DBBD  2  99 F0 00           STA   Decss+1,Y         ; save after last character
00DBC0  2               
00DBC0  2                                             ; set string pointer (AY) and exit
00DBC0  2               LAB_2A91
00DBC0  2  A9 F0              LDA   #<Decssp1         ; set result string low pointer
00DBC2  2  A0 00              LDY   #>Decssp1         ; set result string high pointer
00DBC4  2  60                 RTS
00DBC5  2               
00DBC5  2               ; perform power function
00DBC5  2               
00DBC5  2               LAB_POWER
00DBC5  2  F0 42              BEQ   LAB_EXP           ; go do  EXP()
00DBC7  2               
00DBC7  2  A5 B3              LDA   FAC2_e            ; get FAC2 exponent
00DBC9  2  D0 03              BNE   LAB_2ABF          ; branch if FAC2<>0
00DBCB  2               
00DBCB  2  4C 5C D6           JMP   LAB_24F3          ; clear FAC1 exponent and sign and return
00DBCE  2               
00DBCE  2               LAB_2ABF
00DBCE  2  A2 9C              LDX   #<func_l          ; set destination pointer low byte
00DBD0  2  A0 00              LDY   #>func_l          ; set destination pointer high byte
00DBD2  2  20 B1 D8           JSR   LAB_2778          ; pack FAC1 into (XY)
00DBD5  2  A5 B7              LDA   FAC2_s            ; get FAC2 sign (b7)
00DBD7  2  10 0F              BPL   LAB_2AD9          ; branch if FAC2>0
00DBD9  2               
00DBD9  2                                             ; else FAC2 is -ve and can only be raised to an
00DBD9  2                                             ; integer power which gives an x +j0 result
00DBD9  2  20 8B D9           JSR   LAB_INT           ; perform INT
00DBDC  2  A9 9C              LDA   #<func_l          ; set source pointer low byte
00DBDE  2  A0 00              LDY   #>func_l          ; set source pointer high byte
00DBE0  2  20 21 D9           JSR   LAB_27F8          ; compare FAC1 with (AY)
00DBE3  2  D0 03              BNE   LAB_2AD9          ; branch if FAC1 <> (AY) to allow Function Call error
00DBE5  2                                             ; this will leave FAC1 -ve and cause a Function Call
00DBE5  2                                             ; error when LOG() is called
00DBE5  2               
00DBE5  2  98                 TYA                     ; clear sign b7
00DBE6  2  A4 5B              LDY   Temp3             ; save mantissa 3 from INT() function as sign in Y
00DBE8  2                                             ; for possible later negation, b0
00DBE8  2               LAB_2AD9
00DBE8  2  20 CF D5           JSR   LAB_279D          ; save FAC1 sign and copy ABS(FAC2) to FAC1
00DBEB  2  98                 TYA                     ; copy sign back ..
00DBEC  2  48                 PHA                     ; .. and save it
00DBED  2  20 05 D7           JSR   LAB_LOG           ; do LOG(n)
00DBF0  2  A9 9C              LDA   #<garb_l          ; set pointer low byte
00DBF2  2  A0 00              LDY   #>garb_l          ; set pointer high byte
00DBF4  2  20 43 D7           JSR   LAB_25FB          ; do convert AY, FCA1*(AY) (square the value)
00DBF7  2  20 09 DC           JSR   LAB_EXP           ; go do EXP(n)
00DBFA  2  68                 PLA                     ; pull sign from stack
00DBFB  2  4A                 LSR                     ; b0 is to be tested, shift to Cb
00DBFC  2  90 0A              BCC   LAB_2AF9          ; if no bit then exit
00DBFE  2               
00DBFE  2                                             ; Perform negation
00DBFE  2               ; do - FAC1
00DBFE  2               
00DBFE  2               LAB_GTHAN
00DBFE  2  A5 AC              LDA   FAC1_e            ; get FAC1 exponent
00DC00  2  F0 06              BEQ   LAB_2AF9          ; exit if FAC1_e = $00
00DC02  2               
00DC02  2  A5 B0              LDA   FAC1_s            ; get FAC1 sign (b7)
00DC04  2  49 FF              EOR   #$FF              ; complement it
00DC06  2  85 B0              STA   FAC1_s            ; save FAC1 sign (b7)
00DC08  2               LAB_2AF9
00DC08  2  60                 RTS
00DC09  2               
00DC09  2               ; perform EXP()   (x^e)
00DC09  2               
00DC09  2               LAB_EXP
00DC09  2  A9 97              LDA   #<LAB_2AFA        ; set 1.443 pointer low byte
00DC0B  2  A0 E1              LDY   #>LAB_2AFA        ; set 1.443 pointer high byte
00DC0D  2  20 43 D7           JSR   LAB_25FB          ; do convert AY, FCA1*(AY)
00DC10  2  A5 B9              LDA   FAC1_r            ; get FAC1 rounding byte
00DC12  2  69 50              ADC   #$50              ; +$50/$100
00DC14  2  90 03              BCC   LAB_2B2B          ; skip rounding if no carry
00DC16  2               
00DC16  2  20 EB D8           JSR   LAB_27C2          ; round FAC1 (no check)
00DC19  2               LAB_2B2B
00DC19  2  85 A3              STA   FAC2_r            ; save FAC2 rounding byte
00DC1B  2  20 D7 D8           JSR   LAB_27AE          ; copy FAC1 to FAC2
00DC1E  2  A5 AC              LDA   FAC1_e            ; get FAC1 exponent
00DC20  2  C9 88              CMP   #$88              ; compare with EXP limit (256d)
00DC22  2  90 03              BCC   LAB_2B39          ; branch if less
00DC24  2               
00DC24  2               LAB_2B36
00DC24  2  20 D8 D7           JSR   LAB_2690          ; handle overflow and underflow
00DC27  2               LAB_2B39
00DC27  2  20 8B D9           JSR   LAB_INT           ; perform INT
00DC2A  2  A5 5B              LDA   Temp3             ; get mantissa 3 from INT() function
00DC2C  2  18                 CLC                     ; clear carry for add
00DC2D  2  69 81              ADC   #$81              ; normalise +1
00DC2F  2  F0 F3              BEQ   LAB_2B36          ; if $00 go handle overflow
00DC31  2               
00DC31  2  38                 SEC                     ; set carry for subtract
00DC32  2  E9 01              SBC   #$01              ; now correct for exponent
00DC34  2  48                 PHA                     ; save FAC2 exponent
00DC35  2               
00DC35  2                                             ; swap FAC1 and FAC2
00DC35  2  A2 04              LDX   #$04              ; 4 bytes to do
00DC37  2               LAB_2B49
00DC37  2  B5 B3              LDA   FAC2_e,X          ; get FAC2,X
00DC39  2  B4 AC              LDY   FAC1_e,X          ; get FAC1,X
00DC3B  2  95 AC              STA   FAC1_e,X          ; save FAC1,X
00DC3D  2  94 B3              STY   FAC2_e,X          ; save FAC2,X
00DC3F  2  CA                 DEX                     ; decrement count/index
00DC40  2  10 F5              BPL   LAB_2B49          ; loop if not all done
00DC42  2               
00DC42  2  A5 A3              LDA   FAC2_r            ; get FAC2 rounding byte
00DC44  2  85 B9              STA   FAC1_r            ; save as FAC1 rounding byte
00DC46  2  20 B0 D5           JSR   LAB_SUBTRACT      ; perform subtraction, FAC2 from FAC1
00DC49  2  20 FE DB           JSR   LAB_GTHAN         ; do - FAC1
00DC4C  2  A9 9B              LDA   #<LAB_2AFE        ; set counter pointer low byte
00DC4E  2  A0 E1              LDY   #>LAB_2AFE        ; set counter pointer high byte
00DC50  2  20 71 DC           JSR   LAB_2B84          ; go do series evaluation
00DC53  2  A9 00              LDA   #$00              ; clear A
00DC55  2  85 B8              STA   FAC_sc            ; clear sign compare (FAC1 EOR FAC2)
00DC57  2  68                 PLA                     ;.get saved FAC2 exponent
00DC58  2  4C BD D7           JMP   LAB_2675          ; test and adjust accumulators and return
00DC5B  2               
00DC5B  2               ; ^2 then series evaluation
00DC5B  2               
00DC5B  2               LAB_2B6E
00DC5B  2  85 BA              STA   Cptrl             ; save count pointer low byte
00DC5D  2  84 BB              STY   Cptrh             ; save count pointer high byte
00DC5F  2  20 A7 D8           JSR   LAB_276E          ; pack FAC1 into Adatal
00DC62  2  A9 A4              LDA   #<Adatal          ; set pointer low byte (Y already $00)
00DC64  2  20 43 D7           JSR   LAB_25FB          ; do convert AY, FCA1*(AY)
00DC67  2  20 75 DC           JSR   LAB_2B88          ; go do series evaluation
00DC6A  2  A9 A4              LDA   #<Adatal          ; pointer to original # low byte
00DC6C  2  A0 00              LDY   #>Adatal          ; pointer to original # high byte
00DC6E  2  4C 43 D7           JMP   LAB_25FB          ; do convert AY, FCA1*(AY) and return
00DC71  2               
00DC71  2               ; series evaluation
00DC71  2               
00DC71  2               LAB_2B84
00DC71  2  85 BA              STA   Cptrl             ; save count pointer low byte
00DC73  2  84 BB              STY   Cptrh             ; save count pointer high byte
00DC75  2               LAB_2B88
00DC75  2  A2 A8              LDX   #<numexp          ; set pointer low byte
00DC77  2  20 A9 D8           JSR   LAB_2770          ; set pointer high byte and pack FAC1 into numexp
00DC7A  2  B1 BA              LDA   (Cptrl),Y         ; get constants count
00DC7C  2  85 B1              STA   numcon            ; save constants count
00DC7E  2  A4 BA              LDY   Cptrl             ; get count pointer low byte
00DC80  2  C8                 INY                     ; increment it (now constants pointer)
00DC81  2  98                 TYA                     ; copy it
00DC82  2  D0 02              BNE   LAB_2B97          ; skip next if no overflow
00DC84  2               
00DC84  2  E6 BB              INC   Cptrh             ; else increment high byte
00DC86  2               LAB_2B97
00DC86  2  85 BA              STA   Cptrl             ; save low byte
00DC88  2  A4 BB              LDY   Cptrh             ; get high byte
00DC8A  2               LAB_2B9B
00DC8A  2  20 43 D7           JSR   LAB_25FB          ; do convert AY, FCA1*(AY)
00DC8D  2  A5 BA              LDA   Cptrl             ; get constants pointer low byte
00DC8F  2  A4 BB              LDY   Cptrh             ; get constants pointer high byte
00DC91  2  18                 CLC                     ; clear carry for add
00DC92  2  69 04              ADC   #$04              ; +4 to  low pointer (4 bytes per constant)
00DC94  2  90 01              BCC   LAB_2BA8          ; skip next if no overflow
00DC96  2               
00DC96  2  C8                 INY                     ; increment high byte
00DC97  2               LAB_2BA8
00DC97  2  85 BA              STA   Cptrl             ; save pointer low byte
00DC99  2  84 BB              STY   Cptrh             ; save pointer high byte
00DC9B  2  20 C8 D5           JSR   LAB_246C          ; add (AY) to FAC1
00DC9E  2  A9 A8              LDA   #<numexp          ; set pointer low byte to partial @ numexp
00DCA0  2  A0 00              LDY   #>numexp          ; set pointer high byte to partial @ numexp
00DCA2  2  C6 B1              DEC   numcon            ; decrement constants count
00DCA4  2  D0 E4              BNE   LAB_2B9B          ; loop until all done
00DCA6  2               
00DCA6  2  60                 RTS
00DCA7  2               
00DCA7  2               ; RND(n), 32 bit Galoise version. make n=0 for 19th next number in sequence or n<>0
00DCA7  2               ; to get 19th next number in sequence after seed n. This version of the PRNG uses
00DCA7  2               ; the Galois method and a sample of 65536 bytes produced gives the following values.
00DCA7  2               
00DCA7  2               ; Entropy = 7.997442 bits per byte
00DCA7  2               ; Optimum compression would reduce these 65536 bytes by 0 percent
00DCA7  2               
00DCA7  2               ; Chi square distribution for 65536 samples is 232.01, and
00DCA7  2               ; randomly would exceed this value 75.00 percent of the time
00DCA7  2               
00DCA7  2               ; Arithmetic mean value of data bytes is 127.6724, 127.5 would be random
00DCA7  2               ; Monte Carlo value for Pi is 3.122871269, error 0.60 percent
00DCA7  2               ; Serial correlation coefficient is -0.000370, totally uncorrelated would be 0.0
00DCA7  2               
00DCA7  2               LAB_RND
00DCA7  2  A5 AC              LDA   FAC1_e            ; get FAC1 exponent
00DCA9  2  F0 07              BEQ   NextPRN           ; do next random # if zero
00DCAB  2               
00DCAB  2                                             ; else get seed into random number store
00DCAB  2  A2 D8              LDX   #Rbyte4           ; set PRNG pointer low byte
00DCAD  2  A0 00              LDY   #$00              ; set PRNG pointer high byte
00DCAF  2  20 B1 D8           JSR   LAB_2778          ; pack FAC1 into (XY)
00DCB2  2               NextPRN
00DCB2  2  A2 AF              LDX   #$AF              ; set EOR byte
00DCB4  2  A0 13              LDY   #$13              ; do this nineteen times
00DCB6  2               LoopPRN
00DCB6  2  06 D9              ASL   Rbyte1            ; shift PRNG most significant byte
00DCB8  2  26 DA              ROL   Rbyte2            ; shift PRNG middle byte
00DCBA  2  26 DB              ROL   Rbyte3            ; shift PRNG least significant byte
00DCBC  2  26 D8              ROL   Rbyte4            ; shift PRNG extra byte
00DCBE  2  90 05              BCC   Ninc1             ; branch if bit 32 clear
00DCC0  2               
00DCC0  2  8A                 TXA                     ; set EOR byte
00DCC1  2  45 D9              EOR   Rbyte1            ; EOR PRNG extra byte
00DCC3  2  85 D9              STA   Rbyte1            ; save new PRNG extra byte
00DCC5  2               Ninc1
00DCC5  2  88                 DEY                     ; decrement loop count
00DCC6  2  D0 EE              BNE   LoopPRN           ; loop if not all done
00DCC8  2               
00DCC8  2  A2 02              LDX   #$02              ; three bytes to copy
00DCCA  2               CopyPRNG
00DCCA  2  B5 D9              LDA   Rbyte1,X          ; get PRNG byte
00DCCC  2  95 AD              STA   FAC1_1,X          ; save FAC1 byte
00DCCE  2  CA                 DEX
00DCCF  2  10 F9              BPL   CopyPRNG          ; loop if not complete
00DCD1  2               
00DCD1  2  A9 80              LDA   #$80              ; set the exponent
00DCD3  2  85 AC              STA   FAC1_e            ; save FAC1 exponent
00DCD5  2               
00DCD5  2  0A                 ASL                     ; clear A
00DCD6  2  85 B0              STA   FAC1_s            ; save FAC1 sign
00DCD8  2               
00DCD8  2  4C 3E D6           JMP   LAB_24D5          ; normalise FAC1 and return
00DCDB  2               
00DCDB  2               ; perform COS()
00DCDB  2               
00DCDB  2               LAB_COS
00DCDB  2  A9 B8              LDA   #<LAB_2C78        ; set (pi/2) pointer low byte
00DCDD  2  A0 E1              LDY   #>LAB_2C78        ; set (pi/2) pointer high byte
00DCDF  2  20 C8 D5           JSR   LAB_246C          ; add (AY) to FAC1
00DCE2  2               
00DCE2  2               ; perform SIN()
00DCE2  2               
00DCE2  2               LAB_SIN
00DCE2  2  20 D4 D8           JSR   LAB_27AB          ; round and copy FAC1 to FAC2
00DCE5  2  A9 CD              LDA   #<LAB_2C7C        ; set (2*pi) pointer low byte
00DCE7  2  A0 E1              LDY   #>LAB_2C7C        ; set (2*pi) pointer high byte
00DCE9  2  A6 B7              LDX   FAC2_s            ; get FAC2 sign (b7)
00DCEB  2  20 03 D8           JSR   LAB_26C2          ; divide by (AY) (X=sign)
00DCEE  2  20 D4 D8           JSR   LAB_27AB          ; round and copy FAC1 to FAC2
00DCF1  2  20 8B D9           JSR   LAB_INT           ; perform INT
00DCF4  2  A9 00              LDA   #$00              ; clear byte
00DCF6  2  85 B8              STA   FAC_sc            ; clear sign compare (FAC1 EOR FAC2)
00DCF8  2  20 B0 D5           JSR   LAB_SUBTRACT      ; perform subtraction, FAC2 from FAC1
00DCFB  2  A9 FF              LDA   #<LAB_2C80        ; set 0.25 pointer low byte
00DCFD  2  A0 E1              LDY   #>LAB_2C80        ; set 0.25 pointer high byte
00DCFF  2  20 AD D5           JSR   LAB_2455          ; perform subtraction, (AY) from FAC1
00DD02  2  A5 B0              LDA   FAC1_s            ; get FAC1 sign (b7)
00DD04  2  48                 PHA                     ; save FAC1 sign
00DD05  2  10 0D              BPL   LAB_2C35          ; branch if +ve
00DD07  2               
00DD07  2                                             ; FAC1 sign was -ve
00DD07  2  20 C4 D5           JSR   LAB_244E          ; add 0.5 to FAC1
00DD0A  2  A5 B0              LDA   FAC1_s            ; get FAC1 sign (b7)
00DD0C  2  30 09              BMI   LAB_2C38          ; branch if -ve
00DD0E  2               
00DD0E  2  A5 63              LDA   Cflag             ; get comparison evaluation flag
00DD10  2  49 FF              EOR   #$FF              ; toggle flag
00DD12  2  85 63              STA   Cflag             ; save comparison evaluation flag
00DD14  2               LAB_2C35
00DD14  2  20 FE DB           JSR   LAB_GTHAN         ; do - FAC1
00DD17  2               LAB_2C38
00DD17  2  A9 FF              LDA   #<LAB_2C80        ; set 0.25 pointer low byte
00DD19  2  A0 E1              LDY   #>LAB_2C80        ; set 0.25 pointer high byte
00DD1B  2  20 C8 D5           JSR   LAB_246C          ; add (AY) to FAC1
00DD1E  2  68                 PLA                     ; restore FAC1 sign
00DD1F  2  10 03              BPL   LAB_2C45          ; branch if was +ve
00DD21  2               
00DD21  2                                             ; else correct FAC1
00DD21  2  20 FE DB           JSR   LAB_GTHAN         ; do - FAC1
00DD24  2               LAB_2C45
00DD24  2  A9 BC              LDA   #<LAB_2C84        ; set pointer low byte to counter
00DD26  2  A0 E1              LDY   #>LAB_2C84        ; set pointer high byte to counter
00DD28  2  4C 5B DC           JMP   LAB_2B6E          ; ^2 then series evaluation and return
00DD2B  2               
00DD2B  2               ; perform TAN()
00DD2B  2               
00DD2B  2               LAB_TAN
00DD2B  2  20 A7 D8           JSR   LAB_276E          ; pack FAC1 into Adatal
00DD2E  2  A9 00              LDA   #$00              ; clear byte
00DD30  2  85 63              STA   Cflag             ; clear comparison evaluation flag
00DD32  2  20 E2 DC           JSR   LAB_SIN           ; go do SIN(n)
00DD35  2  A2 9C              LDX   #<func_l          ; set sin(n) pointer low byte
00DD37  2  A0 00              LDY   #>func_l          ; set sin(n) pointer high byte
00DD39  2  20 B1 D8           JSR   LAB_2778          ; pack FAC1 into (XY)
00DD3C  2  A9 A4              LDA   #<Adatal          ; set n pointer low addr
00DD3E  2  A0 00              LDY   #>Adatal          ; set n pointer high addr
00DD40  2  20 87 D8           JSR   LAB_UFAC          ; unpack memory (AY) into FAC1
00DD43  2  A9 00              LDA   #$00              ; clear byte
00DD45  2  85 B0              STA   FAC1_s            ; clear FAC1 sign (b7)
00DD47  2  A5 63              LDA   Cflag             ; get comparison evaluation flag
00DD49  2  20 53 DD           JSR   LAB_2C74          ; save flag and go do series evaluation
00DD4C  2               
00DD4C  2  A9 9C              LDA   #<func_l          ; set sin(n) pointer low byte
00DD4E  2  A0 00              LDY   #>func_l          ; set sin(n) pointer high byte
00DD50  2  4C 0B D8           JMP   LAB_26CA          ; convert AY and do (AY)/FAC1
00DD53  2               
00DD53  2               LAB_2C74
00DD53  2  48                 PHA                     ; save comparison evaluation flag
00DD54  2  4C 14 DD           JMP   LAB_2C35          ; go do series evaluation
00DD57  2               
00DD57  2               ; perform USR()
00DD57  2               
00DD57  2               LAB_USR
00DD57  2  20 0A 00           JSR   Usrjmp            ; call user code
00DD5A  2  4C EC CB           JMP   LAB_1BFB          ; scan for ")", else do syntax error then warm start
00DD5D  2               
00DD5D  2               ; perform ATN()
00DD5D  2               
00DD5D  2               LAB_ATN
00DD5D  2  A5 B0              LDA   FAC1_s            ; get FAC1 sign (b7)
00DD5F  2  48                 PHA                     ; save sign
00DD60  2  10 03              BPL   LAB_2CA1          ; branch if +ve
00DD62  2               
00DD62  2  20 FE DB           JSR   LAB_GTHAN         ; else do - FAC1
00DD65  2               LAB_2CA1
00DD65  2  A5 AC              LDA   FAC1_e            ; get FAC1 exponent
00DD67  2  48                 PHA                     ; push exponent
00DD68  2  C9 81              CMP   #$81              ; compare with 1
00DD6A  2  90 07              BCC   LAB_2CAF          ; branch if FAC1<1
00DD6C  2               
00DD6C  2  A9 F2              LDA   #<LAB_259C        ; set 1 pointer low byte
00DD6E  2  A0 E1              LDY   #>LAB_259C        ; set 1 pointer high byte
00DD70  2  20 0B D8           JSR   LAB_26CA          ; convert AY and do (AY)/FAC1
00DD73  2               LAB_2CAF
00DD73  2  A9 D1              LDA   #<LAB_2CC9        ; set pointer low byte to counter
00DD75  2  A0 E1              LDY   #>LAB_2CC9        ; set pointer high byte to counter
00DD77  2  20 5B DC           JSR   LAB_2B6E          ; ^2 then series evaluation
00DD7A  2  68                 PLA                     ; restore old FAC1 exponent
00DD7B  2  C9 81              CMP   #$81              ; compare with 1
00DD7D  2  90 07              BCC   LAB_2CC2          ; branch if FAC1<1
00DD7F  2               
00DD7F  2  A9 B8              LDA   #<LAB_2C78        ; set (pi/2) pointer low byte
00DD81  2  A0 E1              LDY   #>LAB_2C78        ; set (pi/2) pointer high byte
00DD83  2  20 AD D5           JSR   LAB_2455          ; perform subtraction, (AY) from FAC1
00DD86  2               LAB_2CC2
00DD86  2  68                 PLA                     ; restore FAC1 sign
00DD87  2  10 16              BPL   LAB_2D04          ; exit if was +ve
00DD89  2               
00DD89  2  4C FE DB           JMP   LAB_GTHAN         ; else do - FAC1 and return
00DD8C  2               
00DD8C  2               ; perform BITSET
00DD8C  2               
00DD8C  2               LAB_BITSET
00DD8C  2  20 E2 D4           JSR   LAB_GADB          ; get two parameters for POKE or WAIT
00DD8F  2  E0 08              CPX   #$08              ; only 0 to 7 are allowed
00DD91  2  B0 20              BCS   FCError           ; branch if > 7
00DD93  2               
00DD93  2  A9 00              LDA   #$00              ; clear A
00DD95  2  38                 SEC                     ; set the carry
00DD96  2               S_Bits
00DD96  2  2A                 ROL                     ; shift bit
00DD97  2  CA                 DEX                     ; decrement bit number
00DD98  2  10 FC              BPL   S_Bits            ; loop if still +ve
00DD9A  2               
00DD9A  2  E8                 INX                     ; make X = $00
00DD9B  2  01 11              ORA   (Itempl,X)        ; or with byte via temporary integer (addr)
00DD9D  2  81 11              STA   (Itempl,X)        ; save byte via temporary integer (addr)
00DD9F  2               LAB_2D04
00DD9F  2  60                 RTS
00DDA0  2               
00DDA0  2               ; perform BITCLR
00DDA0  2               
00DDA0  2               LAB_BITCLR
00DDA0  2  20 E2 D4           JSR   LAB_GADB          ; get two parameters for POKE or WAIT
00DDA3  2  E0 08              CPX   #$08              ; only 0 to 7 are allowed
00DDA5  2  B0 0C              BCS   FCError           ; branch if > 7
00DDA7  2               
00DDA7  2  A9 FF              LDA   #$FF              ; set A
00DDA9  2               S_Bitc
00DDA9  2  2A                 ROL                     ; shift bit
00DDAA  2  CA                 DEX                     ; decrement bit number
00DDAB  2  10 FC              BPL   S_Bitc            ; loop if still +ve
00DDAD  2               
00DDAD  2  E8                 INX                     ; make X = $00
00DDAE  2  21 11              AND   (Itempl,X)        ; and with byte via temporary integer (addr)
00DDB0  2  81 11              STA   (Itempl,X)        ; save byte via temporary integer (addr)
00DDB2  2  60                 RTS
00DDB3  2               
00DDB3  2               FCError
00DDB3  2  4C 34 CF           JMP   LAB_FCER          ; do function call error then warm start
00DDB6  2               
00DDB6  2               ; perform BITTST()
00DDB6  2               
00DDB6  2               LAB_BTST
00DDB6  2  20 BC 00           JSR   LAB_IGBY          ; increment BASIC pointer
00DDB9  2  20 E2 D4           JSR   LAB_GADB          ; get two parameters for POKE or WAIT
00DDBC  2  E0 08              CPX   #$08              ; only 0 to 7 are allowed
00DDBE  2  B0 F3              BCS   FCError           ; branch if > 7
00DDC0  2               
00DDC0  2  20 C2 00           JSR   LAB_GBYT          ; get next BASIC byte
00DDC3  2  C9 29              CMP   #')'              ; is next character ")"
00DDC5  2  F0 03              BEQ   TST_OK            ; if ")" go do rest of function
00DDC7  2               
00DDC7  2  4C FF CB           JMP   LAB_SNER          ; do syntax error then warm start
00DDCA  2               
00DDCA  2               TST_OK
00DDCA  2  20 BC 00           JSR   LAB_IGBY          ; update BASIC execute pointer (to character past ")")
00DDCD  2  A9 00              LDA   #$00              ; clear A
00DDCF  2  38                 SEC                     ; set the carry
00DDD0  2               T_Bits
00DDD0  2  2A                 ROL                     ; shift bit
00DDD1  2  CA                 DEX                     ; decrement bit number
00DDD2  2  10 FC              BPL   T_Bits            ; loop if still +ve
00DDD4  2               
00DDD4  2  E8                 INX                     ; make X = $00
00DDD5  2  21 11              AND   (Itempl,X)        ; AND with byte via temporary integer (addr)
00DDD7  2  F0 02              BEQ   LAB_NOTT          ; branch if zero (already correct)
00DDD9  2               
00DDD9  2  A9 FF              LDA   #$FF              ; set for -1 result
00DDDB  2               LAB_NOTT
00DDDB  2  4C 04 D9           JMP   LAB_27DB          ; go do SGN tail
00DDDE  2               
00DDDE  2               ; perform BIN$()
00DDDE  2               
00DDDE  2               LAB_BINS
00DDDE  2  E0 19              CPX   #$19              ; max + 1
00DDE0  2  B0 48              BCS   BinFErr           ; exit if too big ( > or = )
00DDE2  2               
00DDE2  2  86 78              STX   TempB             ; save # of characters ($00 = leading zero remove)
00DDE4  2  A9 18              LDA   #$18              ; need A byte long space
00DDE6  2  20 45 D1           JSR   LAB_MSSP          ; make string space A bytes long
00DDE9  2  A0 17              LDY   #$17              ; set index
00DDEB  2  A2 18              LDX   #$18              ; character count
00DDED  2               NextB1
00DDED  2  46 11              LSR   nums_1            ; shift highest byte
00DDEF  2  66 12              ROR   nums_2            ; shift middle byte
00DDF1  2  66 13              ROR   nums_3            ; shift lowest byte bit 0 to carry
00DDF3  2  8A                 TXA                     ; load with "0"/2
00DDF4  2  2A                 ROL                     ; shift in carry
00DDF5  2  91 AD              STA   (str_pl),Y        ; save to temp string + index
00DDF7  2  88                 DEY                     ; decrement index
00DDF8  2  10 F3              BPL   NextB1            ; loop if not done
00DDFA  2               
00DDFA  2  A5 78              LDA   TempB             ; get # of characters
00DDFC  2  F0 0A              BEQ   EndBHS            ; branch if truncate
00DDFE  2               
00DDFE  2  AA                 TAX                     ; copy length to X
00DDFF  2  38                 SEC                     ; set carry for add !
00DE00  2  49 FF              EOR   #$FF              ; 1's complement
00DE02  2  69 18              ADC   #$18              ; add 24d
00DE04  2  F0 1C              BEQ   GoPr2             ; if zero print whole string
00DE06  2               
00DE06  2  D0 0F              BNE   GoPr1             ; else go make output string
00DE08  2               
00DE08  2               ; this is the exit code and is also used by HEX$()
00DE08  2               ; truncate string to remove leading "0"s
00DE08  2               
00DE08  2               EndBHS
00DE08  2  A8                 TAY                     ; clear index (A=0, X=length here)
00DE09  2               NextB2
00DE09  2  B1 AD              LDA   (str_pl),Y        ; get character from string
00DE0B  2  C9 30              CMP   #'0'              ; compare with "0"
00DE0D  2  D0 07              BNE   GoPr              ; if not "0" then go print string from here
00DE0F  2               
00DE0F  2  CA                 DEX                     ; decrement character count
00DE10  2  F0 03              BEQ   GoPr3             ; if zero then end of string so go print it
00DE12  2               
00DE12  2  C8                 INY                     ; else increment index
00DE13  2  10 F4              BPL   NextB2            ; loop always
00DE15  2               
00DE15  2               ; make fixed length output string - ignore overflows!
00DE15  2               
00DE15  2               GoPr3
00DE15  2  E8                 INX                     ; need at least 1 character
00DE16  2               GoPr
00DE16  2  98                 TYA                     ; copy result
00DE17  2               GoPr1
00DE17  2  18                 CLC                     ; clear carry for add
00DE18  2  65 AD              ADC   str_pl            ; add low address
00DE1A  2  85 AD              STA   str_pl            ; save low address
00DE1C  2  A9 00              LDA   #$00              ; do high byte
00DE1E  2  65 AE              ADC   str_ph            ; add high address
00DE20  2  85 AE              STA   str_ph            ; save high address
00DE22  2               GoPr2
00DE22  2  86 AC              STX   str_ln            ; X holds string length
00DE24  2  20 BC 00           JSR   LAB_IGBY          ; update BASIC execute pointer (to character past ")")
00DE27  2  4C 92 D1           JMP   LAB_RTST          ; check for space on descriptor stack then put address
00DE2A  2                                             ; and length on descriptor stack and update stack pointers
00DE2A  2               
00DE2A  2               BinFErr
00DE2A  2  4C 34 CF           JMP   LAB_FCER          ; do function call error then warm start
00DE2D  2               
00DE2D  2               ; perform HEX$()
00DE2D  2               
00DE2D  2               LAB_HEXS
00DE2D  2  E0 07              CPX   #$07              ; max + 1
00DE2F  2  B0 F9              BCS   BinFErr           ; exit if too big ( > or = )
00DE31  2               
00DE31  2  86 78              STX   TempB             ; save # of characters
00DE33  2               
00DE33  2  A9 06              LDA   #$06              ; need 6 bytes for string
00DE35  2  20 45 D1           JSR   LAB_MSSP          ; make string space A bytes long
00DE38  2  A0 05              LDY   #$05              ; set string index
00DE3A  2               
00DE3A  2               ; *** disable decimal mode patch - comment next line ***
00DE3A  2               ;      SED                     ; need decimal mode for nibble convert
00DE3A  2  A5 13              LDA   nums_3            ; get lowest byte
00DE3C  2  20 59 DE           JSR   LAB_A2HX          ; convert A to ASCII hex byte and output
00DE3F  2  A5 12              LDA   nums_2            ; get middle byte
00DE41  2  20 59 DE           JSR   LAB_A2HX          ; convert A to ASCII hex byte and output
00DE44  2  A5 11              LDA   nums_1            ; get highest byte
00DE46  2  20 59 DE           JSR   LAB_A2HX          ; convert A to ASCII hex byte and output
00DE49  2               ; *** disable decimal mode patch - comment next line ***
00DE49  2               ;      CLD                     ; back to binary
00DE49  2               
00DE49  2  A2 06              LDX   #$06              ; character count
00DE4B  2  A5 78              LDA   TempB             ; get # of characters
00DE4D  2  F0 B9              BEQ   EndBHS            ; branch if truncate
00DE4F  2               
00DE4F  2  AA                 TAX                     ; copy length to X
00DE50  2  38                 SEC                     ; set carry for add !
00DE51  2  49 FF              EOR   #$FF              ; 1's complement
00DE53  2  69 06              ADC   #$06              ; add 6d
00DE55  2  F0 CB              BEQ   GoPr2             ; if zero print whole string
00DE57  2               
00DE57  2  D0 BE              BNE   GoPr1             ; else go make output string (branch always)
00DE59  2               
00DE59  2               ; convert A to ASCII hex byte and output .. note set decimal mode before calling
00DE59  2               
00DE59  2               LAB_A2HX
00DE59  2  AA                 TAX                     ; save byte
00DE5A  2  29 0F              AND   #$0F              ; mask off top bits
00DE5C  2  20 64 DE           JSR   LAB_AL2X          ; convert low nibble to ASCII and output
00DE5F  2  8A                 TXA                     ; get byte back
00DE60  2  4A                 LSR                     ; /2  shift high nibble to low nibble
00DE61  2  4A                 LSR                     ; /4
00DE62  2  4A                 LSR                     ; /8
00DE63  2  4A                 LSR                     ; /16
00DE64  2               LAB_AL2X
00DE64  2  C9 0A              CMP   #$0A              ; set carry for +1 if >9
00DE66  2               ; *** begin disable decimal mode patch ***
00DE66  2               ; *** insert
00DE66  2  90 02              BCC   LAB_AL20          ; skip adjust if <= 9
00DE68  2  69 06              ADC   #$06              ; adjust for A to F
00DE6A  2               LAB_AL20
00DE6A  2               ; *** end   disable decimal mode patch ***
00DE6A  2  69 30              ADC   #'0'              ; add ASCII "0"
00DE6C  2  91 AD              STA   (str_pl),Y        ; save to temp string
00DE6E  2  88                 DEY                     ; decrement counter
00DE6F  2  60                 RTS
00DE70  2               
00DE70  2               LAB_NLTO
00DE70  2  85 AC              STA   FAC1_e            ; save FAC1 exponent
00DE72  2  A9 00              LDA   #$00              ; clear sign compare
00DE74  2               LAB_MLTE
00DE74  2  85 B8              STA   FAC_sc            ; save sign compare (FAC1 EOR FAC2)
00DE76  2  8A                 TXA                     ; restore character
00DE77  2  20 4F DA           JSR   LAB_2912          ; evaluate new ASCII digit
00DE7A  2               
00DE7A  2               ; gets here if the first character was "$" for hex
00DE7A  2               ; get hex number
00DE7A  2               
00DE7A  2               LAB_CHEX
00DE7A  2  20 BC 00           JSR   LAB_IGBY          ; increment and scan memory
00DE7D  2  90 0A              BCC   LAB_ISHN          ; branch if numeric character
00DE7F  2               
00DE7F  2  09 20              ORA   #$20              ; case convert, allow "A" to "F" and "a" to "f"
00DE81  2  E9 61              SBC   #'a'              ; subtract "a" (carry set here)
00DE83  2  C9 06              CMP   #$06              ; compare normalised with $06 (max+1)
00DE85  2  B0 2A              BCS   LAB_EXCH          ; exit if >"f" or <"0"
00DE87  2               
00DE87  2  69 0A              ADC   #$0A              ; convert to nibble
00DE89  2               LAB_ISHN
00DE89  2  29 0F              AND   #$0F              ; convert to binary
00DE8B  2  AA                 TAX                     ; save nibble
00DE8C  2  A5 AC              LDA   FAC1_e            ; get FAC1 exponent
00DE8E  2  F0 E4              BEQ   LAB_MLTE          ; skip multiply if zero
00DE90  2               
00DE90  2  69 04              ADC   #$04              ; add four to exponent (*16 - carry clear here)
00DE92  2  90 DC              BCC   LAB_NLTO          ; if no overflow do evaluate digit
00DE94  2               
00DE94  2               LAB_MLTO
00DE94  2  4C CD D6           JMP   LAB_2564          ; do overflow error and warm start
00DE97  2               
00DE97  2               LAB_NXCH
00DE97  2  AA                 TAX                     ; save bit
00DE98  2  A5 AC              LDA   FAC1_e            ; get FAC1 exponent
00DE9A  2  F0 06              BEQ   LAB_MLBT          ; skip multiply if zero
00DE9C  2               
00DE9C  2  E6 AC              INC   FAC1_e            ; increment FAC1 exponent (*2)
00DE9E  2  F0 F4              BEQ   LAB_MLTO          ; do overflow error if = $00
00DEA0  2               
00DEA0  2  A9 00              LDA   #$00              ; clear sign compare
00DEA2  2               LAB_MLBT
00DEA2  2  85 B8              STA   FAC_sc            ; save sign compare (FAC1 EOR FAC2)
00DEA4  2  8A                 TXA                     ; restore bit
00DEA5  2  20 4F DA           JSR   LAB_2912          ; evaluate new ASCII digit
00DEA8  2               
00DEA8  2               ; gets here if the first character was  "%" for binary
00DEA8  2               ; get binary number
00DEA8  2               
00DEA8  2               LAB_CBIN
00DEA8  2  20 BC 00           JSR   LAB_IGBY          ; increment and scan memory
00DEAB  2  49 30              EOR   #'0'              ; convert "0" to 0 etc.
00DEAD  2  C9 02              CMP   #$02              ; compare with max+1
00DEAF  2  90 E6              BCC   LAB_NXCH          ; branch exit if < 2
00DEB1  2               
00DEB1  2               LAB_EXCH
00DEB1  2  4C 34 DA           JMP   LAB_28F6          ; evaluate -ve flag and return
00DEB4  2               
00DEB4  2               ; ctrl-c check routine. includes limited "life" byte save for INGET routine
00DEB4  2               ; now also the code that checks to see if an interrupt has occurred
00DEB4  2               
00DEB4  2               CTRLC
00DEB4  2  AD 00 02           LDA   ccflag            ; get [CTRL-C] check flag
00DEB7  2  D0 18              BNE   LAB_FBA2          ; exit if inhibited
00DEB9  2               
00DEB9  2  20 F6 E0           JSR   V_INPT            ; scan input device
00DEBC  2  90 0B              BCC   LAB_FBA0          ; exit if buffer empty
00DEBE  2               
00DEBE  2  8D 01 02           STA   ccbyte            ; save received byte
00DEC1  2  A2 20              LDX   #$20              ; "life" timer for bytes
00DEC3  2  8E 02 02           STX   ccnull            ; set countdown
00DEC6  2  4C 16 C5           JMP   LAB_1636          ; return to BASIC
00DEC9  2               
00DEC9  2               LAB_FBA0
00DEC9  2  AE 02 02           LDX   ccnull            ; get countdown byte
00DECC  2  F0 03              BEQ   LAB_FBA2          ; exit if finished
00DECE  2               
00DECE  2  CE 02 02           DEC   ccnull            ; else decrement countdown
00DED1  2               LAB_FBA2
00DED1  2  A2 DC              LDX   #NmiBase          ; set pointer to NMI values
00DED3  2  20 DC DE           JSR   LAB_CKIN          ; go check interrupt
00DED6  2  A2 DF              LDX   #IrqBase          ; set pointer to IRQ values
00DED8  2  20 DC DE           JSR   LAB_CKIN          ; go check interrupt
00DEDB  2               LAB_CRTS
00DEDB  2  60                 RTS
00DEDC  2               
00DEDC  2               ; check whichever interrupt is indexed by X
00DEDC  2               
00DEDC  2               LAB_CKIN
00DEDC  2  B5 00              LDA   PLUS_0,X          ; get interrupt flag byte
00DEDE  2  10 FB              BPL   LAB_CRTS          ; branch if interrupt not enabled
00DEE0  2               
00DEE0  2               ; we disable the interrupt here and make two new commands RETIRQ and RETNMI to
00DEE0  2               ; automatically enable the interrupt when we exit
00DEE0  2               
00DEE0  2  0A                 ASL                     ; move happened bit to setup bit
00DEE1  2  29 40              AND   #$40              ; mask happened bits
00DEE3  2  F0 F6              BEQ   LAB_CRTS          ; if no interrupt then exit
00DEE5  2               
00DEE5  2  95 00              STA   PLUS_0,X          ; save interrupt flag byte
00DEE7  2               
00DEE7  2  8A                 TXA                     ; copy index ..
00DEE8  2  A8                 TAY                     ; .. to Y
00DEE9  2               
00DEE9  2  68                 PLA                     ; dump return address low byte, call from CTRL-C
00DEEA  2  68                 PLA                     ; dump return address high byte
00DEEB  2               
00DEEB  2  A9 05              LDA   #$05              ; need 5 bytes for GOSUB
00DEED  2  20 00 C1           JSR   LAB_1212          ; check room on stack for A bytes
00DEF0  2  A5 C4              LDA   Bpntrh            ; get BASIC execute pointer high byte
00DEF2  2  48                 PHA                     ; push on stack
00DEF3  2  A5 C3              LDA   Bpntrl            ; get BASIC execute pointer low byte
00DEF5  2  48                 PHA                     ; push on stack
00DEF6  2  A5 88              LDA   Clineh            ; get current line high byte
00DEF8  2  48                 PHA                     ; push on stack
00DEF9  2  A5 87              LDA   Clinel            ; get current line low byte
00DEFB  2  48                 PHA                     ; push on stack
00DEFC  2  A9 8D              LDA   #TK_GOSUB         ; token for GOSUB
00DEFE  2  48                 PHA                     ; push on stack
00DEFF  2               
00DEFF  2  B9 01 00           LDA   PLUS_1,Y          ; get interrupt code pointer low byte
00DF02  2  85 C3              STA   Bpntrl            ; save as BASIC execute pointer low byte
00DF04  2  B9 02 00           LDA   PLUS_2,Y          ; get interrupt code pointer high byte
00DF07  2  85 C4              STA   Bpntrh            ; save as BASIC execute pointer high byte
00DF09  2               
00DF09  2  4C BD C4           JMP   LAB_15C2          ; go do interpreter inner loop
00DF0C  2                                             ; can't RTS, we used the stack! the RTS from the ctrl-c
00DF0C  2                                             ; check will be taken when the RETIRQ/RETNMI/RETURN is
00DF0C  2                                             ; executed at the end of the subroutine
00DF0C  2               
00DF0C  2               ; get byte from input device, no waiting
00DF0C  2               ; returns with carry set if byte in A
00DF0C  2               
00DF0C  2               INGET
00DF0C  2  20 F6 E0           JSR   V_INPT            ; call scan input device
00DF0F  2  B0 09              BCS   LAB_FB95          ; if byte go reset timer
00DF11  2               
00DF11  2  AD 02 02           LDA   ccnull            ; get countdown
00DF14  2  F0 09              BEQ   LAB_FB96          ; exit if empty
00DF16  2               
00DF16  2  AD 01 02           LDA   ccbyte            ; get last received byte
00DF19  2  38                 SEC                     ; flag we got a byte
00DF1A  2               LAB_FB95
00DF1A  2  A2 00              LDX   #$00              ; clear X
00DF1C  2  8E 02 02           STX   ccnull            ; clear timer because we got a byte
00DF1F  2               LAB_FB96
00DF1F  2  60                 RTS
00DF20  2               
00DF20  2               ; these routines only enable the interrupts if the set-up flag is set
00DF20  2               ; if not they have no effect
00DF20  2               
00DF20  2               ; perform IRQ {ON|OFF|CLEAR}
00DF20  2               
00DF20  2               LAB_IRQ
00DF20  2  A2 DF              LDX   #IrqBase          ; set pointer to IRQ values
00DF22  2  2C                 .byte $2C               ; make next line BIT abs.
00DF23  2               
00DF23  2               ; perform NMI {ON|OFF|CLEAR}
00DF23  2               
00DF23  2               LAB_NMI
00DF23  2  A2 DC              LDX   #NmiBase          ; set pointer to NMI values
00DF25  2  C9 93              CMP   #TK_ON            ; compare with token for ON
00DF27  2  F0 11              BEQ   LAB_INON          ; go turn on interrupt
00DF29  2               
00DF29  2  C9 B7              CMP   #TK_OFF           ; compare with token for OFF
00DF2B  2  F0 07              BEQ   LAB_IOFF          ; go turn off interrupt
00DF2D  2               
00DF2D  2  49 A2              EOR   #TK_CLEAR         ; compare with token for CLEAR, A = $00 if = TK_CLEAR
00DF2F  2  F0 0E              BEQ   LAB_INEX          ; go clear interrupt flags and return
00DF31  2               
00DF31  2  4C FF CB           JMP   LAB_SNER          ; do syntax error then warm start
00DF34  2               
00DF34  2               LAB_IOFF
00DF34  2  A9 7F              LDA   #$7F              ; clear A
00DF36  2  35 00              AND   PLUS_0,X          ; AND with interrupt setup flag
00DF38  2  10 05              BPL   LAB_INEX          ; go clear interrupt enabled flag and return
00DF3A  2               
00DF3A  2               LAB_INON
00DF3A  2  B5 00              LDA   PLUS_0,X          ; get interrupt setup flag
00DF3C  2  0A                 ASL                     ; Shift bit to enabled flag
00DF3D  2  15 00              ORA   PLUS_0,X          ; OR with flag byte
00DF3F  2               LAB_INEX
00DF3F  2  95 00              STA   PLUS_0,X          ; save interrupt flag byte
00DF41  2  4C BC 00           JMP   LAB_IGBY          ; update BASIC execute pointer and return
00DF44  2               
00DF44  2               ; these routines set up the pointers and flags for the interrupt routines
00DF44  2               ; note that the interrupts are also enabled by these commands
00DF44  2               
00DF44  2               ; perform ON IRQ
00DF44  2               
00DF44  2               LAB_SIRQ
00DF44  2  58                 CLI                     ; enable interrupts
00DF45  2  A2 DF              LDX   #IrqBase          ; set pointer to IRQ values
00DF47  2  2C                 .byte $2C               ; make next line BIT abs.
00DF48  2               
00DF48  2               ; perform ON NMI
00DF48  2               
00DF48  2               LAB_SNMI
00DF48  2  A2 DC              LDX   #NmiBase          ; set pointer to NMI values
00DF4A  2               
00DF4A  2  86 78              STX   TempB             ; save interrupt pointer
00DF4C  2  20 BC 00           JSR   LAB_IGBY          ; increment and scan memory (past token)
00DF4F  2  20 53 C7           JSR   LAB_GFPN          ; get fixed-point number into temp integer
00DF52  2  A5 79              LDA   Smeml             ; get start of mem low byte
00DF54  2  A6 7A              LDX   Smemh             ; get start of mem high byte
00DF56  2  20 28 C3           JSR   LAB_SHLN          ; search Basic for temp integer line number from AX
00DF59  2  B0 03              BCS   LAB_LFND          ; if carry set go set-up interrupt
00DF5B  2               
00DF5B  2  4C 6D C6           JMP   LAB_16F7          ; else go do "Undefined statement" error and warm start
00DF5E  2               
00DF5E  2               LAB_LFND
00DF5E  2  A6 78              LDX   TempB             ; get interrupt pointer
00DF60  2  A5 AA              LDA   Baslnl            ; get pointer low byte
00DF62  2  E9 01              SBC   #$01              ; -1 (carry already set for subtract)
00DF64  2  95 01              STA   PLUS_1,X          ; save as interrupt pointer low byte
00DF66  2  A5 AB              LDA   Baslnh            ; get pointer high byte
00DF68  2  E9 00              SBC   #$00              ; subtract carry
00DF6A  2  95 02              STA   PLUS_2,X          ; save as interrupt pointer high byte
00DF6C  2               
00DF6C  2  A9 C0              LDA   #$C0              ; set interrupt enabled/setup bits
00DF6E  2  95 00              STA   PLUS_0,X          ; set interrupt flags
00DF70  2               LAB_IRTS
00DF70  2  60                 RTS
00DF71  2               
00DF71  2               ; return from IRQ service, restores the enabled flag.
00DF71  2               
00DF71  2               ; perform RETIRQ
00DF71  2               
00DF71  2               LAB_RETIRQ
00DF71  2  D0 FD              BNE   LAB_IRTS          ; exit if following token (to allow syntax error)
00DF73  2               
00DF73  2  A5 DF              LDA   IrqBase           ; get interrupt flags
00DF75  2  0A                 ASL                     ; copy setup to enabled (b7)
00DF76  2  05 DF              ORA   IrqBase           ; OR in setup flag
00DF78  2  85 DF              STA   IrqBase           ; save enabled flag
00DF7A  2  4C 74 C6           JMP   LAB_16E8          ; go do rest of RETURN
00DF7D  2               
00DF7D  2               ; return from NMI service, restores the enabled flag.
00DF7D  2               
00DF7D  2               ; perform RETNMI
00DF7D  2               
00DF7D  2               LAB_RETNMI
00DF7D  2  D0 F1              BNE   LAB_IRTS          ; exit if following token (to allow syntax error)
00DF7F  2               
00DF7F  2  A5 DC              LDA   NmiBase           ; get set-up flag
00DF81  2  0A                 ASL                     ; copy setup to enabled (b7)
00DF82  2  05 DC              ORA   NmiBase           ; OR in setup flag
00DF84  2  85 DC              STA   NmiBase           ; save enabled flag
00DF86  2  4C 74 C6           JMP   LAB_16E8          ; go do rest of RETURN
00DF89  2               
00DF89  2               ; MAX() MIN() pre process
00DF89  2               
00DF89  2               LAB_MMPP
00DF89  2  20 E6 CA           JSR   LAB_EVEZ          ; process expression
00DF8C  2  4C CD CA           JMP   LAB_CTNM          ; check if source is numeric, else do type mismatch
00DF8F  2               
00DF8F  2               ; perform MAX()
00DF8F  2               
00DF8F  2               LAB_MAX
00DF8F  2  20 BD DF           JSR   LAB_PHFA          ; push FAC1, evaluate expression,
00DF92  2                                             ; pull FAC2 and compare with FAC1
00DF92  2  10 FB              BPL   LAB_MAX           ; branch if no swap to do
00DF94  2               
00DF94  2  A5 B4              LDA   FAC2_1            ; get FAC2 mantissa1
00DF96  2  09 80              ORA   #$80              ; set top bit (clear sign from compare)
00DF98  2  85 B4              STA   FAC2_1            ; save FAC2 mantissa1
00DF9A  2  20 CD D5           JSR   LAB_279B          ; copy FAC2 to FAC1
00DF9D  2  F0 F0              BEQ   LAB_MAX           ; go do next (branch always)
00DF9F  2               
00DF9F  2               ; perform MIN()
00DF9F  2               
00DF9F  2               LAB_MIN
00DF9F  2  20 BD DF           JSR   LAB_PHFA          ; push FAC1, evaluate expression,
00DFA2  2                                             ; pull FAC2 and compare with FAC1
00DFA2  2  30 FB              BMI   LAB_MIN           ; branch if no swap to do
00DFA4  2               
00DFA4  2  F0 F9              BEQ   LAB_MIN           ; branch if no swap to do
00DFA6  2               
00DFA6  2  A5 B4              LDA   FAC2_1            ; get FAC2 mantissa1
00DFA8  2  09 80              ORA   #$80              ; set top bit (clear sign from compare)
00DFAA  2  85 B4              STA   FAC2_1            ; save FAC2 mantissa1
00DFAC  2  20 CD D5           JSR   LAB_279B          ; copy FAC2 to FAC1
00DFAF  2  F0 EE              BEQ   LAB_MIN           ; go do next (branch always)
00DFB1  2               
00DFB1  2               ; exit routine. don't bother returning to the loop code
00DFB1  2               ; check for correct exit, else so syntax error
00DFB1  2               
00DFB1  2               LAB_MMEC
00DFB1  2  C9 29              CMP   #')'              ; is it end of function?
00DFB3  2  D0 05              BNE   LAB_MMSE          ; if not do MAX MIN syntax error
00DFB5  2               
00DFB5  2  68                 PLA                     ; dump return address low byte
00DFB6  2  68                 PLA                     ; dump return address high byte
00DFB7  2  4C BC 00           JMP   LAB_IGBY          ; update BASIC execute pointer (to chr past ")")
00DFBA  2               
00DFBA  2               LAB_MMSE
00DFBA  2  4C FF CB           JMP   LAB_SNER          ; do syntax error then warm start
00DFBD  2               
00DFBD  2               ; check for next, evaluate and return or exit
00DFBD  2               ; this is the routine that does most of the work
00DFBD  2               
00DFBD  2               LAB_PHFA
00DFBD  2  20 C2 00           JSR   LAB_GBYT          ; get next BASIC byte
00DFC0  2  C9 2C              CMP   #','              ; is there more ?
00DFC2  2  D0 ED              BNE   LAB_MMEC          ; if not go do end check
00DFC4  2               
00DFC4  2                                             ; push FAC1
00DFC4  2  20 E3 D8           JSR   LAB_27BA          ; round FAC1
00DFC7  2  A5 B0              LDA   FAC1_s            ; get FAC1 sign
00DFC9  2  09 7F              ORA   #$7F              ; set all non sign bits
00DFCB  2  25 AD              AND   FAC1_1            ; AND FAC1 mantissa1 (AND in sign bit)
00DFCD  2  48                 PHA                     ; push on stack
00DFCE  2  A5 AE              LDA   FAC1_2            ; get FAC1 mantissa2
00DFD0  2  48                 PHA                     ; push on stack
00DFD1  2  A5 AF              LDA   FAC1_3            ; get FAC1 mantissa3
00DFD3  2  48                 PHA                     ; push on stack
00DFD4  2  A5 AC              LDA   FAC1_e            ; get FAC1 exponent
00DFD6  2  48                 PHA                     ; push on stack
00DFD7  2               
00DFD7  2  20 BC 00           JSR   LAB_IGBY          ; scan and get next BASIC byte (after ",")
00DFDA  2  20 CA CA           JSR   LAB_EVNM          ; evaluate expression and check is numeric,
00DFDD  2                                             ; else do type mismatch
00DFDD  2               
00DFDD  2                                             ; pop FAC2 (MAX/MIN expression so far)
00DFDD  2  68                 PLA                     ; pop exponent
00DFDE  2  85 B3              STA   FAC2_e            ; save FAC2 exponent
00DFE0  2  68                 PLA                     ; pop mantissa3
00DFE1  2  85 B6              STA   FAC2_3            ; save FAC2 mantissa3
00DFE3  2  68                 PLA                     ; pop mantissa1
00DFE4  2  85 B5              STA   FAC2_2            ; save FAC2 mantissa2
00DFE6  2  68                 PLA                     ; pop sign/mantissa1
00DFE7  2  85 B4              STA   FAC2_1            ; save FAC2 sign/mantissa1
00DFE9  2  85 B7              STA   FAC2_s            ; save FAC2 sign
00DFEB  2               
00DFEB  2                                             ; compare FAC1 with (packed) FAC2
00DFEB  2  A9 B3              LDA   #<FAC2_e          ; set pointer low byte to FAC2
00DFED  2  A0 00              LDY   #>FAC2_e          ; set pointer high byte to FAC2
00DFEF  2  4C 21 D9           JMP   LAB_27F8          ; compare FAC1 with FAC2 (AY) and return
00DFF2  2                                             ; returns A=$00 if FAC1 = (AY)
00DFF2  2                                             ; returns A=$01 if FAC1 > (AY)
00DFF2  2                                             ; returns A=$FF if FAC1 < (AY)
00DFF2  2               
00DFF2  2               ; perform WIDTH
00DFF2  2               
00DFF2  2               LAB_WDTH
00DFF2  2  C9 2C              CMP   #','              ; is next byte ","
00DFF4  2  F0 1B              BEQ   LAB_TBSZ          ; if so do tab size
00DFF6  2               
00DFF6  2  20 9D D4           JSR   LAB_GTBY          ; get byte parameter
00DFF9  2  8A                 TXA                     ; copy width to A
00DFFA  2  F0 0A              BEQ   LAB_NSTT          ; branch if set for infinite line
00DFFC  2               
00DFFC  2  E0 10              CPX   #$10              ; else make min width = 16d
00DFFE  2  90 45              BCC   TabErr            ; if less do function call error and exit
00E000  2               
00E000  2               ; this next compare ensures that we can't exit WIDTH via an error leaving the
00E000  2               ; tab size greater than the line length.
00E000  2               
00E000  2  E4 64              CPX   TabSiz            ; compare with tab size
00E002  2  B0 02              BCS   LAB_NSTT          ; branch if >= tab size
00E004  2               
00E004  2  86 64              STX   TabSiz            ; else make tab size = terminal width
00E006  2               LAB_NSTT
00E006  2  86 0F              STX   TWidth            ; set the terminal width
00E008  2  20 C2 00           JSR   LAB_GBYT          ; get BASIC byte back
00E00B  2  F0 1A              BEQ   WExit             ; exit if no following
00E00D  2               
00E00D  2  C9 2C              CMP   #','              ; else is it ","
00E00F  2  D0 A9              BNE   LAB_MMSE          ; if not do syntax error
00E011  2               
00E011  2               LAB_TBSZ
00E011  2  20 9A D4           JSR   LAB_SGBY          ; scan and get byte parameter
00E014  2  8A                 TXA                     ; copy TAB size
00E015  2  30 2E              BMI   TabErr            ; if >127 do function call error and exit
00E017  2               
00E017  2  E0 01              CPX   #$01              ; compare with min-1
00E019  2  90 2A              BCC   TabErr            ; if <=1 do function call error and exit
00E01B  2               
00E01B  2  A5 0F              LDA   TWidth            ; set flags for width
00E01D  2  F0 06              BEQ   LAB_SVTB          ; skip check if infinite line
00E01F  2               
00E01F  2  E4 0F              CPX   TWidth            ; compare TAB with width
00E021  2  F0 02              BEQ   LAB_SVTB          ; ok if =
00E023  2               
00E023  2  B0 20              BCS   TabErr            ; branch if too big
00E025  2               
00E025  2               LAB_SVTB
00E025  2  86 64              STX   TabSiz            ; save TAB size
00E027  2               
00E027  2               ; calculate tab column limit from TAB size. The Iclim is set to the last tab
00E027  2               ; position on a line that still has at least one whole tab width between it
00E027  2               ; and the end of the line.
00E027  2               
00E027  2               WExit
00E027  2  A5 0F              LDA   TWidth            ; get width
00E029  2  F0 06              BEQ   LAB_SULP          ; branch if infinite line
00E02B  2               
00E02B  2  C5 64              CMP   TabSiz            ; compare with tab size
00E02D  2  B0 03              BCS   LAB_WDLP          ; branch if >= tab size
00E02F  2               
00E02F  2  85 64              STA   TabSiz            ; else make tab size = terminal width
00E031  2               LAB_SULP
00E031  2  38                 SEC                     ; set carry for subtract
00E032  2               LAB_WDLP
00E032  2  E5 64              SBC   TabSiz            ; subtract tab size
00E034  2  B0 FC              BCS   LAB_WDLP          ; loop while no borrow
00E036  2               
00E036  2  65 64              ADC   TabSiz            ; add tab size back
00E038  2  18                 CLC                     ; clear carry for add
00E039  2  65 64              ADC   TabSiz            ; add tab size back again
00E03B  2  85 10              STA   Iclim             ; save for now
00E03D  2  A5 0F              LDA   TWidth            ; get width back
00E03F  2  38                 SEC                     ; set carry for subtract
00E040  2  E5 10              SBC   Iclim             ; subtract remainder
00E042  2  85 10              STA   Iclim             ; save tab column limit
00E044  2               LAB_NOSQ
00E044  2  60                 RTS
00E045  2               
00E045  2               TabErr
00E045  2  4C 34 CF           JMP   LAB_FCER          ; do function call error then warm start
00E048  2               
00E048  2               ; perform SQR()
00E048  2               
00E048  2               LAB_SQR
00E048  2  A5 B0              LDA   FAC1_s            ; get FAC1 sign
00E04A  2  30 F9              BMI   TabErr            ; if -ve do function call error
00E04C  2               
00E04C  2  A5 AC              LDA   FAC1_e            ; get exponent
00E04E  2  F0 F4              BEQ   LAB_NOSQ          ; if zero just return
00E050  2               
00E050  2                                             ; else do root
00E050  2  20 D4 D8           JSR   LAB_27AB          ; round and copy FAC1 to FAC2
00E053  2  A9 00              LDA   #$00              ; clear A
00E055  2               
00E055  2  85 77              STA   FACt_3            ; clear remainder
00E057  2  85 76              STA   FACt_2            ; ..
00E059  2  85 75              STA   FACt_1            ; ..
00E05B  2  85 78              STA   TempB             ; ..
00E05D  2               
00E05D  2  85 AF              STA   FAC1_3            ; clear root
00E05F  2  85 AE              STA   FAC1_2            ; ..
00E061  2  85 AD              STA   FAC1_1            ; ..
00E063  2               
00E063  2  A2 18              LDX   #$18              ; 24 pairs of bits to do
00E065  2  A5 B3              LDA   FAC2_e            ; get exponent
00E067  2  4A                 LSR                     ; check odd/even
00E068  2  B0 0E              BCS   LAB_SQE2          ; if odd only 1 shift first time
00E06A  2               
00E06A  2               LAB_SQE1
00E06A  2  06 B6              ASL   FAC2_3            ; shift highest bit of number ..
00E06C  2  26 B5              ROL   FAC2_2            ; ..
00E06E  2  26 B4              ROL   FAC2_1            ; ..
00E070  2  26 77              ROL   FACt_3            ; .. into remainder
00E072  2  26 76              ROL   FACt_2            ; ..
00E074  2  26 75              ROL   FACt_1            ; ..
00E076  2  26 78              ROL   TempB             ; .. never overflows
00E078  2               LAB_SQE2
00E078  2  06 B6              ASL   FAC2_3            ; shift highest bit of number ..
00E07A  2  26 B5              ROL   FAC2_2            ; ..
00E07C  2  26 B4              ROL   FAC2_1            ; ..
00E07E  2  26 77              ROL   FACt_3            ; .. into remainder
00E080  2  26 76              ROL   FACt_2            ; ..
00E082  2  26 75              ROL   FACt_1            ; ..
00E084  2  26 78              ROL   TempB             ; .. never overflows
00E086  2               
00E086  2  06 AF              ASL   FAC1_3            ; root = root * 2
00E088  2  26 AE              ROL   FAC1_2            ; ..
00E08A  2  26 AD              ROL   FAC1_1            ; .. never overflows
00E08C  2               
00E08C  2  A5 AF              LDA   FAC1_3            ; get root low byte
00E08E  2  2A                 ROL                     ; *2
00E08F  2  85 5B              STA   Temp3             ; save partial low byte
00E091  2  A5 AE              LDA   FAC1_2            ; get root low mid byte
00E093  2  2A                 ROL                     ; *2
00E094  2  85 5C              STA   Temp3+1           ; save partial low mid byte
00E096  2  A5 AD              LDA   FAC1_1            ; get root high mid byte
00E098  2  2A                 ROL                     ; *2
00E099  2  85 5D              STA   Temp3+2           ; save partial high mid byte
00E09B  2  A9 00              LDA   #$00              ; get root high byte (always $00)
00E09D  2  2A                 ROL                     ; *2
00E09E  2  85 5E              STA   Temp3+3           ; save partial high byte
00E0A0  2               
00E0A0  2                                             ; carry clear for subtract +1
00E0A0  2  A5 77              LDA   FACt_3            ; get remainder low byte
00E0A2  2  E5 5B              SBC   Temp3             ; subtract partial low byte
00E0A4  2  85 5B              STA   Temp3             ; save partial low byte
00E0A6  2               
00E0A6  2  A5 76              LDA   FACt_2            ; get remainder low mid byte
00E0A8  2  E5 5C              SBC   Temp3+1           ; subtract partial low mid byte
00E0AA  2  85 5C              STA   Temp3+1           ; save partial low mid byte
00E0AC  2               
00E0AC  2  A5 75              LDA   FACt_1            ; get remainder high mid byte
00E0AE  2  E5 5D              SBC   Temp3+2           ; subtract partial high mid byte
00E0B0  2  A8                 TAY                     ; copy partial high mid byte
00E0B1  2               
00E0B1  2  A5 78              LDA   TempB             ; get remainder high byte
00E0B3  2  E5 5E              SBC   Temp3+3           ; subtract partial high byte
00E0B5  2  90 0E              BCC   LAB_SQNS          ; skip sub if remainder smaller
00E0B7  2               
00E0B7  2  85 78              STA   TempB             ; save remainder high byte
00E0B9  2               
00E0B9  2  84 75              STY   FACt_1            ; save remainder high mid byte
00E0BB  2               
00E0BB  2  A5 5C              LDA   Temp3+1           ; get remainder low mid byte
00E0BD  2  85 76              STA   FACt_2            ; save remainder low mid byte
00E0BF  2               
00E0BF  2  A5 5B              LDA   Temp3             ; get partial low byte
00E0C1  2  85 77              STA   FACt_3            ; save remainder low byte
00E0C3  2               
00E0C3  2  E6 AF              INC   FAC1_3            ; increment root low byte (never any rollover)
00E0C5  2               LAB_SQNS
00E0C5  2  CA                 DEX                     ; decrement bit pair count
00E0C6  2  D0 A2              BNE   LAB_SQE1          ; loop if not all done
00E0C8  2               
00E0C8  2  38                 SEC                     ; set carry for subtract
00E0C9  2  A5 B3              LDA   FAC2_e            ; get exponent
00E0CB  2  E9 80              SBC   #$80              ; normalise
00E0CD  2  6A                 ROR                     ; /2 and re-bias to $80
00E0CE  2  69 00              ADC   #$00              ; add bit zero back in (allow for half shift)
00E0D0  2  85 AC              STA   FAC1_e            ; save it
00E0D2  2  4C 3E D6           JMP   LAB_24D5          ; normalise FAC1 and return
00E0D5  2               
00E0D5  2               ; perform VARPTR()
00E0D5  2               
00E0D5  2               LAB_VARPTR
00E0D5  2  20 BC 00           JSR   LAB_IGBY          ; increment and scan memory
00E0D8  2  20 B5 CD           JSR   LAB_GVAR          ; get var address
00E0DB  2  20 EC CB           JSR   LAB_1BFB          ; scan for ")" , else do syntax error then warm start
00E0DE  2  A4 95              LDY   Cvaral            ; get var address low byte
00E0E0  2  A5 96              LDA   Cvarah            ; get var address high byte
00E0E2  2  4C 64 D0           JMP   LAB_AYFC          ; save and convert integer AY to FAC1 and return
00E0E5  2               
00E0E5  2               ; perform PI
00E0E5  2               
00E0E5  2               LAB_PI
00E0E5  2  A9 CD              LDA   #<LAB_2C7C        ; set (2*pi) pointer low byte
00E0E7  2  A0 E1              LDY   #>LAB_2C7C        ; set (2*pi) pointer high byte
00E0E9  2  20 87 D8           JSR   LAB_UFAC          ; unpack memory (AY) into FAC1
00E0EC  2  C6 AC              DEC   FAC1_e            ; make result = PI
00E0EE  2  60                 RTS
00E0EF  2               
00E0EF  2               ; perform TWOPI
00E0EF  2               
00E0EF  2               LAB_TWOPI
00E0EF  2  A9 CD              LDA   #<LAB_2C7C        ; set (2*pi) pointer low byte
00E0F1  2  A0 E1              LDY   #>LAB_2C7C        ; set (2*pi) pointer high byte
00E0F3  2  4C 87 D8           JMP   LAB_UFAC          ; unpack memory (AY) into FAC1 and return
00E0F6  2               
00E0F6  2               ; system dependant i/o vectors
00E0F6  2               ; these are in RAM and are set by the monitor at start-up
00E0F6  2               
00E0F6  2               V_INPT
00E0F6  2  6C 05 02           JMP   (VEC_IN)          ; non halting scan input device
00E0F9  2               V_OUTP
00E0F9  2  6C 07 02           JMP   (VEC_OUT)         ; send byte to output device
00E0FC  2               V_LOAD
00E0FC  2  6C 09 02           JMP   (VEC_LD)          ; load BASIC program
00E0FF  2               V_SAVE
00E0FF  2  6C 0B 02           JMP   (VEC_SV)          ; save BASIC program
00E102  2               V_DIR
00E102  2  6C 0D 02           JMP   (VEC_DIR)          ; save BASIC program
00E105  2               V_CLS
00E105  2  6C 0F 02           JMP   (VEC_CLS)          ; save BASIC program
00E108  2               ; The rest are tables messages and code for RAM
00E108  2               
00E108  2               ; the rest of the code is tables and BASIC start-up code
00E108  2               
00E108  2               PG2_TABS
00E108  2  00                 .byte $00               ; ctrl-c flag           -     $00 = enabled
00E109  2  00                 .byte $00               ; ctrl-c byte           -     GET needs this
00E10A  2  00                 .byte $00               ; ctrl-c byte timeout   -     GET needs this
00E10B  2  B4 DE              .word CTRLC             ; ctrl c check vector
00E10D  2               ;     .word xxxx              ; non halting key input -     monitor to set this
00E10D  2               ;     .word xxxx              ; output vector         -     monitor to set this
00E10D  2               ;     .word xxxx              ; load vector           -     monitor to set this
00E10D  2               ;     .word xxxx              ; save vector           -     monitor to set this
00E10D  2               PG2_TABE
00E10D  2               
00E10D  2               ; character get subroutine for zero page
00E10D  2               
00E10D  2               ; For a 1.8432MHz 6502 including the JSR and RTS
00E10D  2               ; fastest (>=":") =  29 cycles =  15.7uS
00E10D  2               ; slowest (<":")  =  40 cycles =  21.7uS
00E10D  2               ; space skip      = +21 cycles = +11.4uS
00E10D  2               ; inc across page =  +4 cycles =  +2.2uS
00E10D  2               
00E10D  2               ; the target address for the LDA at LAB_2CF4 becomes the BASIC execute pointer once the
00E10D  2               ; block is copied to it's destination, any non zero page address will do at assembly
00E10D  2               ; time, to assemble a three byte instruction.
00E10D  2               
00E10D  2               ; page 0 initialisation table from $BC
00E10D  2               ; increment and scan memory
00E10D  2               
00E10D  2               LAB_2CEE
00E10D  2  E6 C3              INC   Bpntrl            ; increment BASIC execute pointer low byte
00E10F  2  D0 02              BNE   LAB_2CF4          ; branch if no carry
00E111  2                                             ; else
00E111  2  E6 C4              INC   Bpntrh            ; increment BASIC execute pointer high byte
00E113  2               
00E113  2               ; page 0 initialisation table from $C2
00E113  2               ; scan memory
00E113  2               
00E113  2               LAB_2CF4
00E113  2  AD FF FF           LDA   $FFFF             ; get byte to scan (addr set by call routine)
00E116  2  C9 AE              CMP   #TK_ELSE          ; compare with the token for ELSE
00E118  2  F0 0E              BEQ   LAB_2D05          ; exit if ELSE, not numeric, carry set
00E11A  2               
00E11A  2  C9 3A              CMP   #':'              ; compare with ":"
00E11C  2  B0 0A              BCS   LAB_2D05          ; exit if >= ":", not numeric, carry set
00E11E  2               
00E11E  2  C9 20              CMP   #' '              ; compare with " "
00E120  2  F0 EB              BEQ   LAB_2CEE          ; if " " go do next
00E122  2               
00E122  2  38                 SEC                     ; set carry for SBC
00E123  2  E9 30              SBC   #'0'              ; subtract "0"
00E125  2  38                 SEC                     ; set carry for SBC
00E126  2  E9 D0              SBC   #$D0              ; subtract -"0"
00E128  2                                             ; clear carry if byte = "0"-"9"
00E128  2               LAB_2D05
00E128  2  60                 RTS
00E129  2               
00E129  2               ; page zero initialisation table $00-$12 inclusive
00E129  2               
00E129  2               StrTab
00E129  2  4C                 .byte $4C               ; JMP opcode
00E12A  2  00 C0              .word LAB_COLD          ; initial warm start vector (cold start)
00E12C  2               
00E12C  2  00                 .byte $00               ; these bytes are not used by BASIC
00E12D  2  00 00              .word $0000             ;
00E12F  2  00 00              .word $0000             ;
00E131  2  00 00              .word $0000             ;
00E133  2               
00E133  2  4C                 .byte $4C               ; JMP opcode
00E134  2  34 CF              .word LAB_FCER          ; initial user function vector ("Function call" error)
00E136  2  00                 .byte $00               ; default NULL count
00E137  2  00                 .byte $00               ; clear terminal position
00E138  2  00                 .byte $00               ; default terminal width byte
00E139  2  F2                 .byte $F2               ; default limit for TAB = 14
00E13A  2  00 08              .word Ram_base          ; start of user RAM
00E13C  2               EndTab
00E13C  2               
00E13C  2               LAB_MSZM
00E13C  2  4D 65 6D 6F        .byte "Memory size ",$00
00E140  2  72 79 20 73  
00E144  2  69 7A 65 20  
00E149  2               
00E149  2               LAB_SMSG
00E149  2  20 42 79 74        .byte " Bytes free",$0D,$0A
00E14D  2  65 73 20 66  
00E151  2  72 65 65 0D  
00E156  2  45 6E 68 61        .byte "Enhanced BASIC 2.22p5",$0D,$0A,$00
00E15A  2  6E 63 65 64  
00E15E  2  20 42 41 53  
00E16E  2               
00E16E  2               ; numeric constants and series
00E16E  2               
00E16E  2                                             ; constants and series for LOG(n)
00E16E  2               LAB_25A0
00E16E  2  02                 .byte $02               ; counter
00E16F  2  80 19 56 62        .byte $80,$19,$56,$62   ; 0.59898
00E173  2  80 76 22 F3        .byte $80,$76,$22,$F3   ; 0.96147
00E177  2               ;##   .byte $80,$76,$22,$F1   ; 0.96147
00E177  2  82 38 AA 40        .byte $82,$38,$AA,$40   ; 2.88539
00E17B  2               ;##   .byte $82,$38,$AA,$45   ; 2.88539
00E17B  2               
00E17B  2               LAB_25AD
00E17B  2  80 35 04 F3        .byte $80,$35,$04,$F3   ; 0.70711   1/root 2
00E17F  2               LAB_25B1
00E17F  2  81 35 04 F3        .byte $81,$35,$04,$F3   ; 1.41421   root 2
00E183  2               LAB_25B5
00E183  2  80 80 00 00        .byte $80,$80,$00,$00   ; -0.5
00E187  2               LAB_25B9
00E187  2  80 31 72 18        .byte $80,$31,$72,$18   ; 0.69315   LOG(2)
00E18B  2               
00E18B  2                                             ; numeric PRINT constants
00E18B  2               LAB_2947
00E18B  2  91 43 4F F8        .byte $91,$43,$4F,$F8   ; 99999.9375 (max value with at least one decimal)
00E18F  2               LAB_294B
00E18F  2  94 74 23 F7        .byte $94,$74,$23,$F7   ; 999999.4375 (max value before scientific notation)
00E193  2               LAB_294F
00E193  2  94 74 24 00        .byte $94,$74,$24,$00   ; 1000000
00E197  2               
00E197  2                                             ; EXP(n) constants and series
00E197  2               LAB_2AFA
00E197  2  81 38 AA 3B        .byte $81,$38,$AA,$3B   ; 1.4427    (1/LOG base 2 e)
00E19B  2               LAB_2AFE
00E19B  2  06                 .byte $06               ; counter
00E19C  2  74 63 90 8C        .byte $74,$63,$90,$8C   ; 2.17023e-4
00E1A0  2  77 23 0C AB        .byte $77,$23,$0C,$AB   ; 0.00124
00E1A4  2  7A 1E 94 00        .byte $7A,$1E,$94,$00   ; 0.00968
00E1A8  2  7C 63 42 80        .byte $7C,$63,$42,$80   ; 0.05548
00E1AC  2  7E 75 FE D0        .byte $7E,$75,$FE,$D0   ; 0.24023
00E1B0  2  80 31 72 15        .byte $80,$31,$72,$15   ; 0.69315
00E1B4  2  81 00 00 00        .byte $81,$00,$00,$00   ; 1.00000
00E1B8  2               
00E1B8  2               ;##   .byte $07               ; counter
00E1B8  2               ;##   .byte $74,$94,$2E,$40   ; -1/7! (-1/5040)
00E1B8  2               ;##   .byte $77,$2E,$4F,$70   ;  1/6! ( 1/720)
00E1B8  2               ;##   .byte $7A,$88,$02,$6E   ; -1/5! (-1/120)
00E1B8  2               ;##   .byte $7C,$2A,$A0,$E6   ;  1/4! ( 1/24)
00E1B8  2               ;##   .byte $7E,$AA,$AA,$50   ; -1/3! (-1/6)
00E1B8  2               ;##   .byte $7F,$7F,$FF,$FF   ;  1/2! ( 1/2)
00E1B8  2               ;##   .byte $81,$80,$00,$00   ; -1/1! (-1/1)
00E1B8  2               ;##   .byte $81,$00,$00,$00   ;  1/0! ( 1/1)
00E1B8  2               
00E1B8  2                                             ; trigonometric constants and series
00E1B8  2               LAB_2C78
00E1B8  2  81 49 0F DB        .byte $81,$49,$0F,$DB   ; 1.570796371 (pi/2) as floating #
00E1BC  2               LAB_2C84
00E1BC  2  04                 .byte $04               ; counter
00E1BD  2  86 1E D7 FB        .byte $86,$1E,$D7,$FB   ; 39.7109
00E1C1  2               ;##   .byte $86,$1E,$D7,$BA   ; 39.7109
00E1C1  2  87 99 26 65        .byte $87,$99,$26,$65   ;-76.575
00E1C5  2               ;##   .byte $87,$99,$26,$64   ;-76.575
00E1C5  2  87 23 34 58        .byte $87,$23,$34,$58   ; 81.6022
00E1C9  2  86 A5 5D E1        .byte $86,$A5,$5D,$E1   ;-41.3417
00E1CD  2               ;##   .byte $86,$A5,$5D,$E0   ;-41.3417
00E1CD  2               LAB_2C7C
00E1CD  2  83 49 0F DB        .byte $83,$49,$0F,$DB   ; 6.28319 (2*pi) as floating #
00E1D1  2               ;##   .byte $83,$49,$0F,$DA   ; 6.28319 (2*pi) as floating #
00E1D1  2               
00E1D1  2               LAB_2CC9
00E1D1  2  08                 .byte $08               ; counter
00E1D2  2  78 3A C5 37        .byte $78,$3A,$C5,$37   ; 0.00285
00E1D6  2  7B 83 A2 5C        .byte $7B,$83,$A2,$5C   ;-0.0160686
00E1DA  2  7C 2E DD 4D        .byte $7C,$2E,$DD,$4D   ; 0.0426915
00E1DE  2  7D 99 B0 1E        .byte $7D,$99,$B0,$1E   ;-0.0750429
00E1E2  2  7D 59 ED 24        .byte $7D,$59,$ED,$24   ; 0.106409
00E1E6  2  7E 91 72 00        .byte $7E,$91,$72,$00   ;-0.142036
00E1EA  2  7E 4C B9 73        .byte $7E,$4C,$B9,$73   ; 0.199926
00E1EE  2  7F AA AA 53        .byte $7F,$AA,$AA,$53   ;-0.333331
00E1F2  2               
00E1F2  2               ;##   .byte $08               ; counter
00E1F2  2               ;##   .byte $78,$3B,$D7,$4A   ; 1/17
00E1F2  2               ;##   .byte $7B,$84,$6E,$02   ;-1/15
00E1F2  2               ;##   .byte $7C,$2F,$C1,$FE   ; 1/13
00E1F2  2               ;##   .byte $7D,$9A,$31,$74   ;-1/11
00E1F2  2               ;##   .byte $7D,$5A,$3D,$84   ; 1/9
00E1F2  2               ;##   .byte $7E,$91,$7F,$C8   ;-1/7
00E1F2  2               ;##   .byte $7E,$4C,$BB,$E4   ; 1/5
00E1F2  2               ;##   .byte $7F,$AA,$AA,$6C   ;-1/3
00E1F2  2               
00E1F2  2               LAB_1D96    = *+1             ; $00,$00 used for undefined variables
00E1F2  2               LAB_259C
00E1F2  2  81 00 00 00        .byte $81,$00,$00,$00   ; 1.000000, used for INC
00E1F6  2               LAB_2AFD
00E1F6  2  81 80 00 00        .byte $81,$80,$00,$00   ; -1.00000, used for DEC. must be on the same page as +1.00
00E1FA  2               
00E1FA  2                                             ; misc constants
00E1FA  2               LAB_1DF7
00E1FA  2  90                 .byte $90               ;-32768 (uses first three bytes from 0.5)
00E1FB  2               LAB_2A96
00E1FB  2  80 00 00 00        .byte $80,$00,$00,$00   ; 0.5
00E1FF  2               LAB_2C80
00E1FF  2  7F 00 00 00        .byte $7F,$00,$00,$00   ; 0.25
00E203  2               LAB_26B5
00E203  2  84 20 00 00        .byte $84,$20,$00,$00   ; 10.0000 divide by 10 constant
00E207  2               
00E207  2               ; This table is used in converting numbers to ASCII.
00E207  2               
00E207  2               LAB_2A9A
00E207  2               LAB_2A9B = LAB_2A9A+1
00E207  2               LAB_2A9C = LAB_2A9B+1
00E207  2  FE 79 60           .byte $FE,$79,$60       ; -100000
00E20A  2  00 27 10           .byte $00,$27,$10       ; 10000
00E20D  2  FF FC 18           .byte $FF,$FC,$18       ; -1000
00E210  2  00 00 64           .byte $00,$00,$64       ; 100
00E213  2  FF FF F6           .byte $FF,$FF,$F6       ; -10
00E216  2  00 00 01           .byte $00,$00,$01       ; 1
00E219  2               
00E219  2               LAB_CTBL
00E219  2  19 C5              .word LAB_END-1         ; END
00E21B  2  55 C4              .word LAB_FOR-1         ; FOR
00E21D  2  61 CA              .word LAB_NEXT-1        ; NEXT
00E21F  2  86 C6              .word LAB_DATA-1        ; DATA
00E221  2  44 C9              .word LAB_INPUT-1       ; INPUT
00E223  2  69 CD              .word LAB_DIM-1         ; DIM
00E225  2  63 C9              .word LAB_READ-1        ; READ
00E227  2  B1 C7              .word LAB_LET-1         ; LET
00E229  2  83 C7              .word LAB_DEC-1         ; DEC             new command
00E22B  2  E5 C5              .word LAB_GOTO-1        ; GOTO
00E22D  2  A4 C5              .word LAB_RUN-1         ; RUN
00E22F  2  B4 C6              .word LAB_IF-1          ; IF
00E231  2  3A C5              .word LAB_RESTORE-1     ; RESTORE         modified command
00E233  2  C8 C5              .word LAB_GOSUB-1       ; GOSUB
00E235  2  70 DF              .word LAB_RETIRQ-1      ; RETIRQ          new command
00E237  2  7C DF              .word LAB_RETNMI-1      ; RETNMI          new command
00E239  2  71 C6              .word LAB_RETURN-1      ; RETURN
00E23B  2  1B C7              .word LAB_REM-1         ; REM
00E23D  2  17 C5              .word LAB_STOP-1        ; STOP
00E23F  2  24 C7              .word LAB_ON-1          ; ON              modified command
00E241  2  78 C5              .word LAB_NULL-1        ; NULL            modified command
00E243  2  86 C7              .word LAB_INC-1         ; INC             new command
00E245  2  92 D5              .word LAB_WAIT-1        ; WAIT
00E247  2  FB E0              .word V_LOAD-1          ; LOAD
00E249  2  FE E0              .word V_SAVE-1          ; SAVE
00E24B  2  7E D0              .word LAB_DEF-1         ; DEF
00E24D  2  17 D5              .word LAB_POKE-1        ; POKE
00E24F  2  33 D5              .word LAB_DOKE-1        ; DOKE            new command
00E251  2  80 D5              .word LAB_CALL-1        ; CALL            new command
00E253  2  AE C5              .word LAB_DO-1          ; DO              new command
00E255  2  17 C6              .word LAB_LOOP-1        ; LOOP            new command
00E257  2  52 C8              .word LAB_PRINT-1       ; PRINT
00E259  2  7E C5              .word LAB_CONT-1        ; CONT
00E25B  2  A0 C3              .word LAB_LIST-1        ; LIST
00E25D  2  9D C3              .word LAB_CLEAR-1       ; CLEAR
00E25F  2  4D C3              .word LAB_NEW-1         ; NEW
00E261  2  F1 DF              .word LAB_WDTH-1        ; WIDTH           new command
00E263  2  21 C8              .word LAB_GET-1         ; GET             new command
00E265  2  58 D5              .word LAB_SWAP-1        ; SWAP            new command
00E267  2  8B DD              .word LAB_BITSET-1      ; BITSET          new command
00E269  2  9F DD              .word LAB_BITCLR-1      ; BITCLR          new command
00E26B  2  1F DF              .word LAB_IRQ-1         ; IRQ             new command
00E26D  2  22 DF              .word LAB_NMI-1         ; NMI             new command
00E26F  2  01 E1              .word V_DIR-1           ; ? DIR           very new added by PAM
00E271  2  04 E1              .word V_CLS-1           ; ? CLS           very new added by PAM
00E273  2               
00E273  2               ; function pre process routine table
00E273  2               
00E273  2               LAB_FTPL
00E273  2               LAB_FTPM    = LAB_FTPL+$01
00E273  2  6F CC              .word LAB_PPFN-1        ; SGN(n)    process numeric expression in ()
00E275  2  6F CC              .word LAB_PPFN-1        ; INT(n)          "
00E277  2  6F CC              .word LAB_PPFN-1        ; ABS(n)          "
00E279  2  E5 CA              .word LAB_EVEZ-1        ; USR(x)    process any expression
00E27B  2  E8 CB              .word LAB_1BF7-1        ; FRE(x)          "
00E27D  2  E8 CB              .word LAB_1BF7-1        ; POS(x)          "
00E27F  2  6F CC              .word LAB_PPFN-1        ; SQR(n)    process numeric expression in ()
00E281  2  6F CC              .word LAB_PPFN-1        ; RND(n)          "
00E283  2  6F CC              .word LAB_PPFN-1        ; LOG(n)          "
00E285  2  6F CC              .word LAB_PPFN-1        ; EXP(n)          "
00E287  2  6F CC              .word LAB_PPFN-1        ; COS(n)          "
00E289  2  6F CC              .word LAB_PPFN-1        ; SIN(n)          "
00E28B  2  6F CC              .word LAB_PPFN-1        ; TAN(n)          "
00E28D  2  6F CC              .word LAB_PPFN-1        ; ATN(n)          "
00E28F  2  6F CC              .word LAB_PPFN-1        ; PEEK(n)         "
00E291  2  6F CC              .word LAB_PPFN-1        ; DEEK(n)         "
00E293  2  00 00              .word $0000             ; SADD()    none
00E295  2  69 CC              .word LAB_PPFS-1        ; LEN($)    process string expression in ()
00E297  2  6F CC              .word LAB_PPFN-1        ; STR$(n)   process numeric expression in ()
00E299  2  69 CC              .word LAB_PPFS-1        ; VAL($)    process string expression in ()
00E29B  2  69 CC              .word LAB_PPFS-1        ; ASC($)          "
00E29D  2  69 CC              .word LAB_PPFS-1        ; UCASE$($)       "
00E29F  2  69 CC              .word LAB_PPFS-1        ; LCASE$($)       "
00E2A1  2  6F CC              .word LAB_PPFN-1        ; CHR$(n)   process numeric expression in ()
00E2A3  2  96 CC              .word LAB_BHSS-1        ; HEX$(n)         "
00E2A5  2  96 CC              .word LAB_BHSS-1        ; BIN$(n)         "
00E2A7  2  00 00              .word $0000             ; BITTST()  none
00E2A9  2  88 DF              .word LAB_MMPP-1        ; MAX()     process numeric expression
00E2AB  2  88 DF              .word LAB_MMPP-1        ; MIN()           "
00E2AD  2  75 CC              .word LAB_PPBI-1        ; PI        advance pointer
00E2AF  2  75 CC              .word LAB_PPBI-1        ; TWOPI           "
00E2B1  2  00 00              .word $0000             ; VARPTR()  none
00E2B3  2  7A CC              .word LAB_LRMS-1        ; LEFT$()   process string expression
00E2B5  2  7A CC              .word LAB_LRMS-1        ; RIGHT$()        "
00E2B7  2  7A CC              .word LAB_LRMS-1        ; MID$()          "
00E2B9  2               
00E2B9  2               ; action addresses for functions
00E2B9  2               
00E2B9  2               LAB_FTBL
00E2B9  2               LAB_FTBM    = LAB_FTBL+$01
00E2B9  2  00 D9              .word LAB_SGN-1         ; SGN()
00E2BB  2  8A D9              .word LAB_INT-1         ; INT()
00E2BD  2  1D D9              .word LAB_ABS-1         ; ABS()
00E2BF  2  56 DD              .word LAB_USR-1         ; USR()
00E2C1  2  4F D0              .word LAB_FRE-1         ; FRE()
00E2C3  2  6E D0              .word LAB_POS-1         ; POS()
00E2C5  2  47 E0              .word LAB_SQR-1         ; SQR()
00E2C7  2  A6 DC              .word LAB_RND-1         ; RND()           modified function
00E2C9  2  04 D7              .word LAB_LOG-1         ; LOG()
00E2CB  2  08 DC              .word LAB_EXP-1         ; EXP()
00E2CD  2  DA DC              .word LAB_COS-1         ; COS()
00E2CF  2  E1 DC              .word LAB_SIN-1         ; SIN()
00E2D1  2  2A DD              .word LAB_TAN-1         ; TAN()
00E2D3  2  5C DD              .word LAB_ATN-1         ; ATN()
00E2D5  2  0C D5              .word LAB_PEEK-1        ; PEEK()
00E2D7  2  20 D5              .word LAB_DEEK-1        ; DEEK()          new function
00E2D9  2  65 D4              .word LAB_SADD-1        ; SADD()          new function
00E2DB  2  7E D4              .word LAB_LENS-1        ; LEN()
00E2DD  2  30 D1              .word LAB_STRS-1        ; STR$()
00E2DF  2  AB D4              .word LAB_VAL-1         ; VAL()
00E2E1  2  89 D4              .word LAB_ASC-1         ; ASC()
00E2E3  2  43 D4              .word LAB_UCASE-1       ; UCASE$()        new function
00E2E5  2  22 D4              .word LAB_LCASE-1       ; LCASE$()        new function
00E2E7  2  94 D3              .word LAB_CHRS-1        ; CHR$()
00E2E9  2  2C DE              .word LAB_HEXS-1        ; HEX$()          new function
00E2EB  2  DD DD              .word LAB_BINS-1        ; BIN$()          new function
00E2ED  2  B5 DD              .word LAB_BTST-1        ; BITTST()        new function
00E2EF  2  8E DF              .word LAB_MAX-1         ; MAX()           new function
00E2F1  2  9E DF              .word LAB_MIN-1         ; MIN()           new function
00E2F3  2  E4 E0              .word LAB_PI-1          ; PI              new function
00E2F5  2  EE E0              .word LAB_TWOPI-1       ; TWOPI           new function
00E2F7  2  D4 E0              .word LAB_VARPTR-1      ; VARPTR()        new function
00E2F9  2  A6 D3              .word LAB_LEFT-1        ; LEFT$()
00E2FB  2  AF D3              .word LAB_RIGHT-1       ; RIGHT$()
00E2FD  2  DE D3              .word LAB_MIDS-1        ; MID$()
00E2FF  2               
00E2FF  2               ; hierarchy and action addresses for operator
00E2FF  2               
00E2FF  2               LAB_OPPT
00E2FF  2  79                 .byte $79               ; +
00E300  2  CA D5              .word LAB_ADD-1
00E302  2  79                 .byte $79               ; -
00E303  2  AF D5              .word LAB_SUBTRACT-1
00E305  2  7B                 .byte $7B               ; *
00E306  2  45 D7              .word LAB_MULTIPLY-1
00E308  2  7B                 .byte $7B               ; /
00E309  2  0D D8              .word LAB_DIVIDE-1
00E30B  2  7F                 .byte $7F               ; ^
00E30C  2  C4 DB              .word LAB_POWER-1
00E30E  2  50                 .byte $50               ; AND
00E30F  2  DF CC              .word LAB_AND-1
00E311  2  46                 .byte $46               ; EOR             new operator
00E312  2  C5 CC              .word LAB_EOR-1
00E314  2  46                 .byte $46               ; OR
00E315  2  D2 CC              .word LAB_OR-1
00E317  2  56                 .byte $56               ; >>              new operator
00E318  2  8B CD              .word LAB_RSHIFT-1
00E31A  2  56                 .byte $56               ; <<              new operator
00E31B  2  73 CD              .word LAB_LSHIFT-1
00E31D  2  7D                 .byte $7D               ; >
00E31E  2  FD DB              .word LAB_GTHAN-1
00E320  2  5A                 .byte $5A               ; =
00E321  2  13 CC              .word LAB_EQUAL-1
00E323  2  64                 .byte $64               ; <
00E324  2  00 CD              .word LAB_LTHAN-1
00E326  2               
00E326  2               ; keywords start with ..
00E326  2               ; this is the first character table and must be in alphabetic order
00E326  2               
00E326  2               TAB_1STC
00E326  2  2A                 .byte "*"
00E327  2  2B                 .byte "+"
00E328  2  2D                 .byte "-"
00E329  2  2F                 .byte "/"
00E32A  2  3C                 .byte "<"
00E32B  2  3D                 .byte "="
00E32C  2  3E                 .byte ">"
00E32D  2  3F                 .byte "?"
00E32E  2  41                 .byte "A"
00E32F  2  42                 .byte "B"
00E330  2  43                 .byte "C"
00E331  2  44                 .byte "D"
00E332  2  45                 .byte "E"
00E333  2  46                 .byte "F"
00E334  2  47                 .byte "G"
00E335  2  48                 .byte "H"
00E336  2  49                 .byte "I"
00E337  2  4C                 .byte "L"
00E338  2  4D                 .byte "M"
00E339  2  4E                 .byte "N"
00E33A  2  4F                 .byte "O"
00E33B  2  50                 .byte "P"
00E33C  2  52                 .byte "R"
00E33D  2  53                 .byte "S"
00E33E  2  54                 .byte "T"
00E33F  2  55                 .byte "U"
00E340  2  56                 .byte "V"
00E341  2  57                 .byte "W"
00E342  2  5E                 .byte "^"
00E343  2  00                 .byte $00               ; table terminator
00E344  2               
00E344  2               ; pointers to keyword tables
00E344  2               
00E344  2               TAB_CHRT
00E344  2  7E E3              .word TAB_STAR          ; table for "*"
00E346  2  80 E3              .word TAB_PLUS          ; table for "+"
00E348  2  82 E3              .word TAB_MNUS          ; table for "-"
00E34A  2  84 E3              .word TAB_SLAS          ; table for "/"
00E34C  2  86 E3              .word TAB_LESS          ; table for "<"
00E34E  2  8A E3              .word TAB_EQUL          ; table for "="
00E350  2  8C E3              .word TAB_MORE          ; table for ">"
00E352  2  90 E3              .word TAB_QEST          ; table for "?"
00E354  2  92 E3              .word TAB_ASCA          ; table for "A"
00E356  2  A2 E3              .word TAB_ASCB          ; table for "B"
00E358  2  BB E3              .word TAB_ASCC          ; table for "C"
00E35A  2  D5 E3              .word TAB_ASCD          ; table for "D"
00E35C  2  F1 E3              .word TAB_ASCE          ; table for "E"
00E35E  2  00 E4              .word TAB_ASCF          ; table for "F"
00E360  2  0A E4              .word TAB_ASCG          ; table for "G"
00E362  2  17 E4              .word TAB_ASCH          ; table for "H"
00E364  2  1D E4              .word TAB_ASCI          ; table for "I"
00E366  2  2F E4              .word TAB_ASCL          ; table for "L"
00E368  2  54 E4              .word TAB_ASCM          ; table for "M"
00E36A  2  62 E4              .word TAB_ASCN          ; table for "N"
00E36C  2  74 E4              .word TAB_ASCO          ; table for "O"
00E36E  2  7C E4              .word TAB_ASCP          ; table for "P"
00E370  2  91 E4              .word TAB_ASCR          ; table for "R"
00E372  2  C0 E4              .word TAB_ASCS          ; table for "S"
00E374  2  EB E4              .word TAB_ASCT          ; table for "T"
00E376  2  FF E4              .word TAB_ASCU          ; table for "U"
00E378  2  10 E5              .word TAB_ASCV          ; table for "V"
00E37A  2  1C E5              .word TAB_ASCW          ; table for "W"
00E37C  2  2B E5              .word TAB_POWR          ; table for "^"
00E37E  2               
00E37E  2               ; tables for each start character, note if a longer keyword with the same start
00E37E  2               ; letters as a shorter one exists then it must come first, else the list is in
00E37E  2               ; alphabetical order as follows ..
00E37E  2               
00E37E  2               ; [keyword,token
00E37E  2               ; [keyword,token]]
00E37E  2               ; end marker (#$00)
00E37E  2               
00E37E  2               TAB_STAR
00E37E  2  BA 00              .byte TK_MUL,$00        ; *
00E380  2               TAB_PLUS
00E380  2  B8 00              .byte TK_PLUS,$00       ; +
00E382  2               TAB_MNUS
00E382  2  B9 00              .byte TK_MINUS,$00      ; -
00E384  2               TAB_SLAS
00E384  2  BB 00              .byte TK_DIV,$00        ; /
00E386  2               TAB_LESS
00E386  2               LBB_LSHIFT
00E386  2  3C C1              .byte "<",TK_LSHIFT     ; <<  note - "<<" must come before "<"
00E388  2  C4                 .byte TK_LT             ; <
00E389  2  00                 .byte $00
00E38A  2               TAB_EQUL
00E38A  2  C3 00              .byte TK_EQUAL,$00      ; =
00E38C  2               TAB_MORE
00E38C  2               LBB_RSHIFT
00E38C  2  3E C0              .byte ">",TK_RSHIFT     ; >>  note - ">>" must come before ">"
00E38E  2  C2                 .byte TK_GT             ; >
00E38F  2  00                 .byte $00
00E390  2               TAB_QEST
00E390  2  9F 00              .byte TK_PRINT,$00      ; ?
00E392  2               TAB_ASCA
00E392  2               LBB_ABS
00E392  2  42 53 28 C7        .byte "BS(",TK_ABS      ; ABS(
00E396  2               LBB_AND
00E396  2  4E 44 BD           .byte "ND",TK_AND       ; AND
00E399  2               LBB_ASC
00E399  2  53 43 28 D9        .byte "SC(",TK_ASC      ; ASC(
00E39D  2               LBB_ATN
00E39D  2  54 4E 28 D2        .byte "TN(",TK_ATN      ; ATN(
00E3A1  2  00                 .byte $00
00E3A2  2               TAB_ASCB
00E3A2  2               LBB_BINS
00E3A2  2  49 4E 24 28        .byte "IN$(",TK_BINS    ; BIN$(
00E3A6  2  DE           
00E3A7  2               LBB_BITCLR
00E3A7  2  49 54 43 4C        .byte "ITCLR",TK_BITCLR ; BITCLR
00E3AB  2  52 A8        
00E3AD  2               LBB_BITSET
00E3AD  2  49 54 53 45        .byte "ITSET",TK_BITSET ; BITSET
00E3B1  2  54 A7        
00E3B3  2               LBB_BITTST
00E3B3  2  49 54 54 53        .byte "ITTST(",TK_BITTST
00E3B7  2  54 28 DF     
00E3BA  2                                             ; BITTST(
00E3BA  2  00                 .byte $00
00E3BB  2               TAB_ASCC
00E3BB  2               LBB_CALL
00E3BB  2  41 4C 4C 9C        .byte "ALL",TK_CALL     ; CALL
00E3BF  2               LBB_CHRS
00E3BF  2  48 52 24 28        .byte "HR$(",TK_CHRS    ; CHR$(
00E3C3  2  DC           
00E3C4  2               LBB_CLEAR
00E3C4  2  4C 45 41 52        .byte "LEAR",TK_CLEAR   ; CLEAR
00E3C8  2  A2           
00E3C9  2               LBB_CLS
00E3C9  2  4C 53 AC           .byte "LS",TK_CLS       ; ? CLS    very new command
00E3CC  2               LBB_CONT
00E3CC  2  4F 4E 54 A0        .byte "ONT",TK_CONT     ; CONT
00E3D0  2               LBB_COS
00E3D0  2  4F 53 28 CF        .byte "OS(",TK_COS      ; COS(
00E3D4  2  00                 .byte $00
00E3D5  2               TAB_ASCD
00E3D5  2               LBB_DATA
00E3D5  2  41 54 41 83        .byte "ATA",TK_DATA     ; DATA
00E3D9  2               LBB_DEC
00E3D9  2  45 43 88           .byte "EC",TK_DEC       ; DEC
00E3DC  2               LBB_DEEK
00E3DC  2  45 45 4B 28        .byte "EEK(",TK_DEEK    ; DEEK(
00E3E0  2  D4           
00E3E1  2               LBB_DEF
00E3E1  2  45 46 99           .byte "EF",TK_DEF       ; DEF
00E3E4  2               LBB_DIM
00E3E4  2  49 4D 85           .byte "IM",TK_DIM       ; DIM
00E3E7  2               LBB_DIR
00E3E7  2  49 52 AB           .byte "IR",TK_DIR       ; ? DIR    very new command
00E3EA  2               LBB_DOKE
00E3EA  2  4F 4B 45 9B        .byte "OKE",TK_DOKE     ; DOKE note - "DOKE" must come before "DO"
00E3EE  2               LBB_DO
00E3EE  2  4F 9D              .byte "O",TK_DO         ; DO
00E3F0  2  00                 .byte $00
00E3F1  2               TAB_ASCE
00E3F1  2               LBB_ELSE
00E3F1  2  4C 53 45 AE        .byte "LSE",TK_ELSE     ; ELSE
00E3F5  2               LBB_END
00E3F5  2  4E 44 80           .byte "ND",TK_END       ; END
00E3F8  2               LBB_EOR
00E3F8  2  4F 52 BE           .byte "OR",TK_EOR       ; EOR
00E3FB  2               LBB_EXP
00E3FB  2  58 50 28 CE        .byte "XP(",TK_EXP      ; EXP(
00E3FF  2  00                 .byte $00
00E400  2               TAB_ASCF
00E400  2               LBB_FN
00E400  2  4E B0              .byte "N",TK_FN         ; FN
00E402  2               LBB_FOR
00E402  2  4F 52 81           .byte "OR",TK_FOR       ; FOR
00E405  2               LBB_FRE
00E405  2  52 45 28 C9        .byte "RE(",TK_FRE      ; FRE(
00E409  2  00                 .byte $00
00E40A  2               TAB_ASCG
00E40A  2               LBB_GET
00E40A  2  45 54 A5           .byte "ET",TK_GET       ; GET
00E40D  2               LBB_GOSUB
00E40D  2  4F 53 55 42        .byte "OSUB",TK_GOSUB   ; GOSUB
00E411  2  8D           
00E412  2               LBB_GOTO
00E412  2  4F 54 4F 89        .byte "OTO",TK_GOTO     ; GOTO
00E416  2  00                 .byte $00
00E417  2               TAB_ASCH
00E417  2               LBB_HEXS
00E417  2  45 58 24 28        .byte "EX$(",TK_HEXS    ; HEX$(
00E41B  2  DD           
00E41C  2  00                 .byte $00
00E41D  2               TAB_ASCI
00E41D  2               LBB_IF
00E41D  2  46 8B              .byte "F",TK_IF         ; IF
00E41F  2               LBB_INC
00E41F  2  4E 43 95           .byte "NC",TK_INC       ; INC
00E422  2               LBB_INPUT
00E422  2  4E 50 55 54        .byte "NPUT",TK_INPUT   ; INPUT
00E426  2  84           
00E427  2               LBB_INT
00E427  2  4E 54 28 C6        .byte "NT(",TK_INT      ; INT(
00E42B  2               LBB_IRQ
00E42B  2  52 51 A9           .byte "RQ",TK_IRQ       ; IRQ
00E42E  2  00                 .byte $00
00E42F  2               TAB_ASCL
00E42F  2               LBB_LCASES
00E42F  2  43 41 53 45        .byte "CASE$(",TK_LCASES
00E433  2  24 28 DB     
00E436  2                                             ; LCASE$(
00E436  2               LBB_LEFTS
00E436  2  45 46 54 24        .byte "EFT$(",TK_LEFTS  ; LEFT$(
00E43A  2  28 E5        
00E43C  2               LBB_LEN
00E43C  2  45 4E 28 D6        .byte "EN(",TK_LEN      ; LEN(
00E440  2               LBB_LET
00E440  2  45 54 87           .byte "ET",TK_LET       ; LET
00E443  2               LBB_LIST
00E443  2  49 53 54 A1        .byte "IST",TK_LIST     ; LIST
00E447  2               LBB_LOAD
00E447  2  4F 41 44 97        .byte "OAD",TK_LOAD     ; LOAD
00E44B  2               LBB_LOG
00E44B  2  4F 47 28 CD        .byte "OG(",TK_LOG      ; LOG(
00E44F  2               LBB_LOOP
00E44F  2  4F 4F 50 9E        .byte "OOP",TK_LOOP     ; LOOP
00E453  2  00                 .byte $00
00E454  2               TAB_ASCM
00E454  2               LBB_MAX
00E454  2  41 58 28 E0        .byte "AX(",TK_MAX      ; MAX(
00E458  2               LBB_MIDS
00E458  2  49 44 24 28        .byte "ID$(",TK_MIDS    ; MID$(
00E45C  2  E7           
00E45D  2               LBB_MIN
00E45D  2  49 4E 28 E1        .byte "IN(",TK_MIN      ; MIN(
00E461  2  00                 .byte $00
00E462  2               TAB_ASCN
00E462  2               LBB_NEW
00E462  2  45 57 A3           .byte "EW",TK_NEW       ; NEW
00E465  2               LBB_NEXT
00E465  2  45 58 54 82        .byte "EXT",TK_NEXT     ; NEXT
00E469  2               LBB_NMI
00E469  2  4D 49 AA           .byte "MI",TK_NMI       ; NMI
00E46C  2               LBB_NOT
00E46C  2  4F 54 B3           .byte "OT",TK_NOT       ; NOT
00E46F  2               LBB_NULL
00E46F  2  55 4C 4C 94        .byte "ULL",TK_NULL     ; NULL
00E473  2  00                 .byte $00
00E474  2               TAB_ASCO
00E474  2               LBB_OFF
00E474  2  46 46 B7           .byte "FF",TK_OFF       ; OFF
00E477  2               LBB_ON
00E477  2  4E 93              .byte "N",TK_ON         ; ON
00E479  2               LBB_OR
00E479  2  52 BF              .byte "R",TK_OR         ; OR
00E47B  2  00                 .byte $00
00E47C  2               TAB_ASCP
00E47C  2               LBB_PEEK
00E47C  2  45 45 4B 28        .byte "EEK(",TK_PEEK    ; PEEK(
00E480  2  D3           
00E481  2               LBB_PI
00E481  2  49 E2              .byte "I",TK_PI         ; PI
00E483  2               LBB_POKE
00E483  2  4F 4B 45 9A        .byte "OKE",TK_POKE     ; POKE
00E487  2               LBB_POS
00E487  2  4F 53 28 CA        .byte "OS(",TK_POS      ; POS(
00E48B  2               LBB_PRINT
00E48B  2  52 49 4E 54        .byte "RINT",TK_PRINT   ; PRINT
00E48F  2  9F           
00E490  2  00                 .byte $00
00E491  2               TAB_ASCR
00E491  2               LBB_READ
00E491  2  45 41 44 86        .byte "EAD",TK_READ     ; READ
00E495  2               LBB_REM
00E495  2  45 4D 91           .byte "EM",TK_REM       ; REM
00E498  2               LBB_RESTORE
00E498  2  45 53 54 4F        .byte "ESTORE",TK_RESTORE
00E49C  2  52 45 8C     
00E49F  2                                             ; RESTORE
00E49F  2               LBB_RETIRQ
00E49F  2  45 54 49 52        .byte "ETIRQ",TK_RETIRQ ; RETIRQ
00E4A3  2  51 8E        
00E4A5  2               LBB_RETNMI
00E4A5  2  45 54 4E 4D        .byte "ETNMI",TK_RETNMI ; RETNMI
00E4A9  2  49 8F        
00E4AB  2               LBB_RETURN
00E4AB  2  45 54 55 52        .byte "ETURN",TK_RETURN ; RETURN
00E4AF  2  4E 90        
00E4B1  2               LBB_RIGHTS
00E4B1  2  49 47 48 54        .byte "IGHT$(",TK_RIGHTS
00E4B5  2  24 28 E6     
00E4B8  2                                             ; RIGHT$(
00E4B8  2               LBB_RND
00E4B8  2  4E 44 28 CC        .byte "ND(",TK_RND      ; RND(
00E4BC  2               LBB_RUN
00E4BC  2  55 4E 8A           .byte "UN",TK_RUN       ; RUN
00E4BF  2  00                 .byte $00
00E4C0  2               TAB_ASCS
00E4C0  2               LBB_SADD
00E4C0  2  41 44 44 28        .byte "ADD(",TK_SADD    ; SADD(
00E4C4  2  D5           
00E4C5  2               LBB_SAVE
00E4C5  2  41 56 45 98        .byte "AVE",TK_SAVE     ; SAVE
00E4C9  2               LBB_SGN
00E4C9  2  47 4E 28 C5        .byte "GN(",TK_SGN      ; SGN(
00E4CD  2               LBB_SIN
00E4CD  2  49 4E 28 D0        .byte "IN(",TK_SIN      ; SIN(
00E4D1  2               LBB_SPC
00E4D1  2  50 43 28 B1        .byte "PC(",TK_SPC      ; SPC(
00E4D5  2               LBB_SQR
00E4D5  2  51 52 28 CB        .byte "QR(",TK_SQR      ; SQR(
00E4D9  2               LBB_STEP
00E4D9  2  54 45 50 B4        .byte "TEP",TK_STEP     ; STEP
00E4DD  2               LBB_STOP
00E4DD  2  54 4F 50 92        .byte "TOP",TK_STOP     ; STOP
00E4E1  2               LBB_STRS
00E4E1  2  54 52 24 28        .byte "TR$(",TK_STRS    ; STR$(
00E4E5  2  D7           
00E4E6  2               LBB_SWAP
00E4E6  2  57 41 50 A6        .byte "WAP",TK_SWAP     ; SWAP
00E4EA  2  00                 .byte $00
00E4EB  2               TAB_ASCT
00E4EB  2               LBB_TAB
00E4EB  2  41 42 28 AD        .byte "AB(",TK_TAB      ; TAB(
00E4EF  2               LBB_TAN
00E4EF  2  41 4E 28 D1        .byte "AN(",TK_TAN      ; TAN(
00E4F3  2               LBB_THEN
00E4F3  2  48 45 4E B2        .byte "HEN",TK_THEN     ; THEN
00E4F7  2               LBB_TO
00E4F7  2  4F AF              .byte "O",TK_TO         ; TO
00E4F9  2               LBB_TWOPI
00E4F9  2  57 4F 50 49        .byte "WOPI",TK_TWOPI   ; TWOPI
00E4FD  2  E3           
00E4FE  2  00                 .byte $00
00E4FF  2               TAB_ASCU
00E4FF  2               LBB_UCASES
00E4FF  2  43 41 53 45        .byte "CASE$(",TK_UCASES
00E503  2  24 28 DA     
00E506  2                                             ; UCASE$(
00E506  2               LBB_UNTIL
00E506  2  4E 54 49 4C        .byte "NTIL",TK_UNTIL   ; UNTIL
00E50A  2  B5           
00E50B  2               LBB_USR
00E50B  2  53 52 28 C8        .byte "SR(",TK_USR      ; USR(
00E50F  2  00                 .byte $00
00E510  2               TAB_ASCV
00E510  2               LBB_VAL
00E510  2  41 4C 28 D8        .byte "AL(",TK_VAL      ; VAL(
00E514  2               LBB_VPTR
00E514  2  41 52 50 54        .byte "ARPTR(",TK_VPTR  ; VARPTR(
00E518  2  52 28 E4     
00E51B  2  00                 .byte $00
00E51C  2               TAB_ASCW
00E51C  2               LBB_WAIT
00E51C  2  41 49 54 96        .byte "AIT",TK_WAIT     ; WAIT
00E520  2               LBB_WHILE
00E520  2  48 49 4C 45        .byte "HILE",TK_WHILE   ; WHILE
00E524  2  B6           
00E525  2               LBB_WIDTH
00E525  2  49 44 54 48        .byte "IDTH",TK_WIDTH   ; WIDTH
00E529  2  A4           
00E52A  2  00                 .byte $00
00E52B  2               
00E52B  2               TAB_POWR
00E52B  2  BC 00              .byte TK_POWER,$00      ; ^
00E52D  2               
00E52D  2               ; new decode table for LIST
00E52D  2               ; Table is ..
00E52D  2               ; byte - keyword length, keyword first character
00E52D  2               ; word - pointer to rest of keyword from dictionary
00E52D  2               
00E52D  2               ; note if length is 1 then the pointer is ignored
00E52D  2               
00E52D  2               LAB_KEYT
00E52D  2  03 45              .byte 3,'E'
00E52F  2  F5 E3              .word LBB_END           ; END
00E531  2  03 46              .byte 3,'F'
00E533  2  02 E4              .word LBB_FOR           ; FOR
00E535  2  04 4E              .byte 4,'N'
00E537  2  65 E4              .word LBB_NEXT          ; NEXT
00E539  2  04 44              .byte 4,'D'
00E53B  2  D5 E3              .word LBB_DATA          ; DATA
00E53D  2  05 49              .byte 5,'I'
00E53F  2  22 E4              .word LBB_INPUT         ; INPUT
00E541  2  03 44              .byte 3,'D'
00E543  2  E4 E3              .word LBB_DIM           ; DIM
00E545  2  03 44              .byte 3,'D'
00E547  2  E7 E3              .word LBB_DIR           ; ? DIR     VERY NEW COMMAND
00E549  2  03 43              .byte 3,'C'
00E54B  2  E7 E3              .word LBB_DIR           ; ? CLS     VERY NEW COMMAND
00E54D  2  04 52              .byte 4,'R'
00E54F  2  91 E4              .word LBB_READ          ; READ
00E551  2  03 4C              .byte 3,'L'
00E553  2  40 E4              .word LBB_LET           ; LET
00E555  2  03 44              .byte 3,'D'
00E557  2  D9 E3              .word LBB_DEC           ; DEC
00E559  2  04 47              .byte 4,'G'
00E55B  2  12 E4              .word LBB_GOTO          ; GOTO
00E55D  2  03 52              .byte 3,'R'
00E55F  2  BC E4              .word LBB_RUN           ; RUN
00E561  2  02 49              .byte 2,'I'
00E563  2  1D E4              .word LBB_IF            ; IF
00E565  2  07 52              .byte 7,'R'
00E567  2  98 E4              .word LBB_RESTORE       ; RESTORE
00E569  2  05 47              .byte 5,'G'
00E56B  2  0D E4              .word LBB_GOSUB         ; GOSUB
00E56D  2  06 52              .byte 6,'R'
00E56F  2  9F E4              .word LBB_RETIRQ        ; RETIRQ
00E571  2  06 52              .byte 6,'R'
00E573  2  A5 E4              .word LBB_RETNMI        ; RETNMI
00E575  2  06 52              .byte 6,'R'
00E577  2  AB E4              .word LBB_RETURN        ; RETURN
00E579  2  03 52              .byte 3,'R'
00E57B  2  95 E4              .word LBB_REM           ; REM
00E57D  2  04 53              .byte 4,'S'
00E57F  2  DD E4              .word LBB_STOP          ; STOP
00E581  2  02 4F              .byte 2,'O'
00E583  2  77 E4              .word LBB_ON            ; ON
00E585  2  04 4E              .byte 4,'N'
00E587  2  6F E4              .word LBB_NULL          ; NULL
00E589  2  03 49              .byte 3,'I'
00E58B  2  1F E4              .word LBB_INC           ; INC
00E58D  2  04 57              .byte 4,'W'
00E58F  2  1C E5              .word LBB_WAIT          ; WAIT
00E591  2  04 4C              .byte 4,'L'
00E593  2  47 E4              .word LBB_LOAD          ; LOAD
00E595  2  04 53              .byte 4,'S'
00E597  2  C5 E4              .word LBB_SAVE          ; SAVE
00E599  2  03 44              .byte 3,'D'
00E59B  2  E1 E3              .word LBB_DEF           ; DEF
00E59D  2  04 50              .byte 4,'P'
00E59F  2  83 E4              .word LBB_POKE          ; POKE
00E5A1  2  04 44              .byte 4,'D'
00E5A3  2  EA E3              .word LBB_DOKE          ; DOKE
00E5A5  2  04 43              .byte 4,'C'
00E5A7  2  BB E3              .word LBB_CALL          ; CALL
00E5A9  2  02 44              .byte 2,'D'
00E5AB  2  EE E3              .word LBB_DO            ; DO
00E5AD  2  04 4C              .byte 4,'L'
00E5AF  2  4F E4              .word LBB_LOOP          ; LOOP
00E5B1  2  05 50              .byte 5,'P'
00E5B3  2  8B E4              .word LBB_PRINT         ; PRINT
00E5B5  2  04 43              .byte 4,'C'
00E5B7  2  CC E3              .word LBB_CONT          ; CONT
00E5B9  2  04 4C              .byte 4,'L'
00E5BB  2  43 E4              .word LBB_LIST          ; LIST
00E5BD  2  05 43              .byte 5,'C'
00E5BF  2  C4 E3              .word LBB_CLEAR         ; CLEAR
00E5C1  2  03 4E              .byte 3,'N'
00E5C3  2  62 E4              .word LBB_NEW           ; NEW
00E5C5  2  05 57              .byte 5,'W'
00E5C7  2  25 E5              .word LBB_WIDTH         ; WIDTH
00E5C9  2  03 47              .byte 3,'G'
00E5CB  2  0A E4              .word LBB_GET           ; GET
00E5CD  2  04 53              .byte 4,'S'
00E5CF  2  E6 E4              .word LBB_SWAP          ; SWAP
00E5D1  2  06 42              .byte 6,'B'
00E5D3  2  AD E3              .word LBB_BITSET        ; BITSET
00E5D5  2  06 42              .byte 6,'B'
00E5D7  2  A7 E3              .word LBB_BITCLR        ; BITCLR
00E5D9  2  03 49              .byte 3,'I'
00E5DB  2  2B E4              .word LBB_IRQ           ; IRQ
00E5DD  2  03 4E              .byte 3,'N'
00E5DF  2  69 E4              .word LBB_NMI           ; NMI
00E5E1  2               ; secondary commands (can't start a statement)
00E5E1  2               
00E5E1  2  04 54              .byte 4,'T'
00E5E3  2  EB E4              .word LBB_TAB           ; TAB
00E5E5  2  04 45              .byte 4,'E'
00E5E7  2  F1 E3              .word LBB_ELSE          ; ELSE
00E5E9  2  02 54              .byte 2,'T'
00E5EB  2  F7 E4              .word LBB_TO            ; TO
00E5ED  2  02 46              .byte 2,'F'
00E5EF  2  00 E4              .word LBB_FN            ; FN
00E5F1  2  04 53              .byte 4,'S'
00E5F3  2  D1 E4              .word LBB_SPC           ; SPC
00E5F5  2  04 54              .byte 4,'T'
00E5F7  2  F3 E4              .word LBB_THEN          ; THEN
00E5F9  2  03 4E              .byte 3,'N'
00E5FB  2  6C E4              .word LBB_NOT           ; NOT
00E5FD  2  04 53              .byte 4,'S'
00E5FF  2  D9 E4              .word LBB_STEP          ; STEP
00E601  2  05 55              .byte 5,'U'
00E603  2  06 E5              .word LBB_UNTIL         ; UNTIL
00E605  2  05 57              .byte 5,'W'
00E607  2  20 E5              .word LBB_WHILE         ; WHILE
00E609  2  03 4F              .byte 3,'O'
00E60B  2  74 E4              .word LBB_OFF           ; OFF
00E60D  2               
00E60D  2               ; opperators
00E60D  2               
00E60D  2  01 2B              .byte 1,'+'
00E60F  2  00 00              .word $0000             ; +
00E611  2  01 2D              .byte 1,'-'
00E613  2  00 00              .word $0000             ; -
00E615  2  01 2A              .byte 1,'*'
00E617  2  00 00              .word $0000             ; *
00E619  2  01 2F              .byte 1,'/'
00E61B  2  00 00              .word $0000             ; /
00E61D  2  01 5E              .byte 1,'^'
00E61F  2  00 00              .word $0000             ; ^
00E621  2  03 41              .byte 3,'A'
00E623  2  96 E3              .word LBB_AND           ; AND
00E625  2  03 45              .byte 3,'E'
00E627  2  F8 E3              .word LBB_EOR           ; EOR
00E629  2  02 4F              .byte 2,'O'
00E62B  2  79 E4              .word LBB_OR            ; OR
00E62D  2  02 3E              .byte 2,'>'
00E62F  2  8C E3              .word LBB_RSHIFT        ; >>
00E631  2  02 3C              .byte 2,'<'
00E633  2  86 E3              .word LBB_LSHIFT        ; <<
00E635  2  01 3E              .byte 1,'>'
00E637  2  00 00              .word $0000             ; >
00E639  2  01 3D              .byte 1,'='
00E63B  2  00 00              .word $0000             ; =
00E63D  2  01 3C              .byte 1,'<'
00E63F  2  00 00              .word $0000             ; <
00E641  2               
00E641  2               ; functions
00E641  2               
00E641  2  04 53              .byte 4,'S'             ;
00E643  2  C9 E4              .word LBB_SGN           ; SGN
00E645  2  04 49              .byte 4,'I'             ;
00E647  2  27 E4              .word LBB_INT           ; INT
00E649  2  04 41              .byte 4,'A'             ;
00E64B  2  92 E3              .word LBB_ABS           ; ABS
00E64D  2  04 55              .byte 4,'U'             ;
00E64F  2  0B E5              .word LBB_USR           ; USR
00E651  2  04 46              .byte 4,'F'             ;
00E653  2  05 E4              .word LBB_FRE           ; FRE
00E655  2  04 50              .byte 4,'P'             ;
00E657  2  87 E4              .word LBB_POS           ; POS
00E659  2  04 53              .byte 4,'S'             ;
00E65B  2  D5 E4              .word LBB_SQR           ; SQR
00E65D  2  04 52              .byte 4,'R'             ;
00E65F  2  B8 E4              .word LBB_RND           ; RND
00E661  2  04 4C              .byte 4,'L'             ;
00E663  2  4B E4              .word LBB_LOG           ; LOG
00E665  2  04 45              .byte 4,'E'             ;
00E667  2  FB E3              .word LBB_EXP           ; EXP
00E669  2  04 43              .byte 4,'C'             ;
00E66B  2  D0 E3              .word LBB_COS           ; COS
00E66D  2  04 53              .byte 4,'S'             ;
00E66F  2  CD E4              .word LBB_SIN           ; SIN
00E671  2  04 54              .byte 4,'T'             ;
00E673  2  EF E4              .word LBB_TAN           ; TAN
00E675  2  04 41              .byte 4,'A'             ;
00E677  2  9D E3              .word LBB_ATN           ; ATN
00E679  2  05 50              .byte 5,'P'             ;
00E67B  2  7C E4              .word LBB_PEEK          ; PEEK
00E67D  2  05 44              .byte 5,'D'             ;
00E67F  2  DC E3              .word LBB_DEEK          ; DEEK
00E681  2  05 53              .byte 5,'S'             ;
00E683  2  C0 E4              .word LBB_SADD          ; SADD
00E685  2  04 4C              .byte 4,'L'             ;
00E687  2  3C E4              .word LBB_LEN           ; LEN
00E689  2  05 53              .byte 5,'S'             ;
00E68B  2  E1 E4              .word LBB_STRS          ; STR$
00E68D  2  04 56              .byte 4,'V'             ;
00E68F  2  10 E5              .word LBB_VAL           ; VAL
00E691  2  04 41              .byte 4,'A'             ;
00E693  2  99 E3              .word LBB_ASC           ; ASC
00E695  2  07 55              .byte 7,'U'             ;
00E697  2  FF E4              .word LBB_UCASES        ; UCASE$
00E699  2  07 4C              .byte 7,'L'             ;
00E69B  2  2F E4              .word LBB_LCASES        ; LCASE$
00E69D  2  05 43              .byte 5,'C'             ;
00E69F  2  BF E3              .word LBB_CHRS          ; CHR$
00E6A1  2  05 48              .byte 5,'H'             ;
00E6A3  2  17 E4              .word LBB_HEXS          ; HEX$
00E6A5  2  05 42              .byte 5,'B'             ;
00E6A7  2  A2 E3              .word LBB_BINS          ; BIN$
00E6A9  2  07 42              .byte 7,'B'             ;
00E6AB  2  B3 E3              .word LBB_BITTST        ; BITTST
00E6AD  2  04 4D              .byte 4,'M'             ;
00E6AF  2  54 E4              .word LBB_MAX           ; MAX
00E6B1  2  04 4D              .byte 4,'M'             ;
00E6B3  2  5D E4              .word LBB_MIN           ; MIN
00E6B5  2  02 50              .byte 2,'P'             ;
00E6B7  2  81 E4              .word LBB_PI            ; PI
00E6B9  2  05 54              .byte 5,'T'             ;
00E6BB  2  F9 E4              .word LBB_TWOPI         ; TWOPI
00E6BD  2  07 56              .byte 7,'V'             ;
00E6BF  2  14 E5              .word LBB_VPTR          ; VARPTR
00E6C1  2  06 4C              .byte 6,'L'             ;
00E6C3  2  36 E4              .word LBB_LEFTS         ; LEFT$
00E6C5  2  07 52              .byte 7,'R'             ;
00E6C7  2  B1 E4              .word LBB_RIGHTS        ; RIGHT$
00E6C9  2  05 4D              .byte 5,'M'             ;
00E6CB  2  58 E4              .word LBB_MIDS          ; MID$
00E6CD  2               
00E6CD  2               ; BASIC messages, mostly error messages
00E6CD  2               
00E6CD  2               LAB_BAER
00E6CD  2  F1 E6              .word ERR_NF            ;$00 NEXT without FOR
00E6CF  2  02 E7              .word ERR_SN            ;$02 syntax
00E6D1  2  09 E7              .word ERR_RG            ;$04 RETURN without GOSUB
00E6D3  2  1E E7              .word ERR_OD            ;$06 out of data
00E6D5  2  2A E7              .word ERR_FC            ;$08 function call
00E6D7  2  38 E7              .word ERR_OV            ;$0A overflow
00E6D9  2  41 E7              .word ERR_OM            ;$0C out of memory
00E6DB  2  4F E7              .word ERR_US            ;$0E undefined statement
00E6DD  2  63 E7              .word ERR_BS            ;$10 array bounds
00E6DF  2  70 E7              .word ERR_DD            ;$12 double dimension array
00E6E1  2  81 E7              .word ERR_D0            ;$14 divide by 0
00E6E3  2  90 E7              .word ERR_ID            ;$16 illegal direct
00E6E5  2  9F E7              .word ERR_TM            ;$18 type mismatch
00E6E7  2  AD E7              .word ERR_LS            ;$1A long string
00E6E9  2  BD E7              .word ERR_ST            ;$1C string too complex
00E6EB  2  D0 E7              .word ERR_CN            ;$1E continue error
00E6ED  2  DF E7              .word ERR_UF            ;$20 undefined function
00E6EF  2  F2 E7              .word ERR_LD            ;$22 LOOP without DO
00E6F1  2               
00E6F1  2               ; I may implement these two errors to force definition of variables and
00E6F1  2               ; dimensioning of arrays before use.
00E6F1  2               
00E6F1  2               ;     .word ERR_UV            ;$24 undefined variable
00E6F1  2               
00E6F1  2               ; the above error has been tested and works (see code and comments below LAB_1D8B)
00E6F1  2               
00E6F1  2               ;     .word ERR_UA            ;$26 undimensioned array
00E6F1  2               
00E6F1  2  4E 45 58 54  ERR_NF      .byte "NEXT without FOR",$00
00E6F5  2  20 77 69 74  
00E6F9  2  68 6F 75 74  
00E702  2  53 79 6E 74  ERR_SN      .byte "Syntax",$00
00E706  2  61 78 00     
00E709  2  52 45 54 55  ERR_RG      .byte "RETURN without GOSUB",$00
00E70D  2  52 4E 20 77  
00E711  2  69 74 68 6F  
00E71E  2  4F 75 74 20  ERR_OD      .byte "Out of DATA",$00
00E722  2  6F 66 20 44  
00E726  2  41 54 41 00  
00E72A  2  46 75 6E 63  ERR_FC      .byte "Function call",$00
00E72E  2  74 69 6F 6E  
00E732  2  20 63 61 6C  
00E738  2  4F 76 65 72  ERR_OV      .byte "Overflow",$00
00E73C  2  66 6C 6F 77  
00E740  2  00           
00E741  2  4F 75 74 20  ERR_OM      .byte "Out of memory",$00
00E745  2  6F 66 20 6D  
00E749  2  65 6D 6F 72  
00E74F  2  55 6E 64 65  ERR_US      .byte "Undefined statement",$00
00E753  2  66 69 6E 65  
00E757  2  64 20 73 74  
00E763  2  41 72 72 61  ERR_BS      .byte "Array bounds",$00
00E767  2  79 20 62 6F  
00E76B  2  75 6E 64 73  
00E770  2  44 6F 75 62  ERR_DD      .byte "Double dimension",$00
00E774  2  6C 65 20 64  
00E778  2  69 6D 65 6E  
00E781  2  44 69 76 69  ERR_D0      .byte "Divide by zero",$00
00E785  2  64 65 20 62  
00E789  2  79 20 7A 65  
00E790  2  49 6C 6C 65  ERR_ID      .byte "Illegal direct",$00
00E794  2  67 61 6C 20  
00E798  2  64 69 72 65  
00E79F  2  54 79 70 65  ERR_TM      .byte "Type mismatch",$00
00E7A3  2  20 6D 69 73  
00E7A7  2  6D 61 74 63  
00E7AD  2  53 74 72 69  ERR_LS      .byte "String too long",$00
00E7B1  2  6E 67 20 74  
00E7B5  2  6F 6F 20 6C  
00E7BD  2  53 74 72 69  ERR_ST      .byte "String too complex",$00
00E7C1  2  6E 67 20 74  
00E7C5  2  6F 6F 20 63  
00E7D0  2  43 61 6E 27  ERR_CN      .byte "Can't continue",$00
00E7D4  2  74 20 63 6F  
00E7D8  2  6E 74 69 6E  
00E7DF  2  55 6E 64 65  ERR_UF      .byte "Undefined function",$00
00E7E3  2  66 69 6E 65  
00E7E7  2  64 20 66 75  
00E7F2  2  4C 4F 4F 50  ERR_LD      .byte "LOOP without DO",$00
00E7F6  2  20 77 69 74  
00E7FA  2  68 6F 75 74  
00E802  2               
00E802  2               ;ERR_UV     .byte "Undefined variable",$00
00E802  2               
00E802  2               ; the above error has been tested and works (see code and comments below LAB_1D8B)
00E802  2               
00E802  2               ;ERR_UA     .byte "Undimensioned array",$00
00E802  2               
00E802  2  0D 0A 42 72  LAB_BMSG    .byte $0D,$0A,"Break",$00
00E806  2  65 61 6B 00  
00E80A  2  20 45 72 72  LAB_EMSG    .byte " Error",$00
00E80E  2  6F 72 00     
00E811  2  20 69 6E 20  LAB_LMSG    .byte " in line ",$00
00E815  2  6C 69 6E 65  
00E819  2  20 00        
00E81B  2  0D 0A 52 65  LAB_RMSG    .byte $0D,$0A,"Ready",$0D,$0A,$00         ; TODO REMOVE EXCESS CRLF AS IT TAKES UP SPACE
00E81F  2  61 64 79 0D  
00E823  2  0A 00        
00E825  2               
00E825  2  20 45 78 74  LAB_IMSG    .byte " Extra ignored",$0D,$0A,$00
00E829  2  72 61 20 69  
00E82D  2  67 6E 6F 72  
00E836  2  20 52 65 64  LAB_REDO    .byte " Redo from start",$0D,$0A,$00
00E83A  2  6F 20 66 72  
00E83E  2  6F 6D 20 73  
00E849  2               
00E849  2               AA_end_basic
00E849  2               
00E849  1                   .include "ewoz.asm"
00E849  2               ; EWOZ Extended Woz Monitor.
00E849  2               ; Just a few mods to the original monitor.
00E849  2               
00E849  2               ; START @ $7000
00E849  2               
00E849  2               
00E849  2               
00E849  2               ;IO_AREA        = $A000
00E849  2               ;ACIA        = IO_AREA
00E849  2               ;ACIA_CTRL   = ACIA+3
00E849  2               ;ACIA_CMD    = ACIA+2
00E849  2               ;ACIA_SR     = ACIA+1
00E849  2               ;ACIA_DAT    = ACIA
00E849  2               
00E849  2               ;ACIAStatus  = IO_AREA		; FT245 Status
00E849  2               ;ACIAData    = IO_AREA+$01	; FT245 Data in/out
00E849  2                  .segment "WOZMON"
00E849  2                   .org    $F000
00F000  2               
00F000  2               IN          = $0300          ;*Input buffer
00F000  2               XAML        = $24            ;*Index pointers
00F000  2               XAMH        = $25
00F000  2               STL         = $26
00F000  2               STH         = $27
00F000  2               L           = $28
00F000  2               H           = $29
00F000  2               YSAV        = $2A
00F000  2               MODE        = $2B
00F000  2               MSGL      = $2C
00F000  2               MSGH      = $2D
00F000  2               COUNTER      = $2E
00F000  2               CRC         = $2F
00F000  2               CRCCHECK   = $30
00F000  2               
00F000  2               
00F000  2               EWOZ:
00F000  2  D8                    CLD             ;Clear decimal arithmetic mode.
00F001  2  58                    CLI
00F002  2               ;        LDA #$1F        ;* Init ACIA to 19200 Baud.
00F002  2               ;        STA ACIA_CTRL
00F002  2               ;        LDA #$0B        ;* No Parity.
00F002  2               ;        STA ACIA_CMD
00F002  2  A9 0D                 LDA #$0D
00F004  2  20 27 F1              JSR ECHO      ;* New line.
00F007  2  A9 30                 LDA #<MSG1
00F009  2  85 2C                 STA MSGL
00F00B  2  A9 F2                 LDA #>MSG1
00F00D  2  85 2D                 STA MSGH
00F00F  2  20 38 F1              JSR SHWMSG      ;* Show Welcome.
00F012  2  A9 0D                 LDA #$0D
00F014  2  20 27 F1              JSR ECHO      ;* New line.
00F017  2               SOFTRESET:
00F017  2  A9 9B                 LDA #$9B      ;* Auto escape.
00F019  2               NOTCR:
00F019  2  C9 88                 CMP #$88        ;"<-"? * Note this was chaged to $88 which is the back space key.
00F01B  2  F0 13                 BEQ BACKSPACE   ;Yes.
00F01D  2  C9 9B                 CMP #$9B        ;ESC?
00F01F  2  F0 03                 BEQ ESCAPE      ;Yes.
00F021  2  C8                    INY             ;Advance text index.
00F022  2  10 19                 BPL NEXTCHAR    ;Auto ESC if >127.
00F024  2               ESCAPE:
00F024  2  A9 DC                 LDA #$DC        ;"\"
00F026  2  20 27 F1              JSR ECHO        ;Output it.
00F029  2               GETLINE:
00F029  2  A9 8D                 LDA #$8D        ;CR.
00F02B  2  20 27 F1              JSR ECHO        ;Output it.
00F02E  2  A0 01                 LDY #$01        ;Initiallize text index.
00F030  2               BACKSPACE:
00F030  2  88                    DEY             ;Backup text index.
00F031  2  30 F6                 BMI GETLINE     ;Beyond start of line, reinitialize.
00F033  2  A9 A0                 LDA #$A0      ;*Space, overwrite the backspaced char.
00F035  2  20 27 F1              JSR ECHO
00F038  2  A9 88                 LDA #$88      ;*Backspace again to get to correct pos.
00F03A  2  20 27 F1              JSR ECHO
00F03D  2               NEXTCHAR:
00F03D  2  AD F0 BF              LDA ACIAStatus    ;*See if we got an incoming char
00F040  2  29 01                 AND #$01        ;*Test bit 3
00F042  2  C9 01                 CMP #$01
00F044  2  D0 F7                 BNE NEXTCHAR    ;*Wait for character
00F046  2  AD F1 BF              LDA ACIAData    ;*Load char
00F049  2  C9 60                 CMP #$60      ;*Is it Lower case
00F04B  2  30 02                 BMI   CONVERT      ;*Nope, just convert it
00F04D  2  29 5F                 AND #$5F      ;*If lower case, convert to Upper case
00F04F  2               CONVERT:
00F04F  2  09 80           ORA #$80        ;*Convert it to "ASCII Keyboard" Input
00F051  2  99 00 03                 STA IN,Y        ;Add to text buffer.
00F054  2  20 27 F1                 JSR ECHO        ;Display character.
00F057  2  C9 8D                    CMP #$8D        ;CR?
00F059  2  D0 BE                    BNE NOTCR       ;No.
00F05B  2  A0 FF                    LDY #$FF        ;Reset text index.
00F05D  2  A9 00                    LDA #$00        ;For XAM mode.
00F05F  2  AA                       TAX             ;0->X.
00F060  2               SETSTOR:
00F060  2  0A                ASL             ;Leaves $7B if setting STOR mode.
00F061  2               SETMODE:
00F061  2  85 2B             STA MODE        ;$00 = XAM, $7B = STOR, $AE = BLOK XAM.
00F063  2               BLSKIP:
00F063  2  C8                 INY             ;Advance text index.
00F064  2               NEXTITEM:
00F064  2  B9 00 03         LDA IN,Y        ;Get character.
00F067  2  C9 8D                    CMP #$8D        ;CR?
00F069  2  F0 BE                    BEQ GETLINE     ;Yes, done this line.
00F06B  2  C9 AE                    CMP #$AE        ;"."?
00F06D  2  90 F4                    BCC BLSKIP      ;Skip delimiter.
00F06F  2  F0 F0                    BEQ SETMODE     ;Set BLOCK XAM mode.
00F071  2  C9 BA                    CMP #$BA        ;":"?
00F073  2  F0 EB                    BEQ SETSTOR     ;Yes, set STOR mode.
00F075  2  C9 D2                 CMP #$D2        ;"R"?
00F077  2  F0 36                    BEQ RUN         ;Yes, run user program
00F079  2  C9 D1                    CMP #$D1          ;? QUIT TO BASIC.
00F07B  2  F0 31                    BEQ EXIT          ;
00F07D  2  C9 CC                    CMP #$CC        ;* "L"?
00F07F  2  F0 37                    BEQ LOADINT     ;* Yes, Load Intel Code.
00F081  2  86 28                    STX L           ;$00->L.
00F083  2  86 29                    STX H           ; and H.
00F085  2  84 2A                    STY YSAV        ;Save Y for comparison.
00F087  2               NEXTHEX:
00F087  2  B9 00 03          LDA IN,Y        ;Get character for hex test.
00F08A  2  49 B0                    EOR #$B0        ;Map digits to $0-9.
00F08C  2  C9 0A                    CMP #$0A        ;Digit?
00F08E  2  90 06                    BCC DIG         ;Yes.
00F090  2  69 88                    ADC #$88        ;Map letter "A"-"F" to $FA-FF.
00F092  2  C9 FA                    CMP #$FA        ;Hex letter?
00F094  2  90 11                    BCC NOTHEX      ;No, character not hex.
00F096  2               DIG:
00F096  2  0A                    ASL
00F097  2  0A                       ASL             ;Hex digit to MSD of A.
00F098  2  0A                       ASL
00F099  2  0A                       ASL
00F09A  2  A2 04                    LDX #$04        ;Shift count.
00F09C  2               HEXSHIFT:
00F09C  2  0A              ASL             ;Hex digit left MSB to carry.
00F09D  2  26 28                    ROL L           ;Rotate into LSD.
00F09F  2  26 29                    ROL H           ;Rotate into MSD's.
00F0A1  2  CA                       DEX             ;Done 4 shifts?
00F0A2  2  D0 F8                    BNE HEXSHIFT    ;No, loop.
00F0A4  2  C8                       INY             ;Advance text index.
00F0A5  2  D0 E0                    BNE NEXTHEX     ;Always taken. Check next character for hex.
00F0A7  2               NOTHEX:
00F0A7  2  C4 2A              CPY YSAV        ;Check if L, H empty (no hex digits).
00F0A9  2  D0 13                 BNE NOESCAPE   ;* Branch out of range, had to improvise...
00F0AB  2  4C 24 F0                 JMP ESCAPE      ;Yes, generate ESC sequence.
00F0AE  2               EXIT:                         ; ? RTS TO BASIC
00F0AE  2  60                    RTS
00F0AF  2               
00F0AF  2               RUN:
00F0AF  2  20 B5 F0              JSR ACTRUN      ;* JSR to the Address we want to run.
00F0B2  2  4C 17 F0              JMP   SOFTRESET   ;* When returned for the program, reset EWOZ.
00F0B5  2               ACTRUN:
00F0B5  2  6C 24 00           JMP (XAML)      ;Run at current XAM index.
00F0B8  2               
00F0B8  2               LOADINT:
00F0B8  2  20 45 F1           JSR LOADINTEL   ;* Load the Intel code.
00F0BB  2  4C 17 F0              JMP   SOFTRESET   ;* When returned from the program, reset EWOZ.
00F0BE  2               
00F0BE  2               NOESCAPE:
00F0BE  2  24 2B            BIT MODE        ;Test MODE byte.
00F0C0  2  50 0D                    BVC NOTSTOR     ;B6=0 for STOR, 1 for XAM and BLOCK XAM
00F0C2  2  A5 28                    LDA L           ;LSD's of hex data.
00F0C4  2  81 26                    STA (STL, X)    ;Store at current "store index".
00F0C6  2  E6 26                    INC STL         ;Increment store index.
00F0C8  2  D0 9A                    BNE NEXTITEM    ;Get next item. (no carry).
00F0CA  2  E6 27                    INC STH         ;Add carry to 'store index' high order.
00F0CC  2               TONEXTITEM:
00F0CC  2  4C 64 F0       JMP NEXTITEM    ;Get next command item.
00F0CF  2               NOTSTOR:
00F0CF  2  30 2B             BMI XAMNEXT     ;B7=0 for XAM, 1 for BLOCK XAM.
00F0D1  2  A2 02                    LDX #$02        ;Byte count.
00F0D3  2               SETADR:
00F0D3  2  B5 27              LDA L-1,X       ;Copy hex data to
00F0D5  2  95 25                    STA STL-1,X     ;"store index".
00F0D7  2  95 23                    STA XAML-1,X    ;And to "XAM index'.
00F0D9  2  CA                       DEX             ;Next of 2 bytes.
00F0DA  2  D0 F7                    BNE SETADR      ;Loop unless X = 0.
00F0DC  2               NXTPRNT:
00F0DC  2               
00F0DC  2  D0 14             BNE PRDATA      ;NE means no address to print.
00F0DE  2  A9 8D                    LDA #$8D        ;CR.
00F0E0  2  20 27 F1                 JSR ECHO        ;Output it.
00F0E3  2  A5 25                    LDA XAMH        ;'Examine index' high-order byte.
00F0E5  2  20 14 F1                 JSR PRBYTE      ;Output it in hex format.
00F0E8  2  A5 24                    LDA XAML        ;Low-order "examine index" byte.
00F0EA  2  20 14 F1                 JSR PRBYTE      ;Output it in hex format.
00F0ED  2  A9 BA                    LDA #$BA        ;":".
00F0EF  2  20 27 F1                 JSR ECHO        ;Output it.
00F0F2  2               PRDATA:
00F0F2  2               
00F0F2  2  A9 A0              LDA #$A0        ;Blank.
00F0F4  2  20 27 F1                 JSR ECHO        ;Output it.
00F0F7  2  A1 24                    LDA (XAML,X)    ;Get data byte at 'examine index".
00F0F9  2  20 14 F1                 JSR PRBYTE      ;Output it in hex format.
00F0FC  2               XAMNEXT:
00F0FC  2  86 2B             STX MODE        ;0-> MODE (XAM mode).
00F0FE  2  A5 24                    LDA XAML
00F100  2  C5 28                    CMP L           ;Compare 'examine index" to hex data.
00F102  2  A5 25                    LDA XAMH
00F104  2  E5 29                    SBC H
00F106  2  B0 C4                    BCS TONEXTITEM  ;Not less, so no more data to output.
00F108  2  E6 24                    INC XAML
00F10A  2  D0 02                    BNE MOD8CHK     ;Increment 'examine index".
00F10C  2  E6 25                    INC XAMH
00F10E  2               MOD8CHK:
00F10E  2  A5 24             LDA XAML        ;Check low-order 'exainine index' byte
00F110  2  29 0F                    AND #$0F        ;For MOD 8=0 ** changed to $0F to get 16 values per row **
00F112  2  10 C8                    BPL NXTPRNT     ;Always taken.
00F114  2               PRBYTE:
00F114  2  48                 PHA             ;Save A for LSD.
00F115  2  4A                       LSR
00F116  2  4A                       LSR
00F117  2  4A                       LSR             ;MSD to LSD position.
00F118  2  4A                       LSR
00F119  2  20 1D F1                 JSR PRHEX       ;Output hex digit.
00F11C  2  68                       PLA             ;Restore A.
00F11D  2               PRHEX:
00F11D  2  29 0F              AND   #$0F        ;Mask LSD for hex print.
00F11F  2  09 B0              ORA   #$B0        ;Add "0".
00F121  2  C9 BA              CMP   #$BA        ;Digit?
00F123  2  90 02              BCC   ECHO        ;Yes, output it.
00F125  2  69 06              ADC   #$06        ;Add offset for letter.
00F127  2               ECHO:
00F127  2  48                 PHA               ;*Save A
00F128  2  29 7F              AND   #$7F        ;*Change to "standard ASCII"
00F12A  2  8D F1 BF           STA   ACIAData    ;*Send it.
00F12D  2               @WAIT:
00F12D  2  AD F0 BF           LDA   ACIAStatus  ;*Load status register for ACIA
00F130  2  29 02              AND   #$02        ;*Mask bit 2.
00F132  2  C9 02              CMP   #$02
00F134  2  D0 F7              BNE    @WAIT      ;*ACIA not done yet, wait.
00F136  2  68                 PLA               ;*Restore A
00F137  2  60                 RTS               ;*Done, over and out...
00F138  2               
00F138  2               SHWMSG:
00F138  2  A0 00              LDY #$0
00F13A  2               @PRINT:
00F13A  2  B1 2C              LDA (MSGL),Y
00F13C  2  F0 06                 BEQ @DONE
00F13E  2  20 27 F1              JSR ECHO
00F141  2  C8                    INY
00F142  2  D0 F6                 BNE @PRINT
00F144  2               @DONE:
00F144  2  60                 RTS
00F145  2               
00F145  2               
00F145  2               ; Load an program in Intel Hex Format.
00F145  2               LOADINTEL:
00F145  2  A9 0D           LDA #$0D
00F147  2  20 27 F1              JSR ECHO      ;New line.
00F14A  2  A9 45                 LDA #<MSG2
00F14C  2  85 2C                 STA MSGL
00F14E  2  A9 F2                 LDA #>MSG2
00F150  2  85 2D                 STA MSGH
00F152  2  20 38 F1              JSR SHWMSG      ;Show Start Transfer.
00F155  2  A9 0D                 LDA #$0D
00F157  2  20 27 F1              JSR ECHO      ;New line.
00F15A  2  A0 00                 LDY #$00
00F15C  2  84 30                 STY CRCCHECK   ;If CRCCHECK=0, all is good.
00F15E  2               INTELLINE:
00F15E  2  20 23 F2        JSR GETCHAR      ;Get char
00F161  2  99 00 03              STA IN,Y      ;Store it
00F164  2  C8                    INY            ;Next
00F165  2  C9 1B                 CMP   #$1B      ;Escape ?
00F167  2  F0 67                 BEQ   INTELDONE   ;Yes, abort.
00F169  2  C9 0D                 CMP #$0D      ;Did we find a new line ?
00F16B  2  D0 F1                 BNE INTELLINE   ;Nope, continue to scan line.
00F16D  2  A0 FF                 LDY #$FF      ;Find (:)
00F16F  2               FINDCOL:
00F16F  2  C8                 INY
00F170  2  B9 00 03              LDA IN,Y
00F173  2  C9 3A                 CMP #$3A      ; Is it Colon ?
00F175  2  D0 F8                 BNE FINDCOL      ; Nope, try next.
00F177  2  C8                    INY            ; Skip colon
00F178  2  A2 00                 LDX   #$00      ; Zero in X
00F17A  2  86 2F                 STX   CRC         ; Zero Check sum
00F17C  2  20 00 F2              JSR GETHEX      ; Get Number of bytes.
00F17F  2  85 2E                 STA COUNTER      ; Number of bytes in Counter.
00F181  2  18                    CLC            ; Clear carry
00F182  2  65 2F                 ADC CRC         ; Add CRC
00F184  2  85 2F                 STA CRC         ; Store it
00F186  2  20 00 F2              JSR GETHEX      ; Get Hi byte
00F189  2  85 27                 STA STH         ; Store it
00F18B  2  18                    CLC            ; Clear carry
00F18C  2  65 2F                 ADC CRC         ; Add CRC
00F18E  2  85 2F                 STA CRC         ; Store it
00F190  2  20 00 F2              JSR GETHEX      ; Get Lo byte
00F193  2  85 26                 STA STL         ; Store it
00F195  2  18                    CLC            ; Clear carry
00F196  2  65 2F                 ADC CRC         ; Add CRC
00F198  2  85 2F                 STA CRC         ; Store it
00F19A  2  A9 2E                 LDA #$2E      ; Load "."
00F19C  2  20 27 F1              JSR ECHO      ; Print it to indicate activity.
00F19F  2               NODOT:
00F19F  2  20 00 F2           JSR GETHEX      ; Get Control byte.
00F1A2  2  C9 01                 CMP   #$01      ; Is it a Termination record ?
00F1A4  2  F0 2A                 BEQ   INTELDONE   ; Yes, we are done.
00F1A6  2  18                    CLC            ; Clear carry
00F1A7  2  65 2F                 ADC CRC         ; Add CRC
00F1A9  2  85 2F                 STA CRC         ; Store it
00F1AB  2               INTELSTORE:
00F1AB  2  20 00 F2           JSR GETHEX      ; Get Data Byte
00F1AE  2  81 26              STA (STL,X)      ; Store it
00F1B0  2  18                 CLC            ; Clear carry
00F1B1  2  65 2F              ADC CRC         ; Add CRC
00F1B3  2  85 2F              STA CRC         ; Store it
00F1B5  2  E6 26              INC STL         ; Next Address
00F1B7  2  D0 02              BNE TESTCOUNT   ; Test to see if Hi byte needs INC
00F1B9  2  E6 27              INC STH         ; If so, INC it.
00F1BB  2               TESTCOUNT:
00F1BB  2  C6 2E              DEC   COUNTER      ; Count down.
00F1BD  2  D0 EC              BNE INTELSTORE   ; Next byte
00F1BF  2  20 00 F2           JSR GETHEX      ; Get Checksum
00F1C2  2  A0 00              LDY #$00      ; Zero Y
00F1C4  2  18                 CLC            ; Clear carry
00F1C5  2  65 2F              ADC CRC         ; Add CRC
00F1C7  2  F0 95              BEQ INTELLINE   ; Checksum OK.
00F1C9  2  A9 01              LDA #$01      ; Flag CRC error.
00F1CB  2  85 30              STA   CRCCHECK   ; Store it
00F1CD  2  4C 5E F1           JMP INTELLINE   ; Process next line.
00F1D0  2               
00F1D0  2               INTELDONE:
00F1D0  2  A5 30              LDA CRCCHECK   ; Test if everything is OK.
00F1D2  2  F0 16              BEQ OKMESS      ; Show OK message.
00F1D4  2  A9 0D              LDA #$0D
00F1D6  2  20 27 F1           JSR ECHO      ;New line.
00F1D9  2  A9 7B              LDA #<MSG4      ; Load Error Message
00F1DB  2  85 2C              STA MSGL
00F1DD  2  A9 F2              LDA #>MSG4
00F1DF  2  85 2D              STA MSGH
00F1E1  2  20 38 F1           JSR SHWMSG      ;Show Error.
00F1E4  2  A9 0D              LDA #$0D
00F1E6  2  20 27 F1           JSR ECHO      ;New line.
00F1E9  2  60                 RTS
00F1EA  2               
00F1EA  2               OKMESS:
00F1EA  2  A9 0D              LDA #$0D
00F1EC  2  20 27 F1           JSR ECHO      ;New line.
00F1EF  2  A9 64              LDA #<MSG3      ;Load OK Message.
00F1F1  2  85 2C              STA MSGL
00F1F3  2  A9 F2              LDA #>MSG3
00F1F5  2  85 2D              STA MSGH
00F1F7  2  20 38 F1           JSR SHWMSG      ;Show Done.
00F1FA  2  A9 0D              LDA #$0D
00F1FC  2  20 27 F1           JSR ECHO      ;New line.
00F1FF  2  60                 RTS
00F200  2               
00F200  2               GETHEX:
00F200  2  B9 00 03           LDA IN,Y      ;Get first char.
00F203  2  49 30              EOR #$30
00F205  2  C9 0A              CMP #$0A
00F207  2  90 02              BCC DONEFIRST
00F209  2  69 08              ADC #$08
00F20B  2               DONEFIRST:
00F20B  2  0A                 ASL
00F20C  2  0A                 ASL
00F20D  2  0A                 ASL
00F20E  2  0A                 ASL
00F20F  2  85 28              STA L
00F211  2  C8                 INY
00F212  2  B9 00 03           LDA IN,Y      ;Get next char.
00F215  2  49 30              EOR #$30
00F217  2  C9 0A              CMP #$0A
00F219  2  90 02              BCC DONESECOND
00F21B  2  69 08              ADC #$08
00F21D  2               DONESECOND:
00F21D  2  29 0F              AND #$0F
00F21F  2  05 28              ORA L
00F221  2  C8                 INY
00F222  2  60                 RTS
00F223  2               
00F223  2               GETCHAR:
00F223  2  AD F0 BF           LDA ACIAStatus     ;See if we got an incoming char
00F226  2  29 01              AND #$01        ;Test bit 3
00F228  2  C9 01              CMP #$01
00F22A  2  D0 F7              BNE GETCHAR     ;Wait for character
00F22C  2  AD F1 BF           LDA ACIAData    ;Load char
00F22F  2  60                 RTS
00F230  2               
00F230  2               MSG1:
00F230  2  57 65 6C 63        .byte "Welcome to EWOZ 1.0.",0
00F234  2  6F 6D 65 20  
00F238  2  74 6F 20 45  
00F245  2               MSG2:
00F245  2  53 74 61 72        .byte "Start Intel Hex code Transfer.",0
00F249  2  74 20 49 6E  
00F24D  2  74 65 6C 20  
00F264  2               MSG3:
00F264  2  49 6E 74 65        .byte "Intel Hex Imported OK.",0
00F268  2  6C 20 48 65  
00F26C  2  78 20 49 6D  
00F27B  2               MSG4:
00F27B  2  49 6E 74 65        .byte "Intel Hex Imported with checksum error.",0
00F27F  2  6C 20 48 65  
00F283  2  78 20 49 6D  
00F2A3  2               
00F2A3  2               
00F2A3  2               
00F2A3  2               
00F2A3  2               
00F2A3  2               
00F2A3  1               	.include ""
00F2A3  2               
00F2A3  1               
00F2A3  1               ; put the IRQ and MNI code in RAM so that it can be changed
00F2A3  1               
00F2A3  1               IRQ_vec	= VEC_SV+2		; IRQ code vector
00F2A3  1               NMI_vec	= IRQ_vec+$0A	; NMI code vector
00F2A3  1               
00F2A3  1               ; setup for the 6502 simulator environment
00F2A3  1               
00F2A3  1               IO_AREA	= $BFF0		; set I/O area for this monitor (Console port)
00F2A3  1               
00F2A3  1               
00F2A3  1               ;ACIAsimwr	= IO_AREA+$01	; simulated ACIA write port
00F2A3  1               ;ACIAsimrd	= IO_AREA+$04	; simulated ACIA read port
00F2A3  1               ACIAStatus	= IO_AREA		; FT245 Status
00F2A3  1               ACIAData	= IO_AREA+$01	; FT245 Data in/out
00F2A3  1               
00F2A3  1               ; Keyboard ACIA (65c51) memory locations
00F2A3  1               A_rxd           = $BFE0 ; ACIA receive data port
00F2A3  1               A_txd           = $BFE0 ; ACIA transmit data port
00F2A3  1               A_sts           = $BFE1 ; ACIA status port
00F2A3  1               A_res           = $BFE1 ; ACIA reset port
00F2A3  1               A_cmd           = $BFE2 ; ACIA command port
00F2A3  1               A_ctl           = $BFE3 ; ACIA control port
00F2A3  1               
00F2A3  1               ; Beeper bits
00F2A3  1               A_Beeper		= $BFA0 ; Beeper address
00F2A3  1               BEEP_PW			= $FF		; pitch of "low" beep
00F2A3  1               BEEP_PW2		= $7F		; pitch of "high" beep
00F2A3  1               BEEP_LN			= $20
00F2A3  1               DELAY_LEN1		= $05		; Also affects pitch
00F2A3  1               
00F2A3  1               ; compact flash bits n bobs
00F2A3  1               CF_ADDRESS		= $BFB0	; Compact flash address
00F2A3  1               CF_BUFF1 		= $0400	; First 256 bytes of 512 Byte buffer for compact flash read/write
00F2A3  1               CF_BUFF2 		= $0500	; Second 256 bytes of 512 Byte buffer for compact flash read/write
00F2A3  1               CF_LB			= $0600 ; Place for low byte of sector address
00F2A3  1               CF_MB			= $0601 ; Place for middle byte of sector address
00F2A3  1               CF_HB			= $0602 ; Place for high byte of sector address
00F2A3  1               
00F2A3  1               ; display addresses
00F2A3  1               DISP_DT			= $BFD0
00F2A3  1               DISP_RG			= $BFD1
00F2A3  1               DISP_WAIT		= $BFD2  ; This is the Glue logic, Bit 2 is LOW when display is busy, IGNORE all other bits
00F2A3  1               
00F2A3  1               
00F2A3  1               ; 256 byte page used for my loops and bits (away from basic)
00F2A3  1               MyDL 			= $610
00F2A3  1               MyDL2		 	= $611
00F2A3  1               MyDL3			= $612
00F2A3  1               
00F2A3  1               MyLP1			= $620
00F2A3  1               MyLP2			= $621
00F2A3  1               MyERR			= $622
00F2A3  1               
00F2A3  1               DISP_temp		= $623
00F2A3  1               DISP_ccol		= $624	; current coloumn (useful for delete)
00F2A3  1               DISP_crow		= $625	; current row (used for scrolling)
00F2A3  1               DISP_initcom	= $626
00F2A3  1               
00F2A3  1               
00F2A3  1               MyTEMP			= $650
00F2A3  1               MyTEMP2			= $651
00F2A3  1               MyTEMP3			= $652
00F2A3  1               
00F2A3  1               
00F2A3  1               
00F2A3  1               ; now the code. all this does is set up the vectors and interrupt code
00F2A3  1               ; and wait for the user to select [C]old or [W]arm start. nothing else
00F2A3  1               ; fits in less than 128 bytes
00F2A3  1               	.segment "IOHANDLER"
00F2A3  1               	.org	$F300			; pretend this is in a 1/8K ROM
00F300  1               
00F300  1               ; reset vector points here
00F300  1               RES_vec
00F300  1  D8           	CLD				; clear decimal mode
00F301  1  A2 FF        	LDX	#$FF		; empty stack
00F303  1  9A           	TXS				; set the stack
00F304  1               
00F304  1               ; set up vectors and interrupt code, copy them to page 2
00F304  1               
00F304  1  A0 20        	LDY	#END_CODE-LAB_vec	; set index/count
00F306  1               LAB_stlp
00F306  1  B9 84 F8     	LDA	LAB_vec-1,Y		; get byte from interrupt code
00F309  1  99 04 02     	STA	VEC_IN-1,Y		; save to RAM
00F30C  1  88           	DEY					; decrement index/count
00F30D  1  D0 F7        	BNE	LAB_stlp		; loop if more to do
00F30F  1               
00F30F  1               ; set up 65c51
00F30F  1  8D E1 BF         STA A_res       ; soft reset (value not important)
00F312  1  A9 0B            LDA #$0B        ; set specific modes and functions
00F314  1                   	            ; no parity, no echo, no Tx interrupt
00F314  1                       	        ; no Rx interrupt, enable Tx/Rx
00F314  1  8D E2 BF         STA A_cmd       ; save to command register
00F317  1  A9 10            LDA #$10        ; 8-N-1, 115200 baud
00F319  1  8D E3 BF         STA A_ctl       ; set control register
00F31C  1               
00F31C  1  20 01 F8     	JSR PWR_BEEP_LOW	; power beep
00F31F  1  20 00 F4     	JSR DISP_INIT		; initialise screen
00F322  1  20 D2 F7     	JSR PWR_BEEP_HIGH	; beep after display init
00F325  1               
00F325  1               
00F325  1               
00F325  1               ; now do the signon message, Y = $00 here
00F325  1               LAB_signon
00F325  1  B9 A5 F8     	LDA	LAB_mess,Y		; get byte from sign on message
00F328  1  F0 06        	BEQ KYB_msg			; display next message
00F32A  1               
00F32A  1  20 F9 E0     	JSR	V_OUTP			; output character
00F32D  1  C8           	INY					; increment index
00F32E  1  D0 F5        	BNE	LAB_signon		; loop, branch always
00F330  1               
00F330  1               KYB_msg
00F330  1  20 DB F3     	JSR KYB_cwmmsg
00F333  1               
00F333  1               LAB_nokey
00F333  1  20 F6 E0     	JSR	V_INPT			; call scan input device
00F336  1  90 FB        	BCC	LAB_nokey		; loop if no key
00F338  1               
00F338  1  20 6A F3     	JSR	ACIAout			; output character
00F33B  1               
00F33B  1  29 DF        	AND	#$DF			; mask xx0x xxxx, ensure upper case
00F33D  1  C9 57        	CMP	#'W'			; compare with [W]arm start
00F33F  1  F0 13        	BEQ	LAB_dowarm		; branch if [W]arm start
00F341  1               
00F341  1  C9 4D            CMP #'M'
00F343  1  F0 1A            BEQ LAB_dowoz
00F345  1               
00F345  1  C9 43        	CMP	#'C'			; compare with [C]old start
00F347  1  D0 B7        	BNE RES_vec
00F349  1               
00F349  1  A9 0D        	LDA #$0D
00F34B  1  8D E0 BF     	STA A_txd			; clear keyboard screen
00F34E  1  20 BF F3     	JSR KYB_basmsg
00F351  1  4C 00 C0     	JMP	LAB_COLD		; do EhBASIC cold start
00F354  1               
00F354  1               LAB_dowarm
00F354  1  A9 0D        	LDA #$0D
00F356  1  8D E0 BF     	STA A_txd			; clear keyboard screen
00F359  1  20 BF F3     	JSR KYB_basmsg
00F35C  1  4C 00 00     	JMP	LAB_WARM		; do EhBASIC warm start
00F35F  1               LAB_dowoz
00F35F  1  A9 0D        	LDA #$0D
00F361  1  8D E0 BF     	STA A_txd			; clear keyboard screen
00F364  1  20 CD F3     	JSR KYB_wozmsg
00F367  1  4C 00 F0         JMP EWOZ
00F36A  1               
00F36A  1               ; byte out to simulated ACIA
00F36A  1               ACIAout
00F36A  1  48           	PHA
00F36B  1               SWait:
00F36B  1  AD F0 BF     	LDA	ACIAStatus
00F36E  1  29 02        	AND	#2
00F370  1  C9 02        	CMP	#2
00F372  1  D0 F7        	BNE	SWait
00F374  1  68           	PLA
00F375  1  8D F1 BF     	STA	ACIAData
00F378  1               
00F378  1               ; When screen is working insert screen text output code here
00F378  1  48           	PHA
00F379  1  20 4D F7     	JSR DISP_TEXT_WR
00F37C  1  68           	PLA
00F37D  1               
00F37D  1               ; end of screen output code
00F37D  1  60           	RTS						; end of ACIAout
00F37E  1               
00F37E  1               
00F37E  1               
00F37E  1               
00F37E  1               
00F37E  1               ; byte in from simulated ACIA
00F37E  1               
00F37E  1               ; byte out to keyboard 65c51
00F37E  1               KEYBout
00F37E  1  8D E0 BF     	STA A_txd			; send character to keyboard display
00F381  1  48           	PHA					; save A
00F382  1               
00F382  1  A9 FF        	LDA #$FF
00F384  1  8D 10 06     	STA MyDL
00F387  1               KEYDL				; Outer loop
00F387  1  A9 40        	LDA #$40
00F389  1  8D 11 06     	STA MyDL2
00F38C  1               KEYDL2				; Inner loop
00F38C  1  CE 11 06     	DEC MyDL2
00F38F  1  D0 FB        	BNE	KEYDL2
00F391  1               
00F391  1  CE 10 06     	DEC MyDL
00F394  1  D0 F1        	BNE KEYDL		; if not 0 increment more
00F396  1               
00F396  1  68           	PLA
00F397  1  60           	RTS
00F398  1               
00F398  1               LAB_WAIT_Rx
00F398  1  AD E1 BF         LDA A_sts       ; get ACIA status
00F39B  1  29 08            AND #$08        ; mask rx buffer status flag
00F39D  1  F0 F9            BEQ LAB_WAIT_Rx ; loop if rx buffer empty
00F39F  1               
00F39F  1  AD E0 BF         LDA A_rxd       ; get byte from ACIA data port
00F3A2  1               
00F3A2  1               
00F3A2  1               ; byte in from simulated ACIA (CONSOLE) or Keyboard
00F3A2  1               ACIAin
00F3A2  1  AD F0 BF     	LDA	ACIAStatus
00F3A5  1  29 01        	AND	#1
00F3A7  1  C9 01        	CMP	#1
00F3A9  1  D0 05        	BNE	NoDataIn
00F3AB  1  AD F1 BF     	LDA	ACIAData
00F3AE  1  38           	SEC		; Carry set if key available
00F3AF  1  60           	RTS
00F3B0  1               NoDataIn:	; nothing from console port
00F3B0  1  18           	CLC		; Carry clear if no key pressed
00F3B1  1               
00F3B1  1               KEY_RX		; we get here if there is no data from console
00F3B1  1  AD E1 BF         LDA A_sts       ; get ACIA status
00F3B4  1  29 08            AND #$08        ; mask rx buffer status flag
00F3B6  1  F0 05            BEQ KEYB_NoData ; skip if rx buffer empty
00F3B8  1               
00F3B8  1  AD E0 BF         LDA A_rxd       ; get byte from ACIA data port
00F3BB  1  38           	SEC				; Carry set if key available
00F3BC  1  60           	RTS
00F3BD  1               
00F3BD  1               KEYB_NoData
00F3BD  1  18           	CLC				; Carry clear if no key pressed
00F3BE  1  60           	RTS
00F3BF  1               
00F3BF  1               
00F3BF  1               ; Show "EhBASIC " on keyboard display
00F3BF  1               KYB_basmsg
00F3BF  1  A0 00        	LDY #$00
00F3C1  1               
00F3C1  1               KYB_basmsg_lp
00F3C1  1  B9 D7 F8     	LDA KYB_basmess_str,Y
00F3C4  1  F0 06        	BEQ	KYB_basmsg_exit	; exit loop if done
00F3C6  1               
00F3C6  1  20 7E F3     	JSR KEYBout			;
00F3C9  1  C8           	INY					; increment index
00F3CA  1  D0 F5        	BNE KYB_basmsg_lp	; loop, always
00F3CC  1               
00F3CC  1               KYB_basmsg_exit
00F3CC  1  60           	RTS
00F3CD  1               
00F3CD  1               ; Show "eWOZMON " on keyboard display
00F3CD  1               KYB_wozmsg
00F3CD  1  A0 00        	LDY #$00
00F3CF  1               
00F3CF  1               KYB_wozmsg_lp
00F3CF  1  B9 E2 F8     	LDA KYB_wozmess_str,Y
00F3D2  1  F0 06        	BEQ	KYB_wozmsg_exit	; exit loop if done
00F3D4  1               
00F3D4  1  20 7E F3     	JSR KEYBout			;
00F3D7  1  C8           	INY					; increment index
00F3D8  1  D0 F5        	BNE KYB_wozmsg_lp	; loop, always
00F3DA  1               
00F3DA  1               KYB_wozmsg_exit
00F3DA  1  60           	RTS
00F3DB  1               
00F3DB  1               ; send signon message to keyboard
00F3DB  1               KYB_cwmmsg
00F3DB  1  A0 00        	LDY #$00
00F3DD  1               
00F3DD  1               KYB_signon
00F3DD  1  B9 CD F8     	LDA KYB_mess,Y
00F3E0  1  F0 06        	BEQ	KEYB_exit		; exit loop if done
00F3E2  1               
00F3E2  1  20 7E F3     	JSR KEYBout			;
00F3E5  1  C8           	INY					; increment index
00F3E6  1  D0 F5        	BNE KYB_signon		; loop, always
00F3E8  1               KEYB_exit
00F3E8  1  60           	RTS
00F3E9  1               
00F3E9  1               ; empty load vector for EhBASIC
00F3E9  1               IO_LOAD
00F3E9  1  20 53 C7     	JSR LAB_GFPN		; Gets value of variable AFTER the command
00F3EC  1  A5 12        	LDA Itemph			; This is the high byte of the value
00F3EE  1  20 14 F1     	JSR PRBYTE
00F3F1  1  A5 11        	LDA Itempl			; This is the low byte of the value
00F3F3  1  20 14 F1     	JSR PRBYTE
00F3F6  1  60           	RTS
00F3F7  1               ; empty save vector for EhBASIC
00F3F7  1               IO_SAVE
00F3F7  1  60           	RTS
00F3F8  1               ; empty DIR vector for EhBASIC
00F3F8  1               IO_DIR
00F3F8  1  20 D2 F7     	JSR PWR_BEEP_HIGH
00F3FB  1  60           	RTS
00F3FC  1               IO_CLS
00F3FC  1  20 49 F6     	JSR DISP_CLS
00F3FF  1  60           	RTS
00F400  1               
00F400  1               
00F400  1               
00F400  1               ; ----- DISPLAY BITS
00F400  1               ; display driver for the LT6502 project using the RA8875 driver
00F400  1               ; the display is set to 800x480 pixels
00F400  1               DISP_INIT
00F400  1               		; write to reg 0 and read back driver chip number
00F400  1  A9 00        	LDA #$00
00F402  1  8D D1 BF     	STA DISP_RG
00F405  1  20 AB F7     	JSR DISP_CHK_BUSY
00F408  1  AD D0 BF     	LDA DISP_DT
00F40B  1  C9 75        	CMP #$75		;$75 means it's an RA8875 driver chip
00F40D  1  F0 03        	BEQ DISP_OK
00F40F  1  4C 89 F5     	JMP DISP_ERR
00F412  1               
00F412  1               DISP_OK
00F412  1               		; soft reset
00F412  1  A9 01        	LDA #$01
00F414  1  8D D1 BF     	STA DISP_RG
00F417  1  8D D0 BF     	STA DISP_DT
00F41A  1  20 AB F7     	JSR DISP_CHK_BUSY
00F41D  1  A9 01        	LDA #$01
00F41F  1  8D D1 BF     	STA DISP_RG
00F422  1  A9 00        	LDA #$00
00F424  1  8D D0 BF     	STA DISP_DT
00F427  1  20 AB F7     	JSR DISP_CHK_BUSY
00F42A  1               
00F42A  1               		; PLL init (800x480)
00F42A  1  A9 88        	LDA #$88
00F42C  1  8D D1 BF     	STA DISP_RG
00F42F  1  A9 0A        	LDA #$0A
00F431  1  8D D0 BF     	STA DISP_DT
00F434  1  20 AB F7     	JSR DISP_CHK_BUSY
00F437  1  A9 89        	LDA #$89
00F439  1  8D D1 BF     	STA DISP_RG
00F43C  1  A9 02        	LDA #$02
00F43E  1  8D D0 BF     	STA DISP_DT
00F441  1  20 AB F7     	JSR DISP_CHK_BUSY
00F444  1               
00F444  1               		; Set colour depth and interface width
00F444  1  A9 10        	LDA #$10
00F446  1  8D D1 BF     	STA DISP_RG
00F449  1  A9 00        	LDA #$00
00F44B  1  8D D0 BF     	STA DISP_DT
00F44E  1  20 AB F7     	JSR DISP_CHK_BUSY
00F451  1               
00F451  1               		; Set pixelclk
00F451  1  A9 04        	LDA #$04
00F453  1  8D D1 BF     	STA DISP_RG
00F456  1  A9 81        	LDA #$81
00F458  1  8D D0 BF     	STA DISP_DT
00F45B  1  20 AB F7     	JSR DISP_CHK_BUSY
00F45E  1               
00F45E  1               		; Horizontal set
00F45E  1  A9 14        	LDA #$14
00F460  1  8D D1 BF     	STA DISP_RG
00F463  1  A9 63        	LDA #$63
00F465  1  8D D0 BF     	STA DISP_DT
00F468  1  20 AB F7     	JSR DISP_CHK_BUSY
00F46B  1  A9 15        	LDA #$15
00F46D  1  8D D1 BF     	STA DISP_RG
00F470  1  A9 00        	LDA #$00
00F472  1  8D D0 BF     	STA DISP_DT
00F475  1  20 AB F7     	JSR DISP_CHK_BUSY
00F478  1  A9 16        	LDA #$16
00F47A  1  8D D1 BF     	STA DISP_RG
00F47D  1  A9 03        	LDA #$03
00F47F  1  8D D0 BF     	STA DISP_DT
00F482  1  20 AB F7     	JSR DISP_CHK_BUSY
00F485  1  A9 17        	LDA #$17
00F487  1  8D D1 BF     	STA DISP_RG
00F48A  1  A9 03        	LDA #$03
00F48C  1  8D D0 BF     	STA DISP_DT
00F48F  1  20 AB F7     	JSR DISP_CHK_BUSY
00F492  1  A9 18        	LDA #$18
00F494  1  8D D1 BF     	STA DISP_RG
00F497  1  A9 0B        	LDA #$0B
00F499  1  8D D0 BF     	STA DISP_DT
00F49C  1  20 AB F7     	JSR DISP_CHK_BUSY
00F49F  1               
00F49F  1               		; Vertical set
00F49F  1  A9 19        	LDA #$19
00F4A1  1  8D D1 BF     	STA DISP_RG
00F4A4  1  A9 DF        	LDA #$DF
00F4A6  1  8D D0 BF     	STA DISP_DT
00F4A9  1  20 AB F7     	JSR DISP_CHK_BUSY
00F4AC  1  A9 1A        	LDA #$1A
00F4AE  1  8D D1 BF     	STA DISP_RG
00F4B1  1  A9 01        	LDA #$01
00F4B3  1  8D D0 BF     	STA DISP_DT
00F4B6  1  20 AB F7     	JSR DISP_CHK_BUSY
00F4B9  1  A9 1B        	LDA #$1B
00F4BB  1  8D D1 BF     	STA DISP_RG
00F4BE  1  A9 1F        	LDA #$1F
00F4C0  1  8D D0 BF     	STA DISP_DT
00F4C3  1  20 AB F7     	JSR DISP_CHK_BUSY
00F4C6  1  A9 1C        	LDA #$1C
00F4C8  1  8D D1 BF     	STA DISP_RG
00F4CB  1  A9 00        	LDA #$00
00F4CD  1  8D D0 BF     	STA DISP_DT
00F4D0  1  20 AB F7     	JSR DISP_CHK_BUSY
00F4D3  1  A9 1D        	LDA #$1D
00F4D5  1  8D D1 BF     	STA DISP_RG
00F4D8  1  A9 16        	LDA #$16
00F4DA  1  8D D0 BF     	STA DISP_DT
00F4DD  1  20 AB F7     	JSR DISP_CHK_BUSY
00F4E0  1  A9 1E        	LDA #$1E
00F4E2  1  8D D1 BF     	STA DISP_RG
00F4E5  1  A9 00        	LDA #$00
00F4E7  1  8D D0 BF     	STA DISP_DT
00F4EA  1  20 AB F7     	JSR DISP_CHK_BUSY
00F4ED  1  A9 1F        	LDA #$1F
00F4EF  1  8D D1 BF     	STA DISP_RG
00F4F2  1  A9 01        	LDA #$01
00F4F4  1  8D D0 BF     	STA DISP_DT
00F4F7  1  20 AB F7     	JSR DISP_CHK_BUSY
00F4FA  1               
00F4FA  1               		; Active window
00F4FA  1  A9 30        	LDA #$30
00F4FC  1  8D D1 BF     	STA DISP_RG
00F4FF  1  A9 00        	LDA #$00
00F501  1  8D D0 BF     	STA DISP_DT
00F504  1  20 AB F7     	JSR DISP_CHK_BUSY
00F507  1  A9 31        	LDA #$31
00F509  1  8D D1 BF     	STA DISP_RG
00F50C  1  A9 00        	LDA #$00
00F50E  1  8D D0 BF     	STA DISP_DT
00F511  1  20 AB F7     	JSR DISP_CHK_BUSY
00F514  1  A9 34        	LDA #$34
00F516  1  8D D1 BF     	STA DISP_RG
00F519  1  A9 1F        	LDA #$1F
00F51B  1  8D D0 BF     	STA DISP_DT
00F51E  1  20 AB F7     	JSR DISP_CHK_BUSY
00F521  1  A9 35        	LDA #$35
00F523  1  8D D1 BF     	STA DISP_RG
00F526  1  A9 03        	LDA #$03
00F528  1  8D D0 BF     	STA DISP_DT
00F52B  1  20 AB F7     	JSR DISP_CHK_BUSY
00F52E  1  A9 32        	LDA #$32
00F530  1  8D D1 BF     	STA DISP_RG
00F533  1  A9 00        	LDA #$00
00F535  1  8D D0 BF     	STA DISP_DT
00F538  1  20 AB F7     	JSR DISP_CHK_BUSY
00F53B  1  A9 33        	LDA #$33
00F53D  1  8D D1 BF     	STA DISP_RG
00F540  1  A9 00        	LDA #$00
00F542  1  8D D0 BF     	STA DISP_DT
00F545  1  20 AB F7     	JSR DISP_CHK_BUSY
00F548  1  A9 36        	LDA #$36
00F54A  1  8D D1 BF     	STA DISP_RG
00F54D  1  A9 DF        	LDA #$DF
00F54F  1  8D D0 BF     	STA DISP_DT
00F552  1  20 AB F7     	JSR DISP_CHK_BUSY
00F555  1  A9 37        	LDA #$37
00F557  1  8D D1 BF     	STA DISP_RG
00F55A  1  A9 01        	LDA #$01
00F55C  1  8D D0 BF     	STA DISP_DT
00F55F  1  20 AB F7     	JSR DISP_CHK_BUSY
00F562  1               
00F562  1               		; Display on
00F562  1  A9 01        	LDA #$01
00F564  1  8D D1 BF     	STA DISP_RG
00F567  1  A9 80        	LDA #$80
00F569  1  8D D0 BF     	STA DISP_DT
00F56C  1  20 AB F7     	JSR DISP_CHK_BUSY
00F56F  1  A9 C7        	LDA #$C7
00F571  1  8D D1 BF     	STA DISP_RG
00F574  1  A9 01        	LDA #$01
00F576  1  8D D0 BF     	STA DISP_DT
00F579  1  20 AB F7     	JSR DISP_CHK_BUSY
00F57C  1               
00F57C  1  20 90 F5     	JSR DISP_CLR_SCREEN
00F57F  1  20 56 F6     	JSR DISP_TEXT_MODE
00F582  1               
00F582  1  20 A5 F6     	JSR DISP_CURSOR_SETXY
00F585  1  20 25 F7     	JSR DISP_TEXT_COLOUR
00F588  1               
00F588  1  60           	RTS
00F589  1               	; end of DISP_INIT
00F589  1               
00F589  1               DISP_ERR				; Show error message
00F589  1  8D 22 06     	STA MyERR
00F58C  1  20 B5 F7     	JSR DISP_flt
00F58F  1  60           	RTS
00F590  1               
00F590  1               DISP_CLR_SCREEN			; Fills the screen with black
00F590  1  48           	PHA
00F591  1  DA           	PHX
00F592  1  5A           	PHY
00F593  1               
00F593  1  A9 91        	LDA #$91
00F595  1  8D D1 BF     	STA DISP_RG
00F598  1  A9 00        	LDA #$00
00F59A  1  8D D0 BF     	STA DISP_DT
00F59D  1  20 AB F7     	JSR DISP_CHK_BUSY
00F5A0  1  A9 92        	LDA #$92
00F5A2  1  8D D1 BF     	STA DISP_RG
00F5A5  1  A9 00        	LDA #$00
00F5A7  1  8D D0 BF     	STA DISP_DT
00F5AA  1  20 AB F7     	JSR DISP_CHK_BUSY
00F5AD  1  A9 93        	LDA #$93
00F5AF  1  8D D1 BF     	STA DISP_RG
00F5B2  1  A9 00        	LDA #$00
00F5B4  1  8D D0 BF     	STA DISP_DT
00F5B7  1  20 AB F7     	JSR DISP_CHK_BUSY
00F5BA  1  A9 94        	LDA #$94
00F5BC  1  8D D1 BF     	STA DISP_RG
00F5BF  1  A9 00        	LDA #$00
00F5C1  1  8D D0 BF     	STA DISP_DT
00F5C4  1  20 AB F7     	JSR DISP_CHK_BUSY
00F5C7  1  A9 95        	LDA #$95
00F5C9  1  8D D1 BF     	STA DISP_RG
00F5CC  1  A9 1F        	LDA #$1F
00F5CE  1  8D D0 BF     	STA DISP_DT
00F5D1  1  20 AB F7     	JSR DISP_CHK_BUSY
00F5D4  1  A9 96        	LDA #$96
00F5D6  1  8D D1 BF     	STA DISP_RG
00F5D9  1  A9 03        	LDA #$03
00F5DB  1  8D D0 BF     	STA DISP_DT
00F5DE  1  20 AB F7     	JSR DISP_CHK_BUSY
00F5E1  1  A9 97        	LDA #$97
00F5E3  1  8D D1 BF     	STA DISP_RG
00F5E6  1  A9 DF        	LDA #$DF
00F5E8  1  8D D0 BF     	STA DISP_DT
00F5EB  1  20 AB F7     	JSR DISP_CHK_BUSY
00F5EE  1  A9 98        	LDA #$98
00F5F0  1  8D D1 BF     	STA DISP_RG
00F5F3  1  A9 01        	LDA #$01
00F5F5  1  8D D0 BF     	STA DISP_DT
00F5F8  1  20 AB F7     	JSR DISP_CHK_BUSY
00F5FB  1               
00F5FB  1  A9 63        	LDA #$63				; RED colour, bits 0,1,2
00F5FD  1  8D D1 BF     	STA DISP_RG
00F600  1  A9 00        	LDA #$00
00F602  1  8D D0 BF     	STA DISP_DT
00F605  1  20 AB F7     	JSR DISP_CHK_BUSY
00F608  1  A9 64        	LDA #$64				; GREEN colour, bits 0,1,2
00F60A  1  8D D1 BF     	STA DISP_RG
00F60D  1  A9 00        	LDA #$00
00F60F  1  8D D0 BF     	STA DISP_DT
00F612  1  20 AB F7     	JSR DISP_CHK_BUSY
00F615  1  A9 65        	LDA #$65				; BLUE colour, bits 0,1
00F617  1  8D D1 BF     	STA DISP_RG
00F61A  1  A9 00        	LDA #$00
00F61C  1  8D D0 BF     	STA DISP_DT
00F61F  1  20 AB F7     	JSR DISP_CHK_BUSY
00F622  1  A9 90        	LDA #$90				; Start fill
00F624  1  8D D1 BF     	STA DISP_RG
00F627  1  A9 B0        	LDA #$B0
00F629  1  8D D0 BF     	STA DISP_DT
00F62C  1  20 AB F7     	JSR DISP_CHK_BUSY
00F62F  1               
00F62F  1               DISP_fillcomp
00F62F  1  A9 90        	LDA #$90				; CHECK IF WE'RE DONE
00F631  1  8D D1 BF     	STA DISP_RG
00F634  1  AD D0 BF     	LDA DISP_DT				; read status
00F637  1  20 AB F7     	JSR DISP_CHK_BUSY
00F63A  1               
00F63A  1               DISP_resetxy
00F63A  1  A9 00        	LDA #$00			; reset current coloumn and row
00F63C  1  8D 24 06     	STA DISP_ccol
00F63F  1  8D 25 06     	STA DISP_crow
00F642  1  20 A5 F6     	JSR DISP_CURSOR_SETXY
00F645  1               
00F645  1  7A           	PLY
00F646  1  FA           	PLX
00F647  1  68           	PLA
00F648  1               
00F648  1  60           	RTS
00F649  1               
00F649  1               DISP_CLS
00F649  1  20 90 F5     	JSR DISP_CLR_SCREEN
00F64C  1  20 56 F6     	JSR DISP_TEXT_MODE
00F64F  1               
00F64F  1  20 A5 F6     	JSR DISP_CURSOR_SETXY
00F652  1  20 25 F7     	JSR DISP_TEXT_COLOUR
00F655  1  60           	RTS
00F656  1               
00F656  1               DISP_TEXT_MODE
00F656  1  A9 40        	LDA #$40
00F658  1  8D D1 BF     	STA DISP_RG
00F65B  1  A9 E0        	LDA #$E0
00F65D  1  8D D0 BF     	STA DISP_DT
00F660  1  20 AB F7     	JSR DISP_CHK_BUSY
00F663  1  A9 44        	LDA #$44
00F665  1  8D D1 BF     	STA DISP_RG
00F668  1  A9 20        	LDA #$20
00F66A  1  8D D0 BF     	STA DISP_DT
00F66D  1  20 AB F7     	JSR DISP_CHK_BUSY
00F670  1               
00F670  1  A9 21        	LDA #$21			; FONT control register 0
00F672  1  8D D1 BF     	STA DISP_RG
00F675  1  A9 00        	LDA #$00
00F677  1  8D D0 BF     	STA DISP_DT
00F67A  1  20 AB F7     	JSR DISP_CHK_BUSY
00F67D  1               
00F67D  1  A9 22        	LDA #$22			; FONT control register 1
00F67F  1  8D D1 BF     	STA DISP_RG
00F682  1  A9 00        	LDA #$00
00F684  1  8D D0 BF     	STA DISP_DT
00F687  1  20 AB F7     	JSR DISP_CHK_BUSY
00F68A  1               
00F68A  1  A9 29        	LDA #$29			; FONT distance setting register
00F68C  1  8D D1 BF     	STA DISP_RG
00F68F  1  A9 00        	LDA #$00
00F691  1  8D D0 BF     	STA DISP_DT
00F694  1  20 AB F7     	JSR DISP_CHK_BUSY
00F697  1               
00F697  1  A9 2E        	LDA #$2E			; FONT write type setting register
00F699  1  8D D1 BF     	STA DISP_RG
00F69C  1  A9 00        	LDA #$00
00F69E  1  8D D0 BF     	STA DISP_DT
00F6A1  1  20 AB F7     	JSR DISP_CHK_BUSY
00F6A4  1               
00F6A4  1  60           	RTS
00F6A5  1               
00F6A5  1               DISP_CURSOR_SETXY
00F6A5  1  A9 00        	LDA #$00
00F6A7  1  8D 51 06     	STA MyTEMP2
00F6AA  1  AD 24 06     	LDA DISP_ccol
00F6AD  1  8D 50 06     	STA MyTEMP  		; this holds the low byte for X
00F6B0  1  18           	CLC
00F6B1  1  2E 50 06     	ROL MyTEMP			; multiply by 8 as each character is 8 bits wide
00F6B4  1  2E 51 06     	ROL MyTEMP2
00F6B7  1  18           	CLC
00F6B8  1  2E 50 06     	ROL MyTEMP
00F6BB  1  2E 51 06     	ROL MyTEMP2
00F6BE  1  18           	CLC
00F6BF  1  2E 50 06     	ROL MyTEMP
00F6C2  1  2E 51 06     	ROL MyTEMP2
00F6C5  1               
00F6C5  1  A9 2A        	LDA #$2A
00F6C7  1  8D D1 BF     	STA DISP_RG
00F6CA  1  AD 50 06     	LDA MyTEMP			; x position low byts
00F6CD  1  8D D0 BF     	STA DISP_DT
00F6D0  1  20 AB F7     	JSR DISP_CHK_BUSY
00F6D3  1  A9 2B        	LDA #$2B
00F6D5  1  8D D1 BF     	STA DISP_RG
00F6D8  1  AD 51 06     	LDA MyTEMP2			; x position high byte
00F6DB  1  8D D0 BF     	STA DISP_DT
00F6DE  1  20 AB F7     	JSR DISP_CHK_BUSY
00F6E1  1               
00F6E1  1  A9 00        	LDA #$00
00F6E3  1  8D 51 06     	STA MyTEMP2			; this holds the high byte for Y
00F6E6  1               
00F6E6  1  AD 25 06     	LDA DISP_crow
00F6E9  1  8D 50 06     	STA MyTEMP  		; this holds the low byte for Y
00F6EC  1  18           	CLC
00F6ED  1  2E 50 06     	ROL MyTEMP			; multiply by 16 as each character is 16 bits high
00F6F0  1  2E 51 06     	ROL MyTEMP2
00F6F3  1  18           	CLC
00F6F4  1  2E 50 06     	ROL MyTEMP
00F6F7  1  2E 51 06     	ROL MyTEMP2
00F6FA  1  18           	CLC
00F6FB  1  2E 50 06     	ROL MyTEMP
00F6FE  1  2E 51 06     	ROL MyTEMP2
00F701  1  18           	CLC
00F702  1  2E 50 06     	ROL MyTEMP
00F705  1  2E 51 06     	ROL MyTEMP2
00F708  1               
00F708  1  A9 2C        	LDA #$2C
00F70A  1  8D D1 BF     	STA DISP_RG
00F70D  1  AD 50 06     	LDA MyTEMP			; y position low byts
00F710  1  8D D0 BF     	STA DISP_DT
00F713  1  20 AB F7     	JSR DISP_CHK_BUSY
00F716  1  A9 2D        	LDA #$2D
00F718  1  8D D1 BF     	STA DISP_RG
00F71B  1  AD 51 06     	LDA MyTEMP2			; y position high byts
00F71E  1  8D D0 BF     	STA DISP_DT
00F721  1  20 AB F7     	JSR DISP_CHK_BUSY
00F724  1               
00F724  1  60           	RTS
00F725  1               
00F725  1               DISP_TEXT_COLOUR
00F725  1  A9 63        	LDA #$63			; RED colour, bits 0,1,2
00F727  1  8D D1 BF     	STA DISP_RG
00F72A  1  A9 03        	LDA #$03
00F72C  1  8D D0 BF     	STA DISP_DT
00F72F  1  20 AB F7     	JSR DISP_CHK_BUSY
00F732  1  A9 64        	LDA #$64			; GREEN colour, bits 0,1,2
00F734  1  8D D1 BF     	STA DISP_RG
00F737  1  A9 01        	LDA #$01
00F739  1  8D D0 BF     	STA DISP_DT
00F73C  1  20 AB F7     	JSR DISP_CHK_BUSY
00F73F  1  A9 65        	LDA #$65			; BLUE colour, bits 0,1,2
00F741  1  8D D1 BF     	STA DISP_RG
00F744  1  A9 00        	LDA #$00
00F746  1  8D D0 BF     	STA DISP_DT
00F749  1  20 AB F7     	JSR DISP_CHK_BUSY
00F74C  1  60           	RTS
00F74D  1               
00F74D  1               DISP_TEXT_WR
00F74D  1  8D 23 06     	STA DISP_temp		; Save character
00F750  1               
00F750  1  AD 23 06     	LDA DISP_temp
00F753  1  C9 20        	CMP #$20				; check for regular character
00F755  1  30 18        	BMI DISP_text_nonascii
00F757  1               
00F757  1  C9 7F        	CMP #$7F				; check for delete character
00F759  1  F0 4A        	BEQ DISP_textexit		; for now we ignore it
00F75B  1               
00F75B  1               DISP_normalchar
00F75B  1               ;	jsr DISP_CURSOR_SETXY	; adding this double spaces everything, but backspace behaves
00F75B  1               
00F75B  1  A9 02        	LDA #$02
00F75D  1  8D D1 BF     	STA DISP_RG			; send "WRITE TEXT COMMAND"
00F760  1  AD 23 06     	LDA DISP_temp
00F763  1  8D D0 BF     	STA DISP_DT			; send to display
00F766  1  20 AB F7     	JSR DISP_CHK_BUSY
00F769  1  EE 24 06     	INC DISP_ccol		; increase coloumn counter (needed for backspace)
00F76C  1  4C A5 F7     	JMP DISP_textexit
00F76F  1               			; no need to word wrap as display does this automatically
00F76F  1               
00F76F  1               DISP_text_nonascii
00F76F  1  AD 23 06     	LDA DISP_temp
00F772  1  C9 08        	CMP #$08				; check for backspace
00F774  1  D0 10        	BNE DISP_textcheckCR
00F776  1               
00F776  1  AD 24 06     	LDA DISP_ccol				;? holds correct value
00F779  1  C9 00        	CMP #$00				; don't do anything if at col 0
00F77B  1  F0 28        	BEQ DISP_textexit
00F77D  1               
00F77D  1  CE 24 06     	DEC DISP_ccol				;? holds correct updated value
00F780  1  20 A5 F6     	JSR DISP_CURSOR_SETXY		;? but jumps forward???
00F783  1  4C A5 F7     	JMP DISP_textexit
00F786  1               
00F786  1               DISP_textcheckCR
00F786  1  AD 23 06     	LDA DISP_temp
00F789  1  C9 0D        	CMP #$0D				; check for CR
00F78B  1  D0 0B        	BNE DISP_text_checkLF
00F78D  1               
00F78D  1  A9 00        	LDA #$00				; do carriage return
00F78F  1  8D 24 06     	STA DISP_ccol
00F792  1  20 A5 F6     	JSR DISP_CURSOR_SETXY
00F795  1  4C A5 F7     	JMP DISP_textexit
00F798  1               
00F798  1               DISP_text_checkLF
00F798  1  AD 23 06     	LDA DISP_temp
00F79B  1  C9 0A        	CMP #$0A				; check for LF
00F79D  1  D0 06        	BNE DISP_textexit
00F79F  1               	; TODO add in scrolling if needed (USING BLOCK TRANSFER ENGINE) maybe make a function
00F79F  1  EE 25 06     	INC DISP_crow
00F7A2  1  20 A5 F6     	JSR DISP_CURSOR_SETXY
00F7A5  1               
00F7A5  1               DISP_textexit
00F7A5  1  A9 00        	LDA #$00
00F7A7  1  8D 23 06     	STA DISP_temp		; clear temp variable
00F7AA  1  60           	RTS
00F7AB  1               
00F7AB  1               
00F7AB  1               DISP_CHK_BUSY			; Read BIT2 from Glue, if it's LOW the display is busy
00F7AB  1  AD D2 BF     	LDA DISP_WAIT		; Get wait status
00F7AE  1  29 04        	AND #$04			; it's in BIT2
00F7B0  1  C9 04        	CMP #$04			; Compare bit2
00F7B2  1  D0 F7        	BNE DISP_CHK_BUSY	; if it's not the same, i.e. it's ZERO then recheck
00F7B4  1  60           	RTS					; else return, i.e. display is ready
00F7B5  1               
00F7B5  1               ; DISPLAY ERROR
00F7B5  1               DISP_flt
00F7B5  1  A0 00        	LDY #$00
00F7B7  1               
00F7B7  1               DISP_flt_lp				; Display error message
00F7B7  1  B9 ED F8     	LDA ERR_disp,Y
00F7BA  1  F0 09        	BEQ	DISP_flt_exit	; exit loop if done
00F7BC  1  20 6A F3     	JSR ACIAout			; Send to console
00F7BF  1  20 7E F3     	JSR KEYBout			; Send to keyboard display
00F7C2  1  C8           	INY					; increment index
00F7C3  1  D0 F2        	BNE DISP_flt_lp	; loop, always
00F7C5  1               
00F7C5  1               DISP_flt_exit
00F7C5  1  AD 22 06     	LDA MyERR
00F7C8  1  20 14 F1     	JSR PRBYTE			; Add byte to error message
00F7CB  1  AD 22 06     	LDA MyERR
00F7CE  1  20 7E F3     	JSR KEYBout			; show on keyboard (may get weird things)
00F7D1  1  60           	RTS
00F7D2  1               ; ------ END OF DISPLAY BITS
00F7D2  1               
00F7D2  1               
00F7D2  1               ; ------ BEEPS
00F7D2  1               ; HIGH BEEP
00F7D2  1               PWR_BEEP_HIGH
00F7D2  1  A9 7F        	LDA #BEEP_PW2		; PULSE WIDTH
00F7D4  1  8D 10 06     	STA MyDL
00F7D7  1               
00F7D7  1  A9 20        	LDA #BEEP_LN		; LENGTH
00F7D9  1  8D 11 06     	STA MyDL2
00F7DC  1               
00F7DC  1               BEEP_LP3
00F7DC  1  A9 FF        	LDA #$FF
00F7DE  1  8D A0 BF     	STA A_Beeper
00F7E1  1  20 6B F8     	JSR DELAY1
00F7E4  1  CE 10 06     	DEC MyDL
00F7E7  1  D0 F3        	BNE BEEP_LP3
00F7E9  1               
00F7E9  1  A9 7F        	LDA #BEEP_PW2
00F7EB  1  8D 10 06     	STA MyDL
00F7EE  1               
00F7EE  1               BEEP_LP4
00F7EE  1  A9 00        	LDA #$00
00F7F0  1  8D A0 BF     	STA A_Beeper
00F7F3  1  20 6B F8     	JSR DELAY1
00F7F6  1  CE 10 06     	DEC MyDL
00F7F9  1  D0 F3        	BNE BEEP_LP4
00F7FB  1               
00F7FB  1  CE 11 06     	DEC MyDL2
00F7FE  1  D0 DC        	BNE BEEP_LP3
00F800  1               
00F800  1  60           	RTS
00F801  1               
00F801  1               ; LOW BEEP
00F801  1               PWR_BEEP_LOW
00F801  1  5A           	PHY
00F802  1  DA           	PHX
00F803  1  48           	PHA
00F804  1  A9 FF        	LDA #BEEP_PW		; PULSE WIDTH
00F806  1  8D 10 06     	STA MyDL
00F809  1               
00F809  1  A9 20        	LDA #BEEP_LN		; LENGTH
00F80B  1  8D 11 06     	STA MyDL2
00F80E  1               
00F80E  1               BEEP_LOW1
00F80E  1  A9 FF        	LDA #$FF
00F810  1  8D A0 BF     	STA A_Beeper
00F813  1  20 6B F8     	JSR DELAY1
00F816  1  CE 10 06     	DEC MyDL
00F819  1  D0 F3        	BNE BEEP_LOW1
00F81B  1               
00F81B  1  A9 FF        	LDA #BEEP_PW
00F81D  1  8D 10 06     	STA MyDL
00F820  1               
00F820  1               BEEP_LOW2
00F820  1  A9 00        	LDA #$00
00F822  1  8D A0 BF     	STA A_Beeper
00F825  1  20 6B F8     	JSR DELAY1
00F828  1  CE 10 06     	DEC MyDL
00F82B  1  D0 F3        	BNE BEEP_LOW2
00F82D  1               
00F82D  1  CE 11 06     	DEC MyDL2
00F830  1  D0 DC        	BNE BEEP_LOW1
00F832  1               
00F832  1  68           	PLA
00F833  1  FA           	PLX
00F834  1  7A           	PLY
00F835  1  60           	RTS
00F836  1               
00F836  1               ; ERROR BEEP
00F836  1               ; LOW BEEP
00F836  1               ERROR_BEEP
00F836  1  5A           	PHY
00F837  1  DA           	PHX
00F838  1  48           	PHA
00F839  1  A9 FF        	LDA #BEEP_PW		; PULSE WIDTH
00F83B  1  8D 10 06     	STA MyDL
00F83E  1               
00F83E  1  A9 20        	LDA #BEEP_LN		; LENGTH
00F840  1  8D 11 06     	STA MyDL2
00F843  1               
00F843  1               ERROR_BEEP_lp1
00F843  1  A9 FF        	LDA #$FF
00F845  1  8D A0 BF     	STA A_Beeper
00F848  1  20 76 F8     	JSR DELAY2
00F84B  1  CE 10 06     	DEC MyDL
00F84E  1  D0 F3        	BNE ERROR_BEEP_lp1
00F850  1               
00F850  1  A9 FF        	LDA #BEEP_PW
00F852  1  8D 10 06     	STA MyDL
00F855  1               
00F855  1               ERROR_BEEP_lp2
00F855  1  A9 00        	LDA #$00
00F857  1  8D A0 BF     	STA A_Beeper
00F85A  1  20 76 F8     	JSR DELAY2
00F85D  1  CE 10 06     	DEC MyDL
00F860  1  D0 F3        	BNE ERROR_BEEP_lp2
00F862  1               
00F862  1  CE 11 06     	DEC MyDL2
00F865  1  D0 DC        	BNE ERROR_BEEP_lp1
00F867  1               
00F867  1  68           	PLA
00F868  1  FA           	PLX
00F869  1  7A           	PLY
00F86A  1               
00F86A  1  60           	RTS
00F86B  1               
00F86B  1               ; ------ END BEEPS
00F86B  1               
00F86B  1               
00F86B  1               ; Delay loop for random things
00F86B  1               DELAY1
00F86B  1  A9 05        	LDA #DELAY_LEN1
00F86D  1  8D 12 06     	STA MyDL3
00F870  1               
00F870  1               DELAY1_LP
00F870  1  CE 12 06     	DEC MyDL3
00F873  1  D0 FB        	BNE DELAY1_LP
00F875  1               
00F875  1  60           	RTS
00F876  1               
00F876  1               DELAY2
00F876  1  A9 05        	LDA #DELAY_LEN1
00F878  1  8D 12 06     	STA MyDL3
00F87B  1               
00F87B  1               DELAY2_LP
00F87B  1  EA           	NOP
00F87C  1  EA           	NOP
00F87D  1  EA           	NOP
00F87E  1  EA           	NOP
00F87F  1  CE 12 06     	DEC MyDL3
00F882  1  D0 EC        	BNE DELAY1_LP
00F884  1               
00F884  1  60           	RTS
00F885  1               
00F885  1               
00F885  1               ; vector tables
00F885  1               LAB_vec
00F885  1  A2 F3        	.word	ACIAin		; byte in from simulated ACIA  	EhBASIC = V_INPT
00F887  1  6A F3        	.word	ACIAout		; byte out to simulated ACIA   	EhBASIC = V_OUTP
00F889  1  E9 F3        	.word	IO_LOAD		; load vector for EhBASIC		EhBASIC = V_LOAD
00F88B  1  F7 F3        	.word	IO_SAVE		; save vector for EhBASIC		EhBASIC = V_SAVE
00F88D  1  F8 F3        	.word   IO_DIR		; dir vector for EhBASIC		EhBASIC = V_DIR
00F88F  1  FC F3        	.word 	IO_CLS		; CLS vector for EhBASIC		EhBASIC = V_CLS
00F891  1               
00F891  1               ; EhBASIC IRQ support
00F891  1               IRQ_CODE
00F891  1  48           	PHA				; save A
00F892  1  A5 DF        	LDA	IrqBase		; get the IRQ flag byte
00F894  1  4A           	LSR				; shift the set b7 to b6, and on down ...
00F895  1  05 DF        	ORA	IrqBase		; OR the original back in
00F897  1  85 DF        	STA	IrqBase		; save the new IRQ flag byte
00F899  1  68           	PLA				; restore A
00F89A  1  40           	RTI
00F89B  1               
00F89B  1               ; EhBASIC NMI support
00F89B  1               NMI_CODE
00F89B  1  48           	PHA				; save A
00F89C  1  A5 DC        	LDA	NmiBase		; get the NMI flag byte
00F89E  1  4A           	LSR				; shift the set b7 to b6, and on down ...
00F89F  1  05 DC        	ORA	NmiBase		; OR the original back in
00F8A1  1  85 DC        	STA	NmiBase		; save the new NMI flag byte
00F8A3  1  68           	PLA				; restore A
00F8A4  1  40           	RTI
00F8A5  1               
00F8A5  1               
00F8A5  1               
00F8A5  1               
00F8A5  1               END_CODE
00F8A5  1               
00F8A5  1               LAB_mess 					; sign on string (Console)
00F8A5  1  0D 4C 54 36  	.byte	$0D,"LT6502 - [C]Cold/[W]arm or [M]onitor ?",$00
00F8A9  1  35 30 32 20  
00F8AD  1  2D 20 5B 43  
00F8CD  1               
00F8CD  1               KYB_mess					; sign on string (Keyboard)
00F8CD  1  0D 43 2F 57  	.byte	$0D,"C/W/M ? ",$00
00F8D1  1  2F 4D 20 3F  
00F8D5  1  20 00        
00F8D7  1               KYB_basmess_str
00F8D7  1  0D 0D 45 68  	.byte	$0D,$0D,"EhBASIC ",$00
00F8DB  1  42 41 53 49  
00F8DF  1  43 20 00     
00F8E2  1               KYB_wozmess_str
00F8E2  1  0D 0D 65 57  	.byte	$0D,$0D,"eWOZMON ",$00
00F8E6  1  4F 5A 4D 4F  
00F8EA  1  4E 20 00     
00F8ED  1               
00F8ED  1               ERR_disp
00F8ED  1  0D 0A 44 5F  	.byte	$0D,$0A,"D_ERR:",$00
00F8F1  1  45 52 52 3A  
00F8F5  1  00           
00F8F6  1               
00F8F6  1               
00F8F6  1               ; system vectors
00F8F6  1               
00F8F6  1               	.segment "VECTS"
00F8F6  1               	.org	$FFFA
00FFFA  1               
00FFFA  1  17 02        	.word	NMI_vec		; NMI vector
00FFFC  1  00 F3        	.word	RES_vec		; RESET vector
00FFFE  1  0D 02        	.word	IRQ_vec		; IRQ vector
010000  1               
010000  1               
